,species,region,Horizontal interesomatic distance (um),Vertical interesomatic distance (um),Presynaptic layer,Presynaptic gene expression,Presynaptic synapse class,Presynaptic gid,Postsynaptic layer,Postsynaptic gene expression,Postsynaptic synapse class,Postsynaptic gid,dataset,notes,connected,PSP amplitude (mV),PSP rise time (ms),PSP decay tau (ms),Holding potential (mV),minimal Horizontal interesomatic distance (um),maximal Horizontal interesomatic distance (um),minimal Vertical interesomatic distance (um),maximal Vertical interesomatic distance (um)
0,mouse,VISp,18.116236371769016,104.92640197801585,L23,Pvalb,INH,4138,L23,,EXC,4140,AISynphys,Accessed on 2025-07-08 00:00:007,True,-0.2042952729320219,4.644714604791941,97.4995345188787,-55.0,0.0,25.0,100.0,125.0
1,mouse,VISp,119.14984729967514,25.48982191609257,L23,,EXC,4140,L23,Vip,INH,4133,AISynphys,Accessed on 2025-07-08 00:00:007,True,0.4450050439612529,4.556966007403403,36.358954529898746,-70.0,100.0,125.0,25.0,50.0
2,mouse,VISp,29.64619373656386,70.29699299588941,L5,,EXC,4224,L5,Sst,INH,4222,AISynphys,Accessed on 2025-07-08 00:00:007,True,0.07296118441665199,3.185633751439578,14.219639398447171,-70.0,25.0,50.0,50.0,75.0
3,mouse,VISp,24.370843682039066,264.0951746326988,L5,Sst,INH,4225,L23,,,4221,AISynphys,Accessed on 2025-07-08 00:00:007,True,-0.10605883112350321,6.893997162843389,70.81232467116214,-55.0,0.0,25.0,250.0,275.0
4,mouse,VISp,12.839963147459288,298.70304509713645,L5,Sst,INH,4225,L23,,EXC,4227,AISynphys,Accessed on 2025-07-08 00:00:007,True,-0.16789794238207237,6.763255438817487,27.502673880565517,-55.0,0.0,25.0,275.0,300.0
5,mouse,VISp,40.409914039677865,107.84409470437328,L4,Sst,INH,4226,L23,,EXC,4227,AISynphys,Accessed on 2025-07-08 00:00:007,True,-1.0616369086064439,6.121525826464281,29.289326973617737,-55.0,25.0,50.0,100.0,125.0
6,mouse,VISp,37.293764698294616,34.31408805706842,L23,,EXC,4227,L23,,,4221,AISynphys,Accessed on 2025-07-08 00:00:007,True,0.04902694960894016,1.5001194781445346,18.515506372150377,-70.0,25.0,50.0,25.0,50.0
7,mouse,VISp,40.409914039677865,107.84409470437328,L23,,EXC,4227,L4,Sst,INH,4226,AISynphys,Accessed on 2025-07-08 00:00:007,True,0.13272475592220573,3.7265267116648313,15.739355170653727,-70.0,25.0,50.0,100.0,125.0
8,mouse,VISp,58.609907710628015,2.1484075222426413,L23,Nr5a1,EXC,4237,L23,Nr5a1,EXC,4238,AISynphys,Accessed on 2025-07-08 00:00:007,True,0.08995130108861453,3.5129180427203357,11.96813794234488,-70.0,50.0,75.0,0.0,25.0
9,mouse,VISp,0.9812198090731908,40.80400826703529,L23,Nr5a1,EXC,4238,L4,Nr5a1,EXC,4240,AISynphys,Accessed on 2025-07-08 00:00:007,True,0.07381665912410483,4.72981270161337,11.182159309066869,-70.0,0.0,25.0,25.0,50.0
10,mouse,VISp,0.9812198090731908,40.80400826703529,L4,Nr5a1,EXC,4240,L23,Nr5a1,EXC,4238,AISynphys,Accessed on 2025-07-08 00:00:007,True,0.17056329176442656,4.965233363918201,53.170339191775476,-70.0,0.0,25.0,25.0,50.0
11,mouse,VISp,47.23525874185249,35.62206830281263,L4,Nr5a1,EXC,4240,L4,Nr5a1,EXC,4241,AISynphys,Accessed on 2025-07-08 00:00:007,True,0.1489220396617351,4.605588307401073,127.99156301064346,-70.0,25.0,50.0,25.0,50.0
12,mouse,VISp,47.75986818157269,23.16297495225534,L5,Tlx3,EXC,4247,L5,Sst,INH,4249,AISynphys,Accessed on 2025-07-08 00:00:007,True,0.04016972233900476,2.4437264500927984,8.627905815685692,-70.0,25.0,50.0,0.0,25.0
13,mouse,VISp,75.72248191312974,22.72929058122495,L5,Sst,INH,4249,L5,Tlx3,EXC,4246,AISynphys,Accessed on 2025-07-08 00:00:007,True,-0.2559419834928343,6.941154801475966,13.787532707378602,-55.0,75.0,100.0,0.0,25.0
14,mouse,VISp,47.75986818157269,23.16297495225534,L5,Sst,INH,4249,L5,Tlx3,EXC,4247,AISynphys,Accessed on 2025-07-08 00:00:007,True,-0.18071566987782944,9.156611237478533,66.10418505734489,-55.0,25.0,50.0,0.0,25.0
15,mouse,VISp,32.17965405119973,103.48145854734118,L4,Sst,INH,4258,L23,Vip,INH,4262,AISynphys,Accessed on 2025-07-08 00:00:007,True,-1.8467805994185298,9.431354461306151,79.28869548220904,-55.0,25.0,50.0,100.0,125.0
16,mouse,VISp,72.30060120241669,86.4760848000132,L5,Tlx3,EXC,4530,L5,Sst,INH,4528,AISynphys,Accessed on 2025-07-08 00:00:007,True,0.13414819351280882,2.7350459551575144,7.151289247456449,-70.0,50.0,75.0,75.0,100.0
17,mouse,VISp,47.0551271827822,18.11445037455304,L5,Tlx3,EXC,4648,L5,Pvalb,INH,4646,AISynphys,Accessed on 2025-07-08 00:00:007,True,0.3365109798651135,0.9163448412483115,5.000000001338647,-70.0,25.0,50.0,0.0,25.0
18,mouse,VISp,93.5910308999105,73.1492939505363,L4,,EXC,4698,L5,Vip,INH,4700,AISynphys,Accessed on 2025-07-08 00:00:007,True,0.038061131388969514,7.74134032381902,20.99664851685632,-70.0,75.0,100.0,50.0,75.0
19,mouse,VISp,120.35916520396614,20.01152888323354,L5,Tlx3,EXC,4840,L5,Sst,INH,4835,AISynphys,Accessed on 2025-07-08 00:00:007,True,0.017326431384704903,1.90676570515171,9.919211173973041,-70.0,100.0,125.0,0.0,25.0
20,mouse,VISp,58.37036709841021,31.46475560491222,L5,Sst,INH,4848,L5,Tlx3,EXC,4847,AISynphys,Accessed on 2025-07-08 00:00:007,True,-0.0788157626694649,5.855311995987468,9.212453617520618,-55.0,50.0,75.0,25.0,50.0
21,mouse,VISp,43.60654922349207,46.080546169388775,L5,Tlx3,EXC,4858,L5,Pvalb,INH,4860,AISynphys,Accessed on 2025-07-08 00:00:007,True,1.1299500084318417,1.4996084506647058,7.089999549065066,-70.0,25.0,50.0,25.0,50.0
22,mouse,VISp,84.1601918530113,70.81675636905676,L5,Pvalb,INH,5048,L4,Tlx3,EXC,5052,AISynphys,Accessed on 2025-07-08 00:00:007,True,-0.17273173232982245,3.805524197751014,26.37043366324796,-55.0,75.0,100.0,50.0,75.0
23,mouse,VISp,65.38867230980847,28.626443194543956,L4,Tlx3,EXC,5050,L5,Pvalb,INH,5048,AISynphys,Accessed on 2025-07-08 00:00:007,True,0.09069520343588879,2.3986638804912968,25.428929948853217,-70.0,50.0,75.0,25.0,50.0
24,mouse,VISp,24.058354388862487,3.9853597566476786,L5,Sst,INH,5096,L5,Sim1,EXC,5101,AISynphys,Accessed on 2025-07-08 00:00:007,True,-0.015168725742997059,4.736817671269875,6.80647820830221,-55.0,0.0,25.0,0.0,25.0
25,mouse,VISp,52.81544427153541,4.110119222155992,L5,Sim1,EXC,5097,L5,Sst,INH,5096,AISynphys,Accessed on 2025-07-08 00:00:007,True,0.05309903719198969,2.395043460161778,16.89703987475464,-70.0,50.0,75.0,0.0,25.0
26,mouse,VISp,51.804187564586975,29.972345956616298,L5,Sst,INH,5535,L5,Sst,INH,5534,AISynphys,Accessed on 2025-07-08 00:00:007,True,-0.5226567386160101,5.873600850580187,97.26554073513813,-55.0,50.0,75.0,25.0,50.0
27,mouse,VISp,67.29796377653787,29.026095906129058,L6a,Sst,INH,5537,L6a,Sim1,EXC,5536,AISynphys,Accessed on 2025-07-08 00:00:007,True,-0.0806906034189754,6.934292448982242,47.26790604706001,-55.0,50.0,75.0,25.0,50.0
28,mouse,VISp,50.93426754706449,65.37690643686048,L5,Sim1,EXC,5736,L5,Sst,INH,5740,AISynphys,Accessed on 2025-07-08 00:00:007,True,0.01874836412109168,3.202252276292649,18.12760637798996,-70.0,50.0,75.0,50.0,75.0
29,mouse,VISp,1.2397044240628938,89.44019244165871,L5,Sim1,EXC,5738,L5,Sst,INH,5740,AISynphys,Accessed on 2025-07-08 00:00:007,True,0.06633515763975135,3.017667167998393,26.727091587060695,-70.0,0.0,25.0,75.0,100.0
30,mouse,VISp,26.308654383995044,48.154014328646454,L5,Sim1,EXC,5739,L5,Sst,INH,5742,AISynphys,Accessed on 2025-07-08 00:00:007,True,0.06804861824509702,2.8487599619686264,11.06017004389974,-70.0,25.0,50.0,25.0,50.0
31,mouse,VISp,23.758525839981797,86.72668023065852,L5,Sst,INH,5742,L5,Sim1,EXC,5738,AISynphys,Accessed on 2025-07-08 00:00:007,True,-0.11418395430606924,6.929676062292572,17.88683077707266,-55.0,0.0,25.0,75.0,100.0
32,mouse,VISp,31.226941243115935,70.6798371818936,L5,Tlx3,EXC,5949,L5,Sst,INH,5943,AISynphys,Accessed on 2025-07-08 00:00:007,True,0.04039738455578408,4.4852971948993545,15.749103154107976,-70.0,25.0,50.0,50.0,75.0
33,mouse,VISp,110.69932764615432,46.498656985546006,L4,,INH,6147,L4,,INH,6142,AISynphys,Accessed on 2025-07-08 00:00:007,True,-0.25066028625534204,2.169925277875713,10.746637727229347,-55.0,100.0,125.0,25.0,50.0
34,mouse,VISp,96.18481630600834,31.5579407534696,L4,Sim1,EXC,6182,L4,Sim1,EXC,6186,AISynphys,Accessed on 2025-07-08 00:00:007,True,0.18225243169423602,4.2266031966654936,14.992432121460515,-70.0,75.0,100.0,25.0,50.0
35,mouse,VISp,82.02478946495782,19.22910424511122,L4,Sim1,EXC,6183,L4,Sim1,EXC,6185,AISynphys,Accessed on 2025-07-08 00:00:007,True,0.17685321958926362,1.7897716395668277,12.455420735600741,-70.0,75.0,100.0,0.0,25.0
36,mouse,VISp,82.02478946495782,19.22910424511122,L4,Sim1,EXC,6185,L4,Sim1,EXC,6183,AISynphys,Accessed on 2025-07-08 00:00:007,True,1.4761948183377969,3.5633354589474435,16.297936984979284,-70.0,75.0,100.0,0.0,25.0
37,mouse,VISp,13.58078178272135,65.33982538919197,L5,Tlx3,EXC,6299,L4,Sst,INH,6297,AISynphys,Accessed on 2025-07-08 00:00:007,True,0.04048393400580638,2.762654648035725,17.146123692569454,-70.0,0.0,25.0,50.0,75.0
38,mouse,VISp,24.439064591691896,69.70489630214722,L5,Sst,INH,6300,L4,Sst,INH,6297,AISynphys,Accessed on 2025-07-08 00:00:007,True,-0.34707486822238454,6.788209165769602,70.86363902679359,-55.0,0.0,25.0,50.0,75.0
39,mouse,VISp,85.8827656360111,35.44758247666349,L5,Sim1,EXC,6403,L5,Sim1,EXC,6399,AISynphys,Accessed on 2025-07-08 00:00:007,True,0.19840217129202337,6.116588664559294,32.307277970727625,-70.0,75.0,100.0,25.0,50.0
40,mouse,VISp,66.4591472587716,43.88764882204169,L5,Sim1,EXC,6404,L5,Sim1,EXC,6399,AISynphys,Accessed on 2025-07-08 00:00:007,True,0.14300956925289235,6.6825545493073895,28.56815561200982,-70.0,50.0,75.0,25.0,50.0
41,mouse,VISp,104.72585460378647,13.959286953372658,L4,,EXC,6455,L5,Sim1,EXC,6458,AISynphys,Accessed on 2025-07-08 00:00:007,True,0.7438745413872923,5.3643386241606885,26.63594664206624,-70.0,100.0,125.0,0.0,25.0
42,mouse,VISp,87.64367054018098,55.90864429356375,L5,,INH,6514,L5,Tlx3,EXC,6516,AISynphys,Accessed on 2025-07-08 00:00:007,True,-0.25341589732105635,5.705803928987539,12.46596809393866,-55.0,75.0,100.0,50.0,75.0
43,mouse,VISp,38.59616206854907,10.595604002523647,L5,Tlx3,EXC,6583,L5,Tlx3,EXC,6584,AISynphys,Accessed on 2025-07-08 00:00:007,True,0.2564920608716447,6.788993569379757,344.46516488585723,-70.0,25.0,50.0,0.0,25.0
44,mouse,VISp,38.59616206854907,10.595604002523647,L5,Tlx3,EXC,6584,L5,Tlx3,EXC,6583,AISynphys,Accessed on 2025-07-08 00:00:007,True,0.05681287444555892,3.305445458636755,5.000000000014124,-70.0,25.0,50.0,0.0,25.0
45,mouse,VISp,3.0152284160330494,22.715952140492902,L5,Tlx3,EXC,6585,L5,Tlx3,EXC,6584,AISynphys,Accessed on 2025-07-08 00:00:007,True,0.6598491391062977,3.9343220396709997,25.579699837345785,-70.0,0.0,25.0,0.0,25.0
46,mouse,VISp,25.188314055614043,43.71627321542597,L4,Tlx3,EXC,6660,L5,Pvalb,INH,6667,AISynphys,Accessed on 2025-07-08 00:00:007,True,0.44073217366543554,1.3595013913950227,9.414146087905806,-70.0,25.0,50.0,25.0,50.0
47,mouse,VISp,89.72803683387302,9.433839588898035,L5,Sim1,EXC,6950,L5,Sim1,EXC,6949,AISynphys,Accessed on 2025-07-08 00:00:007,True,0.3007245533858203,5.032130240241733,14.467881008111068,-70.0,75.0,100.0,0.0,25.0
48,mouse,VISp,58.83633493943066,7.580901971740904,L5,Sst,INH,8177,L5,Pvalb,INH,8167,AISynphys,Accessed on 2025-07-08 00:00:007,True,-0.21545761180613088,4.687071511881741,8.14268241235646,-55.0,50.0,75.0,0.0,25.0
49,mouse,VISp,19.071821874078996,29.81595007547791,L5,Tlx3,EXC,8197,L5,Pvalb,INH,8198,AISynphys,Accessed on 2025-07-08 00:00:007,True,1.396526368939994,2.4912985300461763,8.843111169520311,-70.0,0.0,25.0,25.0,50.0
50,mouse,VISp,29.876773467998017,42.676850688422824,L4,Pvalb,INH,8204,L5,Tlx3,EXC,8197,AISynphys,Accessed on 2025-07-08 00:00:007,True,-0.5235931529759439,4.808422049174964,35.645213386190385,-55.0,25.0,50.0,25.0,50.0
51,mouse,VISp,2.0849332917615695,10.439468364763853,L23,,EXC,8548,L23,Vip,INH,8549,AISynphys,Accessed on 2025-07-08 00:00:007,True,0.12781645623097013,5.814131421320933,32.63196607209532,-70.0,0.0,25.0,0.0,25.0
52,mouse,VISp,78.35175105089279,93.69604530447867,L23,,EXC,8548,L4,Sst,INH,8552,AISynphys,Accessed on 2025-07-08 00:00:007,True,0.011239303992611992,1.5775405702416339,6.805610683373984,-70.0,75.0,100.0,75.0,100.0
53,mouse,VISp,78.35175105089279,93.69604530447867,L4,Sst,INH,8552,L23,,EXC,8548,AISynphys,Accessed on 2025-07-08 00:00:007,True,-0.5051662236674607,5.47984221800637,41.79919198968896,-55.0,75.0,100.0,75.0,100.0
54,mouse,VISp,76.09229915614632,61.76087295190568,L23,,EXC,8576,L23,Vip,INH,8578,AISynphys,Accessed on 2025-07-08 00:00:007,True,0.2853748148514767,7.053697476333044,110.09732925243588,-70.0,75.0,100.0,50.0,75.0
55,mouse,VISp,59.20130907150599,11.232143229142713,L23,Pvalb,INH,8730,L23,Pvalb,INH,8725,AISynphys,Accessed on 2025-07-08 00:00:007,True,-0.25726468502086935,2.784207146594095,12.061078500082509,-55.0,50.0,75.0,0.0,25.0
56,mouse,VISp,22.323371031373103,59.9325660181146,L23,,EXC,8734,L4,Pvalb,INH,8735,AISynphys,Accessed on 2025-07-08 00:00:007,True,0.6146413769463333,1.2866709536967527,7.104003027257739,-70.0,0.0,25.0,50.0,75.0
57,mouse,VISp,27.377172474766788,72.65865029696656,L23,,EXC,8737,L4,Sst,INH,8736,AISynphys,Accessed on 2025-07-08 00:00:007,True,0.1495609511204538,1.6923982123139996,26.695402406493457,-70.0,25.0,50.0,50.0,75.0
58,mouse,VISp,2.060302831698496,70.95285091813928,L23,,EXC,8786,L23,Sst,INH,8784,AISynphys,Accessed on 2025-07-08 00:00:007,True,0.05989955631596133,2.8794183832838214,15.642523031174978,-70.0,0.0,25.0,50.0,75.0
59,mouse,VISp,46.00039550441869,13.232074132465831,L5,Pvalb,INH,8800,L5,,EXC,8794,AISynphys,Accessed on 2025-07-08 00:00:007,True,-0.06186070904864026,4.065897484481518,24.00810420106823,-55.0,25.0,50.0,0.0,25.0
60,mouse,VISp,24.761218066877316,44.2480478924723,L5,Pvalb,INH,8800,L5,Pvalb,INH,8798,AISynphys,Accessed on 2025-07-08 00:00:007,True,-0.7207891564428638,2.8591430846169827,38.47372878211251,-55.0,0.0,25.0,25.0,50.0
61,mouse,VISp,53.59272321146997,37.22093930180687,L5,,INH,8874,L5,Rorb,EXC,8875,AISynphys,Accessed on 2025-07-08 00:00:007,True,-1.719807534904362,4.616133142507362,25.38132048341974,-55.0,50.0,75.0,25.0,50.0
62,mouse,VISp,70.62323508164413,28.161483524538497,L5,,INH,8874,L5,Rorb,EXC,8876,AISynphys,Accessed on 2025-07-08 00:00:007,True,-0.7521872134784665,6.425468775244508,59.26432562671995,-55.0,50.0,75.0,25.0,50.0
63,mouse,VISp,53.59272321146997,37.22093930180687,L5,Rorb,EXC,8875,L5,,INH,8874,AISynphys,Accessed on 2025-07-08 00:00:007,True,1.2569713015185144,1.6278732506777998,5.001525437540304,-70.0,50.0,75.0,25.0,50.0
64,mouse,VISp,74.2554508036295,22.041738984929207,L5,Rorb,EXC,8875,L5,,INH,8878,AISynphys,Accessed on 2025-07-08 00:00:007,True,0.3559282202581368,2.7893903060251666,13.199861427701624,-70.0,50.0,75.0,0.0,25.0
65,mouse,VISp,70.62323508164413,28.161483524538497,L5,Rorb,EXC,8876,L5,,INH,8874,AISynphys,Accessed on 2025-07-08 00:00:007,True,1.1386208852418305,2.0161624899829076,5.664113818468694,-70.0,50.0,75.0,25.0,50.0
66,mouse,VISp,49.875672647831294,24.176746012984736,L5,,INH,8878,L5,Rorb,EXC,8880,AISynphys,Accessed on 2025-07-08 00:00:007,True,-0.12559564701426143,5.5221701322279175,203.74672751421207,-55.0,25.0,50.0,0.0,25.0
67,mouse,VISp,45.99996773982757,3.3806879262655145,L5,Rorb,EXC,8879,L5,Rorb,EXC,8876,AISynphys,Accessed on 2025-07-08 00:00:007,True,0.10707436860966292,4.625173272257931,10.994357894540576,-70.0,25.0,50.0,0.0,25.0
68,mouse,VISp,49.875672647831294,24.176746012984736,L5,Rorb,EXC,8880,L5,,INH,8878,AISynphys,Accessed on 2025-07-08 00:00:007,True,0.26073280411079625,1.0744562776474347,5.000000000479602,-70.0,25.0,50.0,0.0,25.0
69,mouse,VISp,176.13909259504268,73.80893752063572,L23,Sst,INH,8926,L23,,INH,8923,AISynphys,Accessed on 2025-07-08 00:00:007,True,-0.11780775148335015,6.110673294287068,68.71615554356272,-55.0,175.0,200.0,50.0,75.0
70,mouse,VISp,70.29584296091392,145.03163381502156,L5,Tlx3,EXC,8942,L5,Vip,INH,8938,AISynphys,Accessed on 2025-07-08 00:00:007,True,0.8353243643033541,6.767499657860397,47.303561914041225,-70.0,50.0,75.0,125.0,150.0
71,mouse,VISp,58.695232508196376,93.26583415087605,L5,Sst,INH,8979,L5,Sst,INH,8975,AISynphys,Accessed on 2025-07-08 00:00:007,True,-0.4118465014428533,4.6697641492876,14.143381888921734,-55.0,50.0,75.0,75.0,100.0
72,mouse,VISp,94.80178641959778,47.45627844503838,L5,Pvalb,INH,9070,L4,Pvalb,INH,9077,AISynphys,Accessed on 2025-07-08 00:00:007,True,-0.13840030068200024,0.8776476288175933,5.000000000166709,-55.0,75.0,100.0,25.0,50.0
73,mouse,VISp,35.60536367587496,37.442301857106955,L5,Pvalb,INH,9071,L5,Tlx3,EXC,9072,AISynphys,Accessed on 2025-07-08 00:00:007,True,-0.3937773245053066,3.837752486889874,9.836078871466935,-55.0,25.0,50.0,25.0,50.0
74,mouse,VISp,133.85027494722138,66.35310972217655,L4,,EXC,9120,L4,Pvalb,INH,9123,AISynphys,Accessed on 2025-07-08 00:00:007,True,0.1710099950357819,4.1839572620987875,10.071478662088,-70.0,125.0,150.0,50.0,75.0
75,mouse,VISp,30.168403812285483,16.648284312771846,L4,Pvalb,INH,9122,L4,Pvalb,INH,9123,AISynphys,Accessed on 2025-07-08 00:00:007,True,-1.3146630878031806,2.4724762795906328,20.74323105498336,-55.0,25.0,50.0,0.0,25.0
76,mouse,VISp,154.9315513454141,35.92519870541349,L4,Nr5a1,EXC,9193,L4,Nr5a1,EXC,9196,AISynphys,Accessed on 2025-07-08 00:00:007,True,0.08154487046546872,2.2563473140247425,7.698918058951334,-70.0,150.0,175.0,25.0,50.0
77,mouse,VISp,8.180776698769394,45.91310994111458,L4,Nr5a1,EXC,9194,L4,Nr5a1,EXC,9196,AISynphys,Accessed on 2025-07-08 00:00:007,True,0.6613838653238511,2.951104365773787,15.352815921104007,-70.0,0.0,25.0,25.0,50.0
78,mouse,VISp,40.54421563320026,24.69885692230632,L4,Nr5a1,EXC,9216,L4,Nr5a1,EXC,9215,AISynphys,Accessed on 2025-07-08 00:00:007,True,0.2690101795657672,2.149785484632733,9.568064782638494,-70.0,25.0,50.0,0.0,25.0
79,mouse,VISp,55.253538237993574,39.210627011979355,L4,Nr5a1,EXC,9217,L4,Nr5a1,EXC,9218,AISynphys,Accessed on 2025-07-08 00:00:007,True,1.5981401504624102,5.707201102639209,10.417701689488817,-70.0,50.0,75.0,25.0,50.0
80,mouse,VISp,29.124368132053874,98.8266312494693,L4,Sst,INH,9248,L5,Sst,INH,9246,AISynphys,Accessed on 2025-07-08 00:00:007,True,-0.4582941837801917,10.061452080676222,146.06422216254487,-55.0,25.0,50.0,75.0,100.0
81,mouse,VISp,97.9249964830103,47.16024883196029,L6a,Pvalb,INH,9255,L6a,Pvalb,INH,9260,AISynphys,Accessed on 2025-07-08 00:00:007,True,-1.3563980262911306,2.6321773642450026,20.29653607803636,-55.0,75.0,100.0,25.0,50.0
82,mouse,VISp,92.45409398603081,7.382662735907201,L4,Nr5a1,EXC,9429,L4,Nr5a1,EXC,9431,AISynphys,Accessed on 2025-07-08 00:00:007,True,0.08108809200196342,3.4691288461460066,5.1412184826551615,-70.0,75.0,100.0,0.0,25.0
83,mouse,VISp,19.640064358579902,52.66992802995693,L23,,EXC,9502,L23,,INH,9503,AISynphys,Accessed on 2025-07-08 00:00:007,True,0.7703681663846279,1.5029253984678754,5.000000000054819,-70.0,0.0,25.0,50.0,75.0
84,mouse,VISp,89.90167691921825,53.767208954181555,L6a,,INH,9536,L6a,,INH,9534,AISynphys,Accessed on 2025-07-08 00:00:007,True,-0.1827784104506191,3.926165758818998,10.68175520049749,-55.0,75.0,100.0,50.0,75.0
85,mouse,VISp,71.5812725003512,106.2620611503022,L4,Sst,INH,9563,L23,,EXC,9564,AISynphys,Accessed on 2025-07-08 00:00:007,True,-0.1559124984310121,6.27596030312986,34.69091616253037,-55.0,50.0,75.0,100.0,125.0
86,mouse,VISp,27.125915205468097,72.32690578972476,L23,,EXC,9643,L23,Vip,INH,9642,AISynphys,Accessed on 2025-07-08 00:00:007,True,1.5157812617632727,5.561966111170425,28.6830566911992,-70.0,25.0,50.0,50.0,75.0
87,mouse,VISp,7.059834893675386,136.69482972027146,L6a,,EXC,9804,L5,Pvalb,INH,9806,AISynphys,Accessed on 2025-07-08 00:00:007,True,0.07886119903008242,4.528391358269943,12.127461875022249,-70.0,0.0,25.0,125.0,150.0
88,mouse,VISp,74.11401438971644,95.28362384765232,L5,Pvalb,INH,9808,L6a,,EXC,9804,AISynphys,Accessed on 2025-07-08 00:00:007,True,-0.4620437307613593,3.7085972195874892,10.15674283359857,-55.0,50.0,75.0,75.0,100.0
89,mouse,VISp,37.85644067906564,36.376846181086,L6a,Ntsr1,EXC,9816,L6a,Pvalb,INH,9814,AISynphys,Accessed on 2025-07-08 00:00:007,True,1.2666331865236178,1.9387512390115698,11.869941954202583,-70.0,25.0,50.0,25.0,50.0
90,mouse,VISp,54.72245910613976,16.551796983918827,L6a,Ntsr1,EXC,9817,L6a,Pvalb,INH,9814,AISynphys,Accessed on 2025-07-08 00:00:007,True,0.02711885456782467,2.7912324658312264,12.442490369189652,-70.0,50.0,75.0,0.0,25.0
91,mouse,VISp,23.83727190035755,58.700067897306965,L5,Tlx3,EXC,9841,L5,Sst,INH,9840,AISynphys,Accessed on 2025-07-08 00:00:007,True,0.05997693170737046,4.596055611951708,13.91916272147772,-70.0,0.0,25.0,50.0,75.0
92,mouse,VISp,25.412754688668834,94.34509512329475,L4,Nr5a1,EXC,9897,L5,Nr5a1,EXC,9900,AISynphys,Accessed on 2025-07-08 00:00:007,True,0.06052940139410174,4.096259588426603,16.33612444245397,-70.0,25.0,50.0,75.0,100.0
93,mouse,VISp,53.6778045797308,22.7351948183922,L4,Nr5a1,EXC,9899,L4,Nr5a1,EXC,9904,AISynphys,Accessed on 2025-07-08 00:00:007,True,0.21747770143089812,3.8759319608477045,57.22728862817134,-70.0,50.0,75.0,0.0,25.0
94,mouse,VISp,19.142505479907797,24.53818109481037,L4,Nr5a1,EXC,9904,L4,Nr5a1,EXC,9901,AISynphys,Accessed on 2025-07-08 00:00:007,True,0.4059090222156448,4.513507513799631,29.794128596119315,-70.0,0.0,25.0,0.0,25.0
95,mouse,VISp,66.5252367628942,72.61867681182908,L5,Sst,INH,9908,L5,,INH,9906,AISynphys,Accessed on 2025-07-08 00:00:007,True,-0.08957759703961482,2.5640851411558527,16.720099461479254,-55.0,50.0,75.0,50.0,75.0
96,mouse,VISp,40.33390008113639,50.79239018489793,L5,,EXC,10390,L6a,Sst,INH,10395,AISynphys,Accessed on 2025-07-08 00:00:007,True,0.20003911326731086,1.5383141843111476,13.770955339108788,-70.0,25.0,50.0,50.0,75.0
97,mouse,VISp,21.416846242620615,24.781421766717926,L6a,Ntsr1,EXC,10410,L6a,Pvalb,INH,10411,AISynphys,Accessed on 2025-07-08 00:00:007,True,0.49468194661968146,0.755360678102115,6.673610789111314,-70.0,0.0,25.0,0.0,25.0
98,mouse,VISp,100.3814543081804,41.35789108144465,L6a,Ntsr1,EXC,10433,L6a,Pvalb,INH,10427,AISynphys,Accessed on 2025-07-08 00:00:007,True,0.3890218716961711,2.270877788620643,12.404834151716322,-70.0,100.0,125.0,25.0,50.0
99,mouse,VISp,24.597919627386315,25.14139390934103,L6a,Pvalb,INH,10460,L6a,,EXC,10461,AISynphys,Accessed on 2025-07-08 00:00:007,True,-0.3937498301140542,4.351178487463199,22.410625666581886,-55.0,0.0,25.0,25.0,50.0
100,mouse,VISp,24.597919627386315,25.14139390934103,L6a,,EXC,10461,L6a,Pvalb,INH,10460,AISynphys,Accessed on 2025-07-08 00:00:007,True,0.6804821554156275,0.8607436911940621,5.000000000011824,-70.0,0.0,25.0,25.0,50.0
101,mouse,VISp,94.16846298544571,20.3028020876136,L6a,Ntsr1,EXC,10490,L6a,,EXC,10493,AISynphys,Accessed on 2025-07-08 00:00:007,True,0.030426587147416785,2.750401021506923,11.462221270506811,-70.0,75.0,100.0,0.0,25.0
102,mouse,VISp,14.337886077482235,4.852877669912098,L6a,Ntsr1,EXC,10495,L6a,Sst,INH,10494,AISynphys,Accessed on 2025-07-08 00:00:007,True,0.11410339367783882,5.598329035076748,10.13134786252335,-70.0,0.0,25.0,0.0,25.0
103,mouse,VISp,29.772726252556016,62.011138128487595,L6a,Ntsr1,EXC,10496,L6a,,EXC,10493,AISynphys,Accessed on 2025-07-08 00:00:007,True,0.9002313450397653,3.025610720351757,15.35906452161991,-70.0,25.0,50.0,50.0,75.0
104,mouse,VISp,0.07224039638872086,37.03379230075067,L6a,Ntsr1,EXC,10496,L6a,Sst,INH,10494,AISynphys,Accessed on 2025-07-08 00:00:007,True,0.26140848330137895,3.8784432303753635,20.3307197177322,-70.0,0.0,25.0,25.0,50.0
105,mouse,VISp,65.36391441520044,34.7787630161329,L4,Sim1,EXC,10556,L5,Sim1,EXC,10560,AISynphys,Accessed on 2025-07-08 00:00:007,True,0.06034334478066137,6.352928098226853,20.908785170140405,-70.0,50.0,75.0,25.0,50.0
106,mouse,VISp,101.54332564276649,17.312734207428434,L5,Tlx3,EXC,10632,L5,Sst,INH,10627,AISynphys,Accessed on 2025-07-08 00:00:007,True,3.21866177026508e-13,3.5517103900153235,36.93704777851142,-70.0,100.0,125.0,0.0,25.0
107,mouse,VISp,41.25984307983231,0.6503856990837458,L5,Tlx3,EXC,10694,L5,Pvalb,INH,10695,AISynphys,Accessed on 2025-07-08 00:00:007,True,0.1281683901515329,3.318498144169541,17.180687017802917,-70.0,25.0,50.0,0.0,25.0
108,mouse,VISp,9.81537918637675,16.4750512714722,L5,Tlx3,EXC,10764,L5,Tlx3,EXC,10765,AISynphys,Accessed on 2025-07-08 00:00:007,True,0.07304565743672882,5.730196494544669,28.170193346268537,-70.0,0.0,25.0,0.0,25.0
109,mouse,VISp,7.884807520130079,133.20875744327225,L23,,EXC,10800,L23,Pvalb,INH,10797,AISynphys,Accessed on 2025-07-08 00:00:007,True,0.18752812748584843,3.026162827068639,13.354304709004138,-70.0,0.0,25.0,125.0,150.0
110,mouse,VISp,133.08173377349013,104.45684982389561,L23,Pvalb,INH,10802,L23,Pvalb,INH,10797,AISynphys,Accessed on 2025-07-08 00:00:007,True,-0.13544651831647167,7.637290217100024,279.73237096629003,-55.0,125.0,150.0,100.0,125.0
111,mouse,VISp,112.79483454139643,96.88226758591595,L23,,EXC,10987,L23,Vip,INH,10989,AISynphys,Accessed on 2025-07-08 00:00:007,True,1.13047879166457,5.601974971021245,18.081307710993894,-70.0,100.0,125.0,75.0,100.0
112,mouse,VISp,26.865428972255394,155.47986692194812,L23,,EXC,11025,L23,Sst,INH,11028,AISynphys,Accessed on 2025-07-08 00:00:007,True,0.04876756187730171,3.0744102932498807,20.306613250190797,-70.0,25.0,50.0,150.0,175.0
113,mouse,VISp,88.84367738858984,8.759567200053125,L23,,EXC,11026,L23,Vip,INH,11032,AISynphys,Accessed on 2025-07-08 00:00:007,True,0.6123796353687008,3.68193970119052,29.284263576189623,-70.0,75.0,100.0,0.0,25.0
114,mouse,VISp,24.26084570765543,80.46555053219573,L23,Sst,INH,11028,L23,,EXC,11026,AISynphys,Accessed on 2025-07-08 00:00:007,True,-0.05242686629150831,5.958486239705877,153.9376148897957,-55.0,0.0,25.0,75.0,100.0
115,mouse,VISp,98.71223292815326,59.045419084531744,L23,Vip,INH,11032,L23,Vip,INH,11027,AISynphys,Accessed on 2025-07-08 00:00:007,True,-0.35160248147925827,5.872914390580434,28.447318602273132,-55.0,75.0,100.0,50.0,75.0
116,mouse,VISp,149.5501933398434,75.64310094453717,L23,,EXC,11045,L23,Sst,INH,11042,AISynphys,Accessed on 2025-07-08 00:00:007,True,0.14906243746623626,12.049097854896866,499.99957598220954,-70.0,125.0,150.0,75.0,100.0
117,mouse,VISp,33.87982291343648,32.77528965370464,L23,,EXC,11066,L23,Vip,INH,11064,AISynphys,Accessed on 2025-07-08 00:00:007,True,0.36433247450553796,5.095381675197001,31.91490467380166,-70.0,25.0,50.0,25.0,50.0
118,mouse,VISp,23.25647192755155,26.736633147294437,L23,Pvalb,INH,11177,L23,,EXC,11179,AISynphys,Accessed on 2025-07-08 00:00:007,True,-0.9485943157127282,3.3956788540628122,49.963895677533145,-55.0,0.0,25.0,25.0,50.0
119,mouse,VISp,0.4532885072021364,45.92718140741099,L23,,EXC,11232,L23,Pvalb,INH,11233,AISynphys,Accessed on 2025-07-08 00:00:007,True,0.28554923770599006,2.071007052775249,77.30672191440522,-70.0,0.0,25.0,25.0,50.0
120,mouse,VISp,79.76445102925186,140.4806768095955,L4,Pvalb,INH,11258,L23,,EXC,11260,AISynphys,Accessed on 2025-07-08 00:00:007,True,-0.4691735552735871,3.666663865972608,31.501298437930465,-55.0,75.0,100.0,125.0,150.0
121,mouse,VISp,103.720949161171,39.48310175639395,L23,,EXC,11400,L23,Sst,INH,11405,AISynphys,Accessed on 2025-07-08 00:00:007,True,0.08200194576519669,4.765659978500154,32.95509231368793,-70.0,100.0,125.0,25.0,50.0
122,mouse,VISp,48.03095935041175,101.25514226590707,L23,Pvalb,INH,11404,L23,,EXC,11400,AISynphys,Accessed on 2025-07-08 00:00:007,True,-0.44800984348076156,3.42015706926329,31.890288897599437,-55.0,25.0,50.0,100.0,125.0
123,mouse,VISp,38.638910973939986,52.356909441619436,L23,Pvalb,INH,11404,L23,Pvalb,INH,11403,AISynphys,Accessed on 2025-07-08 00:00:007,True,-0.177631289658532,2.7915478022841507,12.159542954014254,-55.0,25.0,50.0,50.0,75.0
124,mouse,VISp,103.720949161171,39.48310175639395,L23,Sst,INH,11405,L23,,EXC,11400,AISynphys,Accessed on 2025-07-08 00:00:007,True,-0.08139411777072444,4.91631445534489,18.607592021062924,-55.0,100.0,125.0,25.0,50.0
125,mouse,VISp,34.67434333181694,79.67467189193377,L23,,EXC,11410,L4,Sst,INH,11408,AISynphys,Accessed on 2025-07-08 00:00:007,True,1.5308635706760108,2.1208381695166105,11.623815309608315,-70.0,25.0,50.0,75.0,100.0
126,mouse,VISp,145.67926648795813,13.189734092107114,L23,Pvalb,INH,11433,L23,Pvalb,INH,11437,AISynphys,Accessed on 2025-07-08 00:00:007,True,-0.1215369894600343,2.670267022341473,6.093815046194371,-55.0,125.0,150.0,0.0,25.0
127,mouse,VISp,37.64614153975787,53.9774268158322,L23,,EXC,11434,L23,Pvalb,INH,11433,AISynphys,Accessed on 2025-07-08 00:00:007,True,0.06394223970789165,2.0273034379442727,84.41474924003052,-70.0,25.0,50.0,50.0,75.0
128,mouse,VISp,106.14726375948226,41.014302457251596,L23,,EXC,11434,L23,Pvalb,INH,11437,AISynphys,Accessed on 2025-07-08 00:00:007,True,0.1292300106420463,1.057069657116571,7.507072217259695,-70.0,100.0,125.0,25.0,50.0
129,mouse,VISp,145.67926648795813,13.189734092107114,L23,Pvalb,INH,11437,L23,Pvalb,INH,11433,AISynphys,Accessed on 2025-07-08 00:00:007,True,-0.1792933938365098,4.533255667757096,11.108367522319107,-55.0,125.0,150.0,0.0,25.0
130,mouse,VISp,106.14726375948226,41.014302457251596,L23,Pvalb,INH,11437,L23,,EXC,11434,AISynphys,Accessed on 2025-07-08 00:00:007,True,-0.39983671791020686,3.7634016844779783,368.0482186524661,-55.0,100.0,125.0,25.0,50.0
131,mouse,VISp,121.06616913245367,43.154834911885764,L23,Pvalb,INH,11439,L23,Pvalb,INH,11433,AISynphys,Accessed on 2025-07-08 00:00:007,True,-0.20824680169274012,5.802060483188195,193.10257221248827,-55.0,100.0,125.0,25.0,50.0
132,mouse,VISp,80.81597155136276,97.02288388034697,L23,Pvalb,INH,11439,L23,,EXC,11434,AISynphys,Accessed on 2025-07-08 00:00:007,True,-0.1924129258417895,5.727213458285821,371.36724691665785,-55.0,75.0,100.0,75.0,100.0
133,mouse,VISp,28.49670724355638,43.964746096446994,L6a,Sst,INH,11468,L6a,,EXC,11469,AISynphys,Accessed on 2025-07-08 00:00:007,True,-0.2104342382927588,10.980456096361769,38.091143771087275,-55.0,25.0,50.0,25.0,50.0
134,mouse,VISp,99.92832955472215,7.0080460474276824,L4,,EXC,11479,L4,Pvalb,INH,11481,AISynphys,Accessed on 2025-07-08 00:00:007,True,0.04567223275062483,2.8945941815671237,7.517263035370502,-70.0,75.0,100.0,0.0,25.0
135,mouse,VISp,53.52711169359249,6.586183279537218,L4,Pvalb,INH,11481,L4,Pvalb,INH,11480,AISynphys,Accessed on 2025-07-08 00:00:007,True,-0.9952277220314155,1.404162812538523,5.319989717361832,-55.0,50.0,75.0,0.0,25.0
136,mouse,VISp,2.2627155449736955,66.95820521939439,L6a,Sst,INH,11550,L6a,,EXC,11554,AISynphys,Accessed on 2025-07-08 00:00:007,True,-0.08250086989677814,10.126844448197756,499.9999986927272,-55.0,0.0,25.0,50.0,75.0
137,mouse,VISp,52.82937743441521,4.976733064179625,L6a,Ntsr1,EXC,11594,L6a,Sst,INH,11596,AISynphys,Accessed on 2025-07-08 00:00:007,True,0.23268814250970107,1.9803242829948653,37.89224770045571,-70.0,50.0,75.0,0.0,25.0
138,mouse,VISp,10.665218926046142,6.412776358919357,L6a,Ntsr1,EXC,11595,L6a,Sst,INH,11596,AISynphys,Accessed on 2025-07-08 00:00:007,True,0.16157749231541949,3.9537813141599845,19.249188350614002,-70.0,0.0,25.0,0.0,25.0
139,mouse,VISp,3.5853883443400063,104.14039749396143,L4,Tlx3,EXC,11654,L4,Vip,INH,11656,AISynphys,Accessed on 2025-07-08 00:00:007,True,0.08519778509210672,6.872526416668152,23.37497772282343,-70.0,0.0,25.0,100.0,125.0
140,mouse,VISp,23.939200572802942,46.60896011868434,L23,,EXC,11659,L23,Pvalb,INH,11657,AISynphys,Accessed on 2025-07-08 00:00:007,True,0.3177113140441254,2.582327010847767,5.000000000007693,-70.0,0.0,25.0,25.0,50.0
141,mouse,VISp,73.27580404640307,0.33114337253569526,L23,,EXC,11659,L23,Vip,INH,11660,AISynphys,Accessed on 2025-07-08 00:00:007,True,0.10812953048586973,5.2874368831166105,75.83356826372768,-70.0,50.0,75.0,0.0,25.0
142,mouse,VISp,71.45022626368676,76.98212160494114,L5,Tlx3,EXC,11711,L4,Vip,INH,11705,AISynphys,Accessed on 2025-07-08 00:00:007,True,0.022088801174919157,9.160508368574058,39.62705125637503,-70.0,50.0,75.0,75.0,100.0
143,mouse,VISp,134.75452543134793,63.86582739511192,L5,Pvalb,INH,11765,L5,Sim1,EXC,11768,AISynphys,Accessed on 2025-07-08 00:00:007,True,-0.9736242413614822,4.072691898990605,44.131030007049496,-55.0,125.0,150.0,50.0,75.0
144,mouse,VISp,66.65855369044033,38.699749078627484,L5,Sim1,EXC,11766,L5,Pvalb,INH,11765,AISynphys,Accessed on 2025-07-08 00:00:007,True,0.6166377555047249,2.368486418954538,5.0000000018337865,-70.0,50.0,75.0,25.0,50.0
145,mouse,VISp,57.97542213126815,155.475346873777,L23,Pvalb,INH,11805,L5,Tlx3,EXC,11809,AISynphys,Accessed on 2025-07-08 00:00:007,True,-0.46172589603132647,6.68947062577997,36.70251820067612,-55.0,50.0,75.0,150.0,175.0
146,mouse,VISp,10.464581482025618,72.05859617135236,L4,Pvalb,INH,11806,L5,Tlx3,EXC,11809,AISynphys,Accessed on 2025-07-08 00:00:007,True,-0.4701666157193721,6.284224706044171,68.67715164574585,-55.0,0.0,25.0,50.0,75.0
147,mouse,VISp,56.3591470303194,323.8758118029422,L5,Tlx3,EXC,11820,L23,Pvalb,INH,11824,AISynphys,Accessed on 2025-07-08 00:00:007,True,0.4432168766674884,1.448601590467095,5.000000000071031,-70.0,50.0,75.0,300.0,325.0
148,mouse,VISp,98.2409082713756,31.051168570363505,L23,,EXC,11907,L23,Vip,INH,11908,AISynphys,Accessed on 2025-07-08 00:00:007,True,0.8439971471803549,5.355050072757333,43.37373008490743,-70.0,75.0,100.0,25.0,50.0
149,mouse,VISp,17.187608421032746,25.791959653451176,L23,,EXC,11913,L23,,EXC,11907,AISynphys,Accessed on 2025-07-08 00:00:007,True,0.37315139897792365,6.115776339329885,35.756240966968,-70.0,0.0,25.0,25.0,50.0
150,mouse,VISp,59.19728591793037,82.77771057459114,L23,,EXC,11913,L23,Pvalb,INH,11914,AISynphys,Accessed on 2025-07-08 00:00:007,True,0.4079350678484482,4.065636688563029,27.558265027716295,-70.0,50.0,75.0,75.0,100.0
151,mouse,VISp,116.78042755353121,28.402613304669305,L6a,,EXC,11924,L6a,Pvalb,INH,11925,AISynphys,Accessed on 2025-07-08 00:00:007,True,0.0894251776694429,4.441917071862334,27.2281361269652,-70.0,100.0,125.0,25.0,50.0
152,mouse,VISp,37.3045133171247,59.88356570155482,L6a,Ntsr1,EXC,12069,L6a,Pvalb,INH,12070,AISynphys,Accessed on 2025-07-08 00:00:007,True,0.8366203315621742,1.285379173678104,5.931233244919816,-70.0,25.0,50.0,50.0,75.0
153,mouse,VISp,136.23449104986213,19.385237069354048,L23,Pvalb,INH,12091,L23,,,12094,AISynphys,Accessed on 2025-07-08 00:00:007,True,-0.06973328274505891,4.498716486826218,38.08031554833034,-55.0,125.0,150.0,0.0,25.0
154,mouse,VISp,34.06849263879479,172.184644844714,L4,Pvalb,INH,12097,L5,Pvalb,INH,12098,AISynphys,Accessed on 2025-07-08 00:00:007,True,-0.7040684175815264,2.2675146547482607,7.556220716563602,-55.0,25.0,50.0,150.0,175.0
155,mouse,VISp,34.06849263879479,172.184644844714,L5,Pvalb,INH,12098,L4,Pvalb,INH,12097,AISynphys,Accessed on 2025-07-08 00:00:007,True,-0.48545378438228337,2.5222070815618842,6.976887970356138,-55.0,25.0,50.0,150.0,175.0
156,mouse,VISp,57.088582598531445,4.330128103257705,L23,Sst,INH,12204,L23,,EXC,12209,AISynphys,Accessed on 2025-07-08 00:00:007,True,-0.10156351659429652,6.581673343621681,56.75594710466786,-55.0,50.0,75.0,0.0,25.0
157,mouse,VISp,57.088582598531445,4.330128103257705,L23,,EXC,12209,L23,Sst,INH,12204,AISynphys,Accessed on 2025-07-08 00:00:007,True,0.05368682549669175,1.7889648397005586,7.469648037471448,-70.0,50.0,75.0,0.0,25.0
158,mouse,VISp,14.036961436896032,117.66881092906085,L5,Pvalb,INH,12213,L6a,Sst,INH,12214,AISynphys,Accessed on 2025-07-08 00:00:007,True,-0.9098645076382171,3.5534583833454003,55.53291015228066,-55.0,0.0,25.0,100.0,125.0
159,mouse,VISp,3.5290662973912226,41.548795416096,L5,Pvalb,INH,12263,L5,Sim1,EXC,12264,AISynphys,Accessed on 2025-07-08 00:00:007,True,-0.8267472054956735,6.5958405456372144,61.13926657204741,-55.0,0.0,25.0,25.0,50.0
160,mouse,VISp,233.29591207645913,39.11002329918979,L6a,Sst,INH,12325,L5,Ntsr1,EXC,12328,AISynphys,Accessed on 2025-07-08 00:00:007,True,-0.09686776495306713,6.359818265771401,19.922689496852843,-55.0,225.0,250.0,25.0,50.0
161,mouse,VISp,61.69325016870958,39.52502565958678,L23,,EXC,12329,L23,Sst,INH,12335,AISynphys,Accessed on 2025-07-08 00:00:007,True,0.2921331311524947,4.897526488087797,55.814023704271534,-70.0,50.0,75.0,25.0,50.0
162,mouse,VISp,16.00398478611695,33.54661384917587,L23,,EXC,12334,L23,Sst,INH,12335,AISynphys,Accessed on 2025-07-08 00:00:007,True,0.07546403120757632,3.752464324492691,27.496077137495302,-70.0,0.0,25.0,25.0,50.0
163,mouse,VISp,61.69325016870958,39.52502565958678,L23,Sst,INH,12335,L23,,EXC,12329,AISynphys,Accessed on 2025-07-08 00:00:007,True,-0.12801151476041275,6.380547318700445,17.105030234451178,-55.0,50.0,75.0,25.0,50.0
164,mouse,VISp,3.1379586092989467,87.7300152885329,L4,,EXC,12416,L5,,INH,12415,AISynphys,Accessed on 2025-07-08 00:00:007,True,1.0979653696630394,2.3821766331310896,11.21058992595401,-70.0,0.0,25.0,75.0,100.0
165,mouse,VISp,22.174613242052978,389.24361958677673,L23,Pvalb,INH,12464,L5,Sim1,EXC,12466,AISynphys,Accessed on 2025-07-08 00:00:007,True,-0.05785207117695287,3.226743374062799,26.077067807652362,-55.0,0.0,25.0,375.0,400.0
166,mouse,VISp,50.95719936017914,27.4929874261967,L23,Pvalb,INH,12474,L23,Pvalb,INH,12476,AISynphys,Accessed on 2025-07-08 00:00:007,True,-2.0163039427403557,2.6378875080244852,40.46673918400975,-55.0,50.0,75.0,25.0,50.0
167,mouse,VISp,140.8134496812639,22.908253087314208,L23,Pvalb,INH,12474,L23,Pvalb,INH,12477,AISynphys,Accessed on 2025-07-08 00:00:007,True,-0.12619816061075342,2.41025158950844,6.475912255249407,-55.0,125.0,150.0,0.0,25.0
168,mouse,VISp,88.55999782153975,50.42235601247659,L23,Pvalb,INH,12476,L23,Pvalb,INH,12477,AISynphys,Accessed on 2025-07-08 00:00:007,True,-0.5998981179127296,1.8450163765512781,6.746635621619021,-55.0,75.0,100.0,50.0,75.0
169,mouse,VISp,88.55999782153975,50.42235601247659,L23,Pvalb,INH,12477,L23,Pvalb,INH,12476,AISynphys,Accessed on 2025-07-08 00:00:007,True,-0.5156770976275961,3.676216587128513,60.05556402013027,-55.0,75.0,100.0,50.0,75.0
170,mouse,VISp,91.72412638954599,57.10556550612693,L23,Pvalb,INH,12482,L23,,EXC,12487,AISynphys,Accessed on 2025-07-08 00:00:007,True,-0.6792208828717576,5.296243418734146,500.0,-55.0,75.0,100.0,50.0,75.0
171,mouse,VISp,91.72412638954599,57.10556550612693,L23,,EXC,12487,L23,Pvalb,INH,12482,AISynphys,Accessed on 2025-07-08 00:00:007,True,0.9357918440091978,2.973073168918444,5.855384316588002,-70.0,75.0,100.0,50.0,75.0
172,mouse,VISp,42.99853286423293,30.064536583381578,L4,Pvalb,INH,12515,L4,Pvalb,INH,12514,AISynphys,Accessed on 2025-07-08 00:00:007,True,-0.12019116886700237,13.978065967578875,11.115572636621263,-55.0,25.0,50.0,25.0,50.0
173,mouse,VISp,66.14944295153093,14.687289893382141,L4,,EXC,12578,L4,Sim1,EXC,12580,AISynphys,Accessed on 2025-07-08 00:00:007,True,0.5586216964078954,4.498593686224795,13.63949542543728,-70.0,50.0,75.0,0.0,25.0
174,mouse,VISp,47.7781087522661,77.5043120296328,L5,,INH,12579,L4,Sim1,EXC,12580,AISynphys,Accessed on 2025-07-08 00:00:007,True,-1.0988265952650416,3.0281975941458126,25.311672781704786,-55.0,25.0,50.0,75.0,100.0
175,mouse,VISp,66.14944295153093,14.687289893382141,L4,Sim1,EXC,12580,L4,,EXC,12578,AISynphys,Accessed on 2025-07-08 00:00:007,True,0.05874840947371746,4.3175465276106335,11.018114701282821,-70.0,50.0,75.0,0.0,25.0
176,mouse,VISp,21.475730465172198,9.689509885813688,L4,Nr5a1,EXC,12701,L4,Nr5a1,EXC,12702,AISynphys,Accessed on 2025-07-08 00:00:007,True,0.5145336261363818,3.1900682230821937,13.860782096061474,-70.0,0.0,25.0,0.0,25.0
177,mouse,VISp,17.99603531687498,17.4931524189841,L4,Sst,INH,12740,L4,Nr5a1,EXC,12745,AISynphys,Accessed on 2025-07-08 00:00:007,True,-0.1989846179131688,5.116116551059056,19.37879039064167,-55.0,0.0,25.0,0.0,25.0
178,mouse,VISp,12.996220480847699,36.93543388283398,L4,Nr5a1,EXC,12751,L4,Nr5a1,EXC,12747,AISynphys,Accessed on 2025-07-08 00:00:007,True,1.046721168066553,2.5453099575743026,6.516418434000038,-70.0,0.0,25.0,25.0,50.0
179,mouse,VISp,13.116358076390233,98.74504446326377,L4,Nr5a1,EXC,12888,L5,Pvalb,INH,12890,AISynphys,Accessed on 2025-07-08 00:00:007,True,1.7063369493170581,4.623400223304188,21.57254584605506,-70.0,0.0,25.0,75.0,100.0
180,mouse,VISp,30.608628517675225,3.398266294293125,L5,Nr5a1,EXC,12914,L5,Nr5a1,EXC,12915,AISynphys,Accessed on 2025-07-08 00:00:007,True,0.7981490959435297,3.3961099557703798,14.87588906546048,-70.0,25.0,50.0,0.0,25.0
181,mouse,VISp,30.608628517675225,3.398266294293125,L5,Nr5a1,EXC,12915,L5,Nr5a1,EXC,12914,AISynphys,Accessed on 2025-07-08 00:00:007,True,0.26023724259570397,2.5454464708263855,5.000000000913232,-70.0,25.0,50.0,0.0,25.0
182,mouse,VISp,12.898025932199149,70.66887671904998,L23,Nr5a1,EXC,12921,L4,Pvalb,INH,12919,AISynphys,Accessed on 2025-07-08 00:00:007,True,0.3910443967646633,2.034108647785588,6.731452889788492,-70.0,0.0,25.0,50.0,75.0
183,mouse,VISp,109.16407916542033,62.616026702161356,L4,Pvalb,INH,12953,L4,Nr5a1,EXC,12948,AISynphys,Accessed on 2025-07-08 00:00:007,True,-0.32399871594746,4.0043087531182096,13.256008100153354,-55.0,100.0,125.0,50.0,75.0
184,mouse,VISp,170.29180439143835,30.86079885984943,L4,Pvalb,INH,12954,L4,Nr5a1,EXC,12951,AISynphys,Accessed on 2025-07-08 00:00:007,True,-0.07998974936874428,3.360211411508953,12.547526972576762,-55.0,150.0,175.0,25.0,50.0
185,mouse,VISp,211.79622201512387,33.80180491527318,L6a,Sst,INH,12977,L6a,Vip,INH,12982,AISynphys,Accessed on 2025-07-08 00:00:007,True,-0.04869453568604436,5.917407687586993,499.99999987355375,-55.0,200.0,225.0,25.0,50.0
186,mouse,VISp,211.79622201512387,33.80180491527318,L6a,Vip,INH,12982,L6a,Sst,INH,12977,AISynphys,Accessed on 2025-07-08 00:00:007,True,-0.035422007857847715,9.547161159174825,499.99999999999403,-55.0,200.0,225.0,25.0,50.0
187,mouse,VISp,46.98061038205839,81.06562362912652,L5,Sst,INH,13051,L4,Nr5a1,EXC,13049,AISynphys,Accessed on 2025-07-08 00:00:007,True,-0.08218613621900665,8.706215001626601,50.83528771131864,-55.0,25.0,50.0,75.0,100.0
188,mouse,VISp,40.56958551973257,18.691763802730627,L5,Sst,INH,13051,L4,Nr5a1,EXC,13050,AISynphys,Accessed on 2025-07-08 00:00:007,True,-0.1596830839749286,7.595482115479179,40.49385931548932,-55.0,25.0,50.0,0.0,25.0
189,mouse,VISp,20.89369759024032,84.86131443913439,L5,Sst,INH,13066,L4,Sst,INH,13065,AISynphys,Accessed on 2025-07-08 00:00:007,True,-0.11810029848544572,11.383717561784705,499.99999998365956,-55.0,0.0,25.0,75.0,100.0
190,mouse,VISp,55.148130460368556,69.32392599273425,L5,,EXC,13122,L5,Sst,INH,13121,AISynphys,Accessed on 2025-07-08 00:00:007,True,0.40437133505859885,1.9374721642135553,10.76245405339026,-70.0,50.0,75.0,50.0,75.0
191,mouse,VISp,86.69133051830616,68.02463259280297,L4,Nr5a1,EXC,13146,L5,Pvalb,INH,13148,AISynphys,Accessed on 2025-07-08 00:00:007,True,0.07403836275548545,1.671482806448388,7.889795500365511,-70.0,75.0,100.0,50.0,75.0
192,mouse,VISp,46.244215363550225,99.59638580319849,L4,Nr5a1,EXC,13157,L5,Pvalb,INH,13159,AISynphys,Accessed on 2025-07-08 00:00:007,True,0.9452204380549575,1.4689209294396253,10.81010236744549,-70.0,25.0,50.0,75.0,100.0
193,mouse,VISp,72.54151424951704,31.17926286231126,L5,Pvalb,INH,13174,L5,Nr5a1,EXC,13170,AISynphys,Accessed on 2025-07-08 00:00:007,True,-0.21891764048799067,3.625867441349632,13.836061034292712,-55.0,50.0,75.0,25.0,50.0
194,mouse,VISp,1.1339409394746747,43.58750756806088,L5,,EXC,13175,L5,Pvalb,INH,13174,AISynphys,Accessed on 2025-07-08 00:00:007,True,1.2374007766941002,1.5369290216742157,6.854215683589574,-70.0,0.0,25.0,25.0,50.0
195,mouse,VISp,36.53491077387527,65.6841463617743,L5,,EXC,13192,L5,,INH,13193,AISynphys,Accessed on 2025-07-08 00:00:007,True,0.25264083063219844,3.704115906088998,11.264118580228875,-70.0,25.0,50.0,50.0,75.0
196,mouse,VISp,131.81463384245689,300.13272320445014,L23,,EXC,13227,L5,Sst,INH,13223,AISynphys,Accessed on 2025-07-08 00:00:007,True,0.07678933908238753,3.9675527781919144,11.428350353629549,-70.0,125.0,150.0,300.0,325.0
197,mouse,VISp,16.85921808570267,40.51972473831372,L23,,EXC,13453,L23,,EXC,13454,AISynphys,Accessed on 2025-07-08 00:00:007,True,0.11040015179320645,5.907579055337604,499.9999999051181,-70.0,0.0,25.0,25.0,50.0
198,mouse,VISp,117.54193944728894,52.6786280517999,L23,Vip,INH,13460,L23,,EXC,13453,AISynphys,Accessed on 2025-07-08 00:00:007,True,-0.07318212149311394,3.7444518365265993,22.38946367749246,-55.0,100.0,125.0,50.0,75.0
199,mouse,VISp,29.417013026072564,74.89297164082808,L4,Nr5a1,EXC,13574,L23,Nr5a1,EXC,13575,AISynphys,Accessed on 2025-07-08 00:00:007,True,0.14497496078585514,3.900100606507039,48.31833163421193,-70.0,25.0,50.0,50.0,75.0
200,mouse,VISp,20.227178265671597,52.78649572427356,L23,Sst,INH,13653,L23,,EXC,13652,AISynphys,Accessed on 2025-07-08 00:00:007,True,-0.33389011364054627,4.70457071130671,46.41361153197799,-55.0,0.0,25.0,50.0,75.0
201,mouse,VISp,11.273061480910446,32.953294673030925,L23,,EXC,13655,L23,Sst,INH,13656,AISynphys,Accessed on 2025-07-08 00:00:007,True,0.38279088472804446,4.948921039010291,32.807885610325535,-70.0,0.0,25.0,25.0,50.0
202,mouse,VISp,56.10947038312504,19.110201704199568,L23,,EXC,13655,L23,,INH,13657,AISynphys,Accessed on 2025-07-08 00:00:007,True,0.5400967655166701,2.0343108049110596,23.563210675417366,-70.0,50.0,75.0,0.0,25.0
203,mouse,VISp,56.10947038312504,19.110201704199568,L23,,INH,13657,L23,,EXC,13655,AISynphys,Accessed on 2025-07-08 00:00:007,True,-0.022242415085330508,7.024873601266163,39.11776743885001,-55.0,50.0,75.0,0.0,25.0
204,mouse,VISp,6.299538862756938,15.768238519461095,L23,,EXC,13826,L23,,INH,13827,AISynphys,Accessed on 2025-07-08 00:00:007,True,0.0056745622873131864,1.565749578127042,14.317477383277451,-70.0,0.0,25.0,0.0,25.0
205,mouse,VISp,6.391603358219036,39.8653740562058,L23,,INH,13827,L23,,EXC,13828,AISynphys,Accessed on 2025-07-08 00:00:007,True,-0.47171003555417934,6.223001265156961,31.14090463827548,-55.0,0.0,25.0,25.0,50.0
206,mouse,VISp,0.20177596508016213,55.65403124536372,L23,,EXC,13828,L23,,EXC,13826,AISynphys,Accessed on 2025-07-08 00:00:007,True,0.04369919231416647,2.9611567006159807,22.241538219468524,-70.0,0.0,25.0,50.0,75.0
207,mouse,VISp,126.7936404736578,70.82662142864633,L5,Vip,INH,14262,L5,Sst,INH,14264,AISynphys,Accessed on 2025-07-08 00:00:007,True,-0.14601419555369377,8.917675487032225,40.93380699710368,-55.0,125.0,150.0,50.0,75.0
208,mouse,VISp,27.6676006247929,48.42682133123013,L23,,EXC,14402,L23,,EXC,14403,AISynphys,Accessed on 2025-07-08 00:00:007,True,0.06733313347245946,2.6436411272286255,8.291797805979302,-70.0,25.0,50.0,25.0,50.0
209,mouse,VISp,53.17639182073048,50.65954524675631,L6a,Pvalb,INH,14809,L5,Pvalb,INH,14808,AISynphys,Accessed on 2025-07-08 00:00:007,True,-0.49074739156835034,4.827249570055605,233.67883461683084,-55.0,50.0,75.0,50.0,75.0
210,mouse,VISp,21.862346570784272,105.1700573455623,L5,Pvalb,INH,14902,L4,Pvalb,INH,14904,AISynphys,Accessed on 2025-07-08 00:00:007,True,-0.419948671778117,1.630255791596165,5.947324203026109,-55.0,0.0,25.0,100.0,125.0
211,mouse,VISp,13.220759643333443,89.1497305080794,L5,Pvalb,INH,14903,L4,Pvalb,INH,14904,AISynphys,Accessed on 2025-07-08 00:00:007,True,-1.2767399119413876,3.2273933976949642,14.378398450849089,-55.0,0.0,25.0,75.0,100.0
212,mouse,VISp,13.220759643333443,89.1497305080794,L4,Pvalb,INH,14904,L5,Pvalb,INH,14903,AISynphys,Accessed on 2025-07-08 00:00:007,True,-1.4852627912120508,2.526535165765597,24.82145636034115,-55.0,0.0,25.0,75.0,100.0
213,mouse,VISp,29.644927327059158,40.89405928069973,L5,Tlx3,EXC,14922,L4,Tlx3,EXC,14921,AISynphys,Accessed on 2025-07-08 00:00:007,True,0.1884968842570517,3.161718311010109,41.348333794547706,-70.0,25.0,50.0,25.0,50.0
214,mouse,VISp,23.886548501699238,39.2293801018568,L5,Tlx3,EXC,14926,L5,Fam84b,EXC,14925,AISynphys,Accessed on 2025-07-08 00:00:007,True,2.175954616739961,3.254060986342088,15.806163848670279,-70.0,0.0,25.0,25.0,50.0
215,mouse,VISp,93.6098229330198,104.22287699146774,L4,Tlx3,EXC,14927,L5,Fam84b,EXC,14924,AISynphys,Accessed on 2025-07-08 00:00:007,True,0.2593764242257639,6.652946572708293,499.9999999983575,-70.0,75.0,100.0,100.0,125.0
216,mouse,VISp,37.066467804060295,70.29580305352914,L5,Sim1,EXC,15013,L5,,EXC,15012,AISynphys,Accessed on 2025-07-08 00:00:007,True,0.20892136744668227,3.0623641895989864,16.173374523964416,-70.0,25.0,50.0,50.0,75.0
217,mouse,VISp,93.46356415191258,71.74777990343135,L5,Sim1,EXC,15013,L5,Sim1,EXC,15014,AISynphys,Accessed on 2025-07-08 00:00:007,True,0.1470844124535892,5.924888537903919,16.709828117916505,-70.0,75.0,100.0,50.0,75.0
218,mouse,VISp,32.25827092597826,51.93456109601942,L4,Vip,INH,15148,L5,Vip,INH,15141,AISynphys,Accessed on 2025-07-08 00:00:007,True,-0.1136535983839128,7.798826594620073,23.92664403030078,-55.0,25.0,50.0,50.0,75.0
219,mouse,VISp,32.5048258891473,44.12913568739163,L23,Nr5a1,EXC,15171,L4,Sst,INH,15173,AISynphys,Accessed on 2025-07-08 00:00:007,True,0.058461413855165734,1.7349430841420301,6.049852820719596,-70.0,25.0,50.0,25.0,50.0
220,mouse,VISp,23.7936566756596,49.56439808623545,L4,Nr5a1,EXC,15172,L23,Nr5a1,EXC,15171,AISynphys,Accessed on 2025-07-08 00:00:007,True,0.2802308173029789,3.8597780295853927,16.382654272751985,-70.0,0.0,25.0,25.0,50.0
221,mouse,VISp,34.1291248128236,33.639998091716784,L4,Sst,INH,15174,L4,Nr5a1,EXC,15172,AISynphys,Accessed on 2025-07-08 00:00:007,True,-0.39195852639154927,6.900637248805177,9.571014149845755,-55.0,25.0,50.0,25.0,50.0
222,mouse,VISp,34.779268380457204,48.7234610364465,L6a,Sst,INH,15327,L6a,Ntsr1,EXC,15326,AISynphys,Accessed on 2025-07-08 00:00:007,True,-0.4889590643032294,8.729169062035693,12.213410152568652,-55.0,25.0,50.0,25.0,50.0
223,mouse,VISp,231.85285697278724,52.23410588271178,L23,,EXC,15672,L23,,EXC,15668,AISynphys,Accessed on 2025-07-08 00:00:007,True,0.03328918108840195,2.044134673752001,75.3485498057083,-70.0,225.0,250.0,50.0,75.0
224,mouse,VISp,40.25508651405675,66.17188962781574,L1,,INH,15679,L23,,EXC,15678,AISynphys,Accessed on 2025-07-08 00:00:007,True,-0.16291628906738362,17.847259521125963,86.46783110002578,-55.0,25.0,50.0,50.0,75.0
225,mouse,VISp,9.884147009647888,97.33664700477225,L5,Sst,INH,15715,L4,Vip,INH,15714,AISynphys,Accessed on 2025-07-08 00:00:007,True,-0.4081079057626551,6.112324015629449,178.35359437305257,-55.0,0.0,25.0,75.0,100.0
226,mouse,VISp,146.04329878015304,157.08710880320822,L5,Sst,INH,15922,L4,Nr5a1,EXC,15925,AISynphys,Accessed on 2025-07-08 00:00:007,True,-0.103520926548258,4.776726401298779,40.14859981907439,-55.0,125.0,150.0,150.0,175.0
227,mouse,VISp,27.04236831032937,33.8887488610675,L4,Nr5a1,EXC,15955,L23,Sst,INH,15957,AISynphys,Accessed on 2025-07-08 00:00:007,True,0.0007410262772497539,4.141722123492607,16.986692145156592,-70.0,25.0,50.0,25.0,50.0
228,mouse,VISp,66.83889961651954,39.248568677760076,L4,Sst,INH,15963,L23,Vip,INH,15964,AISynphys,Accessed on 2025-07-08 00:00:007,True,-0.04423791868994533,5.192863062511267,11.859112420147142,-55.0,50.0,75.0,25.0,50.0
229,mouse,VISp,10.840514500465112,187.17151327842373,L23,Vip,INH,15964,L5,Vip,INH,15961,AISynphys,Accessed on 2025-07-08 00:00:007,True,-0.02576237977708839,11.2428159987454,475.2353544142445,-55.0,0.0,25.0,175.0,200.0
230,mouse,VISp,9.04316969267341,43.82504158765297,L23,,EXC,16031,L23,Pvalb,INH,16036,AISynphys,Accessed on 2025-07-08 00:00:007,True,0.3620842297455212,2.1834158173532017,11.551781401269098,-70.0,0.0,25.0,25.0,50.0
231,mouse,VISp,70.59061572924321,39.73711746435942,L23,,EXC,16040,L23,Pvalb,INH,16035,AISynphys,Accessed on 2025-07-08 00:00:007,True,0.18066862211638826,2.085281920952123,12.318085253170029,-70.0,50.0,75.0,25.0,50.0
232,mouse,VISp,40.95673124914659,64.91725048117122,L23,,EXC,16040,L23,Pvalb,INH,16036,AISynphys,Accessed on 2025-07-08 00:00:007,True,0.13973256310706159,2.502335891171712,14.888450508351792,-70.0,25.0,50.0,50.0,75.0
233,mouse,VISp,13.32258541223444,4.409050517255802,L6a,Pvalb,INH,16045,L6a,Pvalb,INH,16046,AISynphys,Accessed on 2025-07-08 00:00:007,True,-0.27204004568516493,4.032181254881552,11.481800847219763,-55.0,0.0,25.0,0.0,25.0
234,mouse,VISp,97.22868419643719,100.87524129413242,L5,Pvalb,INH,16067,L5,Sim1,EXC,16069,AISynphys,Accessed on 2025-07-08 00:00:007,True,-0.44577023123082926,5.0400679160670165,15.44525365353132,-55.0,75.0,100.0,100.0,125.0
235,mouse,VISp,97.22868419643719,100.87524129413242,L5,Sim1,EXC,16069,L5,Pvalb,INH,16067,AISynphys,Accessed on 2025-07-08 00:00:007,True,1.4173372359060366,2.3488728563929504,12.305066622295747,-70.0,75.0,100.0,100.0,125.0
236,mouse,VISp,151.31911120619924,10.41796782323165,L23,Pvalb,INH,16078,L23,Pvalb,INH,16081,AISynphys,Accessed on 2025-07-08 00:00:007,True,-0.28474177534292283,1.9806743908951565,10.364520200869412,-55.0,150.0,175.0,0.0,25.0
237,mouse,VISp,131.40626435794945,30.35531784957403,L23,Pvalb,INH,16081,L23,Sst,INH,16079,AISynphys,Accessed on 2025-07-08 00:00:007,True,-0.1154602240951571,13.819081348031478,52.80320259252358,-55.0,125.0,150.0,25.0,50.0
238,mouse,VISp,81.98824689601753,31.233031289929027,L23,Sst,INH,16082,L23,Pvalb,INH,16081,AISynphys,Accessed on 2025-07-08 00:00:007,True,-0.1505061729819325,2.1107569358047718,8.674431432491508,-55.0,75.0,100.0,25.0,50.0
239,mouse,VISp,23.512076835925864,17.79579764105869,L23,Vip,INH,16092,L23,Sst,INH,16093,AISynphys,Accessed on 2025-07-08 00:00:007,True,-0.5935482954495938,7.123070991026183,24.508420923541884,-55.0,0.0,25.0,0.0,25.0
240,mouse,VISp,14.251475963836954,28.487505898063038,L4,Pvalb,INH,16216,L4,Pvalb,INH,16217,AISynphys,Accessed on 2025-07-08 00:00:007,True,-0.41695554613815955,3.1738007354312865,20.625915016512607,-55.0,0.0,25.0,25.0,50.0
241,mouse,VISp,68.96219449511047,46.93482096246421,L4,Pvalb,INH,16216,L4,Pvalb,INH,16218,AISynphys,Accessed on 2025-07-08 00:00:007,True,-0.9094228538549382,2.242327615928356,18.442160716684846,-55.0,50.0,75.0,25.0,50.0
242,mouse,VISp,93.92545402322116,17.034960871741454,L4,Pvalb,INH,16217,L4,Pvalb,INH,16213,AISynphys,Accessed on 2025-07-08 00:00:007,True,-0.4627006882358781,2.210603811282191,11.812647861539277,-55.0,75.0,100.0,0.0,25.0
243,mouse,VISp,14.251475963836954,28.487505898063038,L4,Pvalb,INH,16217,L4,Pvalb,INH,16216,AISynphys,Accessed on 2025-07-08 00:00:007,True,-1.1385199240523716,2.1059447025445297,15.354615928367302,-55.0,0.0,25.0,25.0,50.0
244,mouse,VISp,62.49881703461871,138.3995234705425,L6b,Sst,INH,16283,L6a,Vip,INH,16286,AISynphys,Accessed on 2025-07-08 00:00:007,True,-0.13354456374446688,5.99373919580661,5.601179794204043,-55.0,50.0,75.0,125.0,150.0
245,mouse,VISp,64.48272020949182,46.86104070039807,L6a,Sst,INH,16285,L6a,Vip,INH,16286,AISynphys,Accessed on 2025-07-08 00:00:007,True,-0.09202593922431825,7.149914959849202,15.103610823944475,-55.0,50.0,75.0,25.0,50.0
246,mouse,VISp,55.89268292715252,115.81795614094,L6a,Vip,INH,16286,L6a,Sst,INH,16284,AISynphys,Accessed on 2025-07-08 00:00:007,True,-0.3183615540262463,6.5993408291435305,9.226638786236744,-55.0,50.0,75.0,100.0,125.0
247,mouse,VISp,10.187415861215953,70.98690439511111,L4,Tlx3,EXC,16295,L5,Pvalb,INH,16296,AISynphys,Accessed on 2025-07-08 00:00:007,True,0.9457774314701088,1.2167433063570579,6.840870179226254,-70.0,0.0,25.0,50.0,75.0
248,mouse,VISp,114.72751995564232,65.41633258566084,L5,Pvalb,INH,16296,L4,Tlx3,EXC,16299,AISynphys,Accessed on 2025-07-08 00:00:007,True,-0.7326994435400013,5.1160406649307815,25.037350132639887,-55.0,100.0,125.0,50.0,75.0
249,mouse,VISp,127.62093101147879,85.0774341265854,L5,Pvalb,INH,16296,L4,Tlx3,EXC,16300,AISynphys,Accessed on 2025-07-08 00:00:007,True,-0.6529588683738725,3.526580795711544,23.616301070164255,-55.0,125.0,150.0,75.0,100.0
250,mouse,VISp,60.411349799916316,13.68624022119123,L5,Tlx3,EXC,16310,L5,Pvalb,INH,16314,AISynphys,Accessed on 2025-07-08 00:00:007,True,0.978720206986429,1.9763272618939947,6.809385276633028,-70.0,50.0,75.0,0.0,25.0
251,mouse,VISp,13.415260246827897,22.121540465118542,L5,Tlx3,EXC,16313,L5,Pvalb,INH,16314,AISynphys,Accessed on 2025-07-08 00:00:007,True,1.21962289508616,1.5139230920648765,6.309280387681251,-70.0,0.0,25.0,0.0,25.0
252,mouse,VISp,22.88998156531201,8.254691419409257,L5,Pvalb,INH,16314,L4,Tlx3,EXC,16315,AISynphys,Accessed on 2025-07-08 00:00:007,True,-0.8039335769059789,5.206917662173741,31.256675118717993,-55.0,0.0,25.0,0.0,25.0
253,mouse,VISp,22.88998156531201,8.254691419409257,L4,Tlx3,EXC,16315,L5,Pvalb,INH,16314,AISynphys,Accessed on 2025-07-08 00:00:007,True,0.5111339397414121,1.3903420623639724,8.080104609519665,-70.0,0.0,25.0,0.0,25.0
254,mouse,VISp,53.16983285462406,56.70439664921268,L5,,INH,16360,L5,Pvalb,INH,16361,AISynphys,Accessed on 2025-07-08 00:00:007,True,-1.2683654157301578,3.261604514134186,21.110310556599824,-55.0,50.0,75.0,50.0,75.0
255,mouse,VISp,37.64982286480946,2.324865746333374,L4,Nr5a1,EXC,16400,L4,Pvalb,INH,16402,AISynphys,Accessed on 2025-07-08 00:00:007,True,1.0128674937861257,1.1080482871537638,5.000000000026681,-70.0,25.0,50.0,0.0,25.0
256,mouse,VISp,22.92402775460518,44.5955937579721,L4,Nr5a1,EXC,16400,L23,Pvalb,INH,16404,AISynphys,Accessed on 2025-07-08 00:00:007,True,0.1695431435259673,1.4390833886336125,12.777232157163626,-70.0,0.0,25.0,25.0,50.0
257,mouse,VISp,8.633867510966267,11.471890982879655,L23,Nr5a1,EXC,16403,L23,Pvalb,INH,16404,AISynphys,Accessed on 2025-07-08 00:00:007,True,0.10550664057930215,1.0040602499181632,8.491286109709353,-70.0,0.0,25.0,0.0,25.0
258,mouse,VISp,101.7623487107909,7.123327273361582,L4,Nr5a1,EXC,16406,L4,Nr5a1,EXC,16411,AISynphys,Accessed on 2025-07-08 00:00:007,True,0.1093501854118005,9.225489166839825,499.999998569822,-70.0,100.0,125.0,0.0,25.0
259,mouse,VISp,63.31263088300969,104.58124694404746,L5,Pvalb,INH,16409,L4,Nr5a1,EXC,16406,AISynphys,Accessed on 2025-07-08 00:00:007,True,-1.1434139591225083,6.267170845347185,28.697833314898368,-55.0,50.0,75.0,100.0,125.0
260,mouse,VISp,34.837635283335025,111.02790587769063,L5,Pvalb,INH,16409,L4,Nr5a1,EXC,16411,AISynphys,Accessed on 2025-07-08 00:00:007,True,-2.048729987043185,5.871149166028554,42.79002078842042,-55.0,25.0,50.0,100.0,125.0
261,mouse,VISp,34.837635283335025,111.02790587769063,L4,Nr5a1,EXC,16411,L5,Pvalb,INH,16409,AISynphys,Accessed on 2025-07-08 00:00:007,True,0.4095441573191154,2.6005482671484823,7.962248593792779,-70.0,25.0,50.0,100.0,125.0
262,mouse,VISp,13.58768731537146,113.62870035690659,L4,Pvalb,INH,16416,L23,Nr5a1,EXC,16413,AISynphys,Accessed on 2025-07-08 00:00:007,True,-0.3921537377991833,5.187057442539182,31.646541802690034,-55.0,0.0,25.0,100.0,125.0
263,mouse,VISp,79.0130743101961,13.778265925413596,L23,Nr5a1,EXC,16417,L23,Nr5a1,EXC,16413,AISynphys,Accessed on 2025-07-08 00:00:007,True,0.08123579922527659,3.4796413973467937,35.05720624491181,-70.0,75.0,100.0,0.0,25.0
264,mouse,VISp,7.898497223421864,49.78979147919379,L5,Sst,INH,16421,L4,Sim1,EXC,16422,AISynphys,Accessed on 2025-07-08 00:00:007,True,-0.18661617104146097,7.624077079891975,55.667274577393826,-55.0,0.0,25.0,25.0,50.0
265,mouse,VISp,7.898497223421864,49.78979147919379,L4,Sim1,EXC,16422,L5,Sst,INH,16421,AISynphys,Accessed on 2025-07-08 00:00:007,True,0.07679565306844577,2.966041230208528,7.426053144277675,-70.0,0.0,25.0,25.0,50.0
266,mouse,VISp,14.807190390290534,7.861230666740641,L6a,Pvalb,INH,16602,L6a,Pvalb,INH,16603,AISynphys,Accessed on 2025-07-08 00:00:007,True,-0.6263989711053141,3.2162974790305934,11.556766247514572,-55.0,0.0,25.0,0.0,25.0
267,mouse,VISp,5.879818685626017,64.24936309469659,L23,,EXC,16609,L23,Sst,INH,16610,AISynphys,Accessed on 2025-07-08 00:00:007,True,0.23570768473287412,8.241104666995085,499.9999995907035,-70.0,0.0,25.0,50.0,75.0
268,mouse,VISp,34.19176099959426,87.32304676771551,L23,,EXC,16609,L23,Sst,INH,16611,AISynphys,Accessed on 2025-07-08 00:00:007,True,1.8370100416759276,3.06059493277482,13.389747565613249,-70.0,25.0,50.0,75.0,100.0
269,mouse,VISp,34.19176099959426,87.32304676771551,L23,Sst,INH,16611,L23,,EXC,16609,AISynphys,Accessed on 2025-07-08 00:00:007,True,-0.37457597550161786,6.094757909828595,9.262824137470652,-55.0,25.0,50.0,75.0,100.0
270,mouse,VISp,143.0076160101647,11.514808273662897,L23,,EXC,16612,L23,Pvalb,INH,16614,AISynphys,Accessed on 2025-07-08 00:00:007,True,0.06749924858373622,2.731190725833123,8.442141031094954,-70.0,125.0,150.0,0.0,25.0
271,mouse,VISp,68.99397578018532,38.16365055865647,L23,Sst,INH,16613,L23,,EXC,16609,AISynphys,Accessed on 2025-07-08 00:00:007,True,-0.6026486897113987,8.946107915894219,78.29318397995358,-55.0,50.0,75.0,25.0,50.0
272,mouse,VISp,101.94417954354508,49.67509650764067,L23,Sst,INH,16613,L23,Sst,INH,16611,AISynphys,Accessed on 2025-07-08 00:00:007,True,-0.05056497452686124,12.55698926360508,462.05210461753643,-55.0,100.0,125.0,25.0,50.0
273,mouse,VISp,61.478462583196574,9.820766448018801,L23,Pvalb,INH,16616,L23,,EXC,16609,AISynphys,Accessed on 2025-07-08 00:00:007,True,-0.5141452249839552,7.382041999623822,91.1685744391486,-55.0,50.0,75.0,0.0,25.0
274,mouse,VISp,93.98342643216905,97.81032003014343,L23,Pvalb,INH,16616,L23,Sst,INH,16611,AISynphys,Accessed on 2025-07-08 00:00:007,True,-0.057837871015432724,15.576251419131971,93.50281226402339,-55.0,75.0,100.0,75.0,100.0
275,mouse,VISp,17.651689038149794,4.695234328598198,L23,Sst,INH,16635,L23,Pvalb,INH,16636,AISynphys,Accessed on 2025-07-08 00:00:007,True,-1.264906454993196,6.40603888644469,19.886273783108045,-55.0,0.0,25.0,0.0,25.0
276,mouse,VISp,17.651689038149794,4.695234328598198,L23,Pvalb,INH,16636,L23,Sst,INH,16635,AISynphys,Accessed on 2025-07-08 00:00:007,True,-0.24993593579615894,8.464883872317605,85.83994247090465,-55.0,0.0,25.0,0.0,25.0
277,mouse,VISp,110.9748059785613,8.616267615429674,L23,Pvalb,INH,16636,L23,Pvalb,INH,16637,AISynphys,Accessed on 2025-07-08 00:00:007,True,-0.8937941245160731,9.552196674121957,499.9999996493607,-55.0,100.0,125.0,0.0,25.0
278,mouse,VISp,147.6951916771573,24.66748233217073,L23,Pvalb,INH,16638,L23,Pvalb,INH,16636,AISynphys,Accessed on 2025-07-08 00:00:007,True,-1.107824874711658,4.50496782052185,69.66451628135324,-55.0,125.0,150.0,0.0,25.0
279,mouse,VISp,36.69888702106891,33.204844187781745,L23,Pvalb,INH,16638,L23,Pvalb,INH,16637,AISynphys,Accessed on 2025-07-08 00:00:007,True,-2.4753374941836204,4.336887412160565,41.75705726320666,-55.0,25.0,50.0,25.0,50.0
280,mouse,VISp,112.11508340344663,52.35186460899128,L23,Sst,INH,16650,L23,,EXC,16656,AISynphys,Accessed on 2025-07-08 00:00:007,True,-0.15696247506196281,14.680961228064646,379.65960131781736,-55.0,100.0,125.0,50.0,75.0
281,mouse,VISp,9.285010638776498,57.716524035044216,L23,Pvalb,INH,16651,L23,Sst,INH,16650,AISynphys,Accessed on 2025-07-08 00:00:007,True,-0.1222316896701453,5.4833967169770705,94.97273735116944,-55.0,0.0,25.0,50.0,75.0
282,mouse,VISp,101.74613499506393,110.48897326980735,L23,Pvalb,INH,16651,L23,,EXC,16656,AISynphys,Accessed on 2025-07-08 00:00:007,True,-0.6248987050542238,5.319575339643416,499.999999507727,-55.0,100.0,125.0,100.0,125.0
283,mouse,VISp,112.11508340344663,52.35186460899128,L23,,EXC,16656,L23,Sst,INH,16650,AISynphys,Accessed on 2025-07-08 00:00:007,True,0.5632048597817938,4.48615872142428,42.971866822268815,-70.0,100.0,125.0,50.0,75.0
284,mouse,VISp,101.74613499506393,110.48897326980735,L23,,EXC,16656,L23,Pvalb,INH,16651,AISynphys,Accessed on 2025-07-08 00:00:007,True,0.7763840314186712,1.081505838966867,5.94615339933096,-70.0,100.0,125.0,100.0,125.0
285,mouse,VISp,23.355279279869322,40.52076068214039,L23,,EXC,16656,L23,Sst,INH,16655,AISynphys,Accessed on 2025-07-08 00:00:007,True,0.8505231549233442,3.912581378410827,33.46862877677392,-70.0,0.0,25.0,25.0,50.0
286,mouse,VISp,124.2954436730297,9.60338361852932,L23,Sst,INH,16666,L23,Pvalb,INH,16660,AISynphys,Accessed on 2025-07-08 00:00:007,True,-0.19684859812276867,6.2333116550467045,11.896742409474754,-55.0,100.0,125.0,0.0,25.0
287,mouse,VISp,67.53454340998988,56.790799364194385,L23,Sst,INH,16669,L1,Sst,INH,16670,AISynphys,Accessed on 2025-07-08 00:00:007,True,-0.1639420202133316,12.357510390853648,499.9883973698272,-55.0,50.0,75.0,50.0,75.0
288,mouse,VISp,64.98608628836793,117.48923323764922,L1,Sst,INH,16670,L23,Pvalb,INH,16660,AISynphys,Accessed on 2025-07-08 00:00:007,True,-0.11957414063870841,6.585012000681994,33.43424738686206,-55.0,50.0,75.0,100.0,125.0
289,mouse,VISp,30.264504753887017,82.91153908173426,L23,Sst,INH,16680,L23,Pvalb,INH,16683,AISynphys,Accessed on 2025-07-08 00:00:007,True,-0.1279679300325206,4.72336475846585,18.433602785694315,-55.0,25.0,50.0,75.0,100.0
290,mouse,VISp,88.93650868228394,129.93995427452663,L23,Pvalb,INH,16683,L23,,,16691,AISynphys,Accessed on 2025-07-08 00:00:007,True,-0.1145631845929074,5.865607223145833,17.390850983130424,-55.0,75.0,100.0,125.0,150.0
291,mouse,VISp,46.24561632514156,11.253165830458604,L23,Sst,INH,16685,L23,Pvalb,INH,16683,AISynphys,Accessed on 2025-07-08 00:00:007,True,-0.2785807638714409,4.897682925306771,25.693076939523095,-55.0,25.0,50.0,0.0,25.0
292,mouse,VISp,91.35028108179621,47.51552883991456,L5,,INH,16748,L5,Sim1,EXC,16753,AISynphys,Accessed on 2025-07-08 00:00:007,True,-0.8478197394477527,11.817819069828268,499.99999943700027,-55.0,75.0,100.0,25.0,50.0
293,mouse,VISp,83.43270439605037,12.470039733747804,L5,Sst,INH,16751,L5,Sim1,EXC,16749,AISynphys,Accessed on 2025-07-08 00:00:007,True,-0.4595029071455812,11.444893311639763,499.9999999884459,-55.0,75.0,100.0,0.0,25.0
294,mouse,VISp,8.574670093967951,14.827656462826885,L5,Sst,INH,16751,L5,Sim1,EXC,16752,AISynphys,Accessed on 2025-07-08 00:00:007,True,-1.5841751108747752,7.1185698450951636,14.76656045351429,-55.0,0.0,25.0,0.0,25.0
295,mouse,VISp,25.611770046526296,34.42135080562436,L5,Sst,INH,16751,L5,Sim1,EXC,16753,AISynphys,Accessed on 2025-07-08 00:00:007,True,-0.8378184999373902,5.873786726470339,43.518578207431034,-55.0,25.0,50.0,25.0,50.0
296,mouse,VISp,2.6267196196961233,15.04161034196477,L23,Sst,INH,16900,L23,Nr5a1,EXC,16904,AISynphys,Accessed on 2025-07-08 00:00:007,True,-0.14399832070559837,10.336422581644563,50.37612223448711,-55.0,0.0,25.0,0.0,25.0
297,mouse,VISp,2.6267196196961233,15.04161034196477,L23,Nr5a1,EXC,16904,L23,Sst,INH,16900,AISynphys,Accessed on 2025-07-08 00:00:007,True,0.060866463316553265,3.902117627414922,14.239042919154125,-70.0,0.0,25.0,0.0,25.0
298,mouse,VISp,90.76950949056393,123.45914434391784,L5,,INH,17016,L23,Pvalb,INH,17021,AISynphys,Accessed on 2025-07-08 00:00:007,True,-0.9764147843364778,2.5170212167094625,13.13878482925289,-55.0,75.0,100.0,100.0,125.0
299,mouse,VISp,103.74939813900065,40.653557803901485,L4,,EXC,17416,L5,Sim1,EXC,17413,AISynphys,Accessed on 2025-07-08 00:00:007,True,0.782561310520468,5.4911080447820035,49.05805200446655,-70.0,100.0,125.0,25.0,50.0
300,mouse,VISp,69.50568992834634,25.186231807766845,L4,Nr5a1,EXC,17480,L23,Pvalb,INH,17482,AISynphys,Accessed on 2025-07-08 00:00:007,True,0.7907421946212337,1.4348355104063506,5.000000000000852,-70.0,50.0,75.0,25.0,50.0
301,mouse,VISp,9.734888026929172,18.364637285368808,L23,Pvalb,INH,17482,L4,Nr5a1,EXC,17481,AISynphys,Accessed on 2025-07-08 00:00:007,True,-0.8356821281050941,8.442003556613006,499.9999993907788,-55.0,0.0,25.0,0.0,25.0
302,mouse,VISp,43.60915219670032,107.4397239664411,L5,Pvalb,INH,17488,L23,Nr5a1,EXC,17485,AISynphys,Accessed on 2025-07-08 00:00:007,True,-0.29899571403750763,5.026820102546058,11.284112092993462,-55.0,25.0,50.0,100.0,125.0
303,mouse,VISp,16.290155606086966,76.67350500681107,L5,Pvalb,INH,17488,L4,Nr5a1,EXC,17490,AISynphys,Accessed on 2025-07-08 00:00:007,True,-0.5360179233411496,4.676050154180206,31.90400569697397,-55.0,0.0,25.0,75.0,100.0
304,mouse,VISp,16.290155606086966,76.67350500681107,L4,Nr5a1,EXC,17490,L5,Pvalb,INH,17488,AISynphys,Accessed on 2025-07-08 00:00:007,True,0.20743870974042225,2.893776320737509,5.346802957083602,-70.0,0.0,25.0,75.0,100.0
305,mouse,VISp,22.473989152818557,24.162308964148497,L5,Sst,INH,17602,L5,Sst,INH,17603,AISynphys,Accessed on 2025-07-08 00:00:007,True,-1.011095209880459,16.929017482666577,499.9999978813206,-55.0,0.0,25.0,0.0,25.0
306,mouse,VISp,5.023682615072239,38.480632441177725,L4,Nr5a1,EXC,17615,L5,Nr5a1,EXC,17618,AISynphys,Accessed on 2025-07-08 00:00:007,True,0.17473030318863292,4.3423742147707785,14.278315458612123,-70.0,0.0,25.0,25.0,50.0
307,mouse,VISp,116.63842888254308,25.623295862396663,L4,Nr5a1,EXC,17621,L5,Vip,INH,17617,AISynphys,Accessed on 2025-07-08 00:00:007,True,0.6811591395235864,7.446528089528611,84.0663615181758,-70.0,100.0,125.0,25.0,50.0
308,mouse,VISp,6.649778467790674,81.10141530854615,L5,Pvalb,INH,17652,L4,Nr5a1,EXC,17651,AISynphys,Accessed on 2025-07-08 00:00:007,True,-0.5654512928602395,4.651024240085835,17.98356930697919,-55.0,0.0,25.0,75.0,100.0
309,mouse,VISp,53.729988114197404,88.99740165829682,L4,Pvalb,INH,17675,L23,Nr5a1,EXC,17674,AISynphys,Accessed on 2025-07-08 00:00:007,True,-1.1645145076435641,4.559548232475449,25.31806862000364,-55.0,50.0,75.0,75.0,100.0
310,mouse,VISp,41.7832724286538,90.60769331162173,L4,Pvalb,INH,17682,L4,Nr5a1,EXC,17681,AISynphys,Accessed on 2025-07-08 00:00:007,True,-0.7918715697247257,4.952126791022414,499.99998548548047,-55.0,25.0,50.0,75.0,100.0
311,mouse,VISp,70.76782503294824,104.08286403974486,L4,Sim1,EXC,17721,L5,Sst,INH,17724,AISynphys,Accessed on 2025-07-08 00:00:007,True,0.000332416070392662,7.059099290983554,30.027717778081396,-70.0,50.0,75.0,100.0,125.0
312,mouse,VISp,99.37076464511131,53.89023645500025,L5,Pvalb,INH,17796,L5,,,17800,AISynphys,Accessed on 2025-07-08 00:00:007,True,-0.15323726646925223,3.9424597573941593,23.543913838495886,-55.0,75.0,100.0,50.0,75.0
313,mouse,VISp,25.81930643273739,50.552236203974715,L4,Pvalb,INH,17942,L4,Pvalb,INH,17952,AISynphys,Accessed on 2025-07-08 00:00:007,True,-0.12965750174180532,3.5326341530587344,499.99998896180404,-55.0,25.0,50.0,50.0,75.0
314,mouse,VISp,41.283042008159555,166.34177639764013,L6a,Vip,INH,19108,L6a,Sst,INH,19111,AISynphys,Accessed on 2025-07-08 00:00:007,True,-0.691171846085525,10.013522621800282,64.833211520507,-55.0,25.0,50.0,150.0,175.0
315,mouse,VISp,41.283042008159555,166.34177639764013,L6a,Sst,INH,19111,L6a,Vip,INH,19108,AISynphys,Accessed on 2025-07-08 00:00:007,True,-0.014420764514302058,12.320661153261492,109.28239995867551,-55.0,25.0,50.0,150.0,175.0
316,mouse,VISp,128.676543487516,95.52095942292121,L4,Sst,INH,19305,L23,Nr5a1,EXC,19301,AISynphys,Accessed on 2025-07-08 00:00:007,True,-0.11915766412874348,8.286710829205763,21.982517404092945,-55.0,125.0,150.0,75.0,100.0
317,mouse,VISp,18.875798654720366,80.65923728027974,L5,Sst,INH,19325,L4,Nr5a1,EXC,19326,AISynphys,Accessed on 2025-07-08 00:00:007,True,-0.17706872278183758,8.10322458557582,19.718366578172308,-55.0,0.0,25.0,75.0,100.0
318,mouse,VISp,94.87586363431605,72.72719540311351,L5,Sst,INH,19325,L4,Nr5a1,EXC,19328,AISynphys,Accessed on 2025-07-08 00:00:007,True,-0.10327981720501704,5.277407505413941,7.918643209691531,-55.0,75.0,100.0,50.0,75.0
319,mouse,VISp,18.875798654720366,80.65923728027974,L4,Nr5a1,EXC,19326,L5,Sst,INH,19325,AISynphys,Accessed on 2025-07-08 00:00:007,True,0.03059060930322377,2.915549870858566,29.39284515797439,-70.0,0.0,25.0,75.0,100.0
320,mouse,VISp,16.98008768023499,4.599802270917726,L23,,EXC,19367,L23,Pvalb,INH,19363,AISynphys,Accessed on 2025-07-08 00:00:007,True,3.7401534535109193,3.468190159931113,18.88313031406051,-70.0,0.0,25.0,0.0,25.0
321,mouse,VISp,15.247112961032485,37.31010716432629,L23,,EXC,19368,L23,Pvalb,INH,19363,AISynphys,Accessed on 2025-07-08 00:00:007,True,0.26874395970388465,3.440053064578886,7.603931050236224,-70.0,0.0,25.0,25.0,50.0
322,mouse,VISp,26.984552811598792,23.852804464842873,L23,Nr5a1,EXC,20840,L4,Nr5a1,EXC,20837,AISynphys,Accessed on 2025-07-08 00:00:007,True,0.1308466474532872,1.487409768683825,28.08969094987677,-70.0,25.0,50.0,0.0,25.0
323,mouse,VISp,13.815812078212678,4.815606818407396,L4,Pvalb,INH,21429,L4,Sst,INH,21428,AISynphys,Accessed on 2025-07-08 00:00:007,True,-0.44148991241349717,7.439875804464874,162.52114264334296,-55.0,0.0,25.0,0.0,25.0
324,mouse,VISp,61.01391541847961,56.62936525784691,L23,Vip,INH,21686,L23,Sst,INH,21691,AISynphys,Accessed on 2025-07-08 00:00:007,True,-0.15996700997974903,10.782634937366598,499.9999991516019,-55.0,50.0,75.0,50.0,75.0
325,mouse,VISp,49.2214149388678,60.365119443150846,L23,Sst,INH,21687,L23,Vip,INH,21686,AISynphys,Accessed on 2025-07-08 00:00:007,True,-1.0235530374166288,6.983834926998695,24.677757226195972,-55.0,25.0,50.0,50.0,75.0
326,mouse,VISp,84.7415957842829,54.9398063260444,L23,Sst,INH,21687,L23,Vip,INH,21692,AISynphys,Accessed on 2025-07-08 00:00:007,True,-3.252830377815474e-06,4.7051090767901735,13.21987247718731,-55.0,75.0,100.0,50.0,75.0
327,mouse,VISp,30.499422159147898,19.090340843684643,L23,Sst,INH,22093,L23,Vip,INH,22092,AISynphys,Accessed on 2025-07-08 00:00:007,True,-0.4952708162515953,6.089505414480018,14.775270546801472,-55.0,25.0,50.0,0.0,25.0
328,mouse,VISp,32.44148675646349,45.99545409483662,L23,Vip,INH,22425,L23,Sst,INH,22423,AISynphys,Accessed on 2025-07-08 00:00:007,True,-0.6991712114235695,5.255735766421421,28.299944856554948,-55.0,25.0,50.0,25.0,50.0
329,mouse,VISp,15.041640877728145,59.5805292492884,L4,Vip,INH,22438,L23,Sst,INH,22435,AISynphys,Accessed on 2025-07-08 00:00:007,True,-0.05009624265780283,5.454607254565728,34.792223562275446,-55.0,0.0,25.0,50.0,75.0
330,mouse,VISp,12.695829997908618,10.432323224680205,L23,,INH,22525,L23,Sst,INH,22526,AISynphys,Accessed on 2025-07-08 00:00:007,True,-0.05586182271980487,8.316340242954766,63.40438678298287,-55.0,0.0,25.0,0.0,25.0
331,mouse,VISp,124.54559473040075,7.991190620979225,L23,Sst,INH,22542,L23,,,22549,AISynphys,Accessed on 2025-07-08 00:00:007,True,-0.41311442205605853,6.5331236458049275,34.654695651871904,-55.0,100.0,125.0,0.0,25.0
332,mouse,VISp,117.37105677128922,4.640922111041288,L23,,INH,22543,L23,Vip,INH,22548,AISynphys,Accessed on 2025-07-08 00:00:007,True,-0.15776251600373375,8.584094789071294,68.98899940009481,-55.0,100.0,125.0,0.0,25.0
333,mouse,VISp,39.5899747121589,70.72465720482913,L23,Sst,INH,22546,L23,Vip,INH,22548,AISynphys,Accessed on 2025-07-08 00:00:007,True,-0.2749154233517313,7.504038160088343,37.576726474830586,-55.0,25.0,50.0,50.0,75.0
334,mouse,VISp,49.05712758794125,34.271050342243164,L23,,EXC,22737,L23,Sst,INH,22738,AISynphys,Accessed on 2025-07-08 00:00:007,True,0.2592053758934714,1.7200409302204438,7.218451989366992,-70.0,25.0,50.0,25.0,50.0
335,mouse,VISp,77.87555624227318,57.548971359760586,L23,Pvalb,INH,23094,L23,Pvalb,INH,23093,AISynphys,Accessed on 2025-07-08 00:00:007,True,-0.08273597928013426,3.189200208261032,13.187508835459372,-55.0,75.0,100.0,50.0,75.0
336,mouse,VISp,54.35205848120576,170.30287743436887,L4,Pvalb,INH,23140,L23,Pvalb,INH,23139,AISynphys,Accessed on 2025-07-08 00:00:007,True,-0.608987920787531,2.30979561850103,12.384956633086267,-55.0,50.0,75.0,150.0,175.0
337,mouse,VISp,83.92784624510413,1.9241451785512933,L23,Pvalb,INH,23346,L23,Pvalb,INH,23342,AISynphys,Accessed on 2025-07-08 00:00:007,True,-0.4665545539948605,3.2489360729144057,66.42755472399216,-55.0,75.0,100.0,0.0,25.0
338,mouse,VISp,12.246108036557168,81.99795721459769,L23,Pvalb,INH,23346,L23,Sst,INH,23345,AISynphys,Accessed on 2025-07-08 00:00:007,True,-0.4943184470626058,3.501358932908288,20.22261148848594,-55.0,0.0,25.0,75.0,100.0
339,mouse,VISp,74.72456490675896,26.114034530030114,L4,Pvalb,INH,23560,L4,Pvalb,INH,23564,AISynphys,Accessed on 2025-07-08 00:00:007,True,-0.4708784229600002,2.06926090812489,10.729904815315239,-55.0,50.0,75.0,25.0,50.0
340,mouse,VISp,56.28434863503406,32.2298385844551,L4,Sst,INH,23561,L4,Pvalb,INH,23560,AISynphys,Accessed on 2025-07-08 00:00:007,True,-0.14495606611008,3.2877763711800583,15.565508788684507,-55.0,50.0,75.0,25.0,50.0
341,mouse,VISp,68.5831643711781,1.0072152331747268,L4,Sst,INH,23561,L4,Sst,INH,23562,AISynphys,Accessed on 2025-07-08 00:00:007,True,-0.22136479234555054,3.341790243093347,21.73373271967202,-55.0,50.0,75.0,0.0,25.0
342,mouse,VISp,17.43458019360392,58.32799470993985,L4,Sst,INH,23561,L4,Pvalb,INH,23564,AISynphys,Accessed on 2025-07-08 00:00:007,True,-0.30874592442383414,3.919077666327489,11.957449067588252,-55.0,0.0,25.0,50.0,75.0
343,mouse,VISp,153.19605372369128,27.482732723258863,L4,Sst,INH,23563,L4,Pvalb,INH,23560,AISynphys,Accessed on 2025-07-08 00:00:007,True,-0.06590158773354661,3.4931481038417265,10.683909260658822,-55.0,150.0,175.0,25.0,50.0
344,mouse,VISp,74.72456490675896,26.114034530030114,L4,Pvalb,INH,23564,L4,Pvalb,INH,23560,AISynphys,Accessed on 2025-07-08 00:00:007,True,-0.15400718337328959,1.2962593919730732,5.108822146522583,-55.0,50.0,75.0,25.0,50.0
345,mouse,VISp,98.8957220230598,16.530071251741337,L23,Sst,INH,23636,L23,,INH,23633,AISynphys,Accessed on 2025-07-08 00:00:007,True,-0.1769137684316379,12.386685990542105,499.99271595272126,-55.0,75.0,100.0,0.0,25.0
346,mouse,VISp,120.3976442779565,32.10204716850156,L23,Vip,INH,23652,L4,Sst,INH,23654,AISynphys,Accessed on 2025-07-08 00:00:007,True,-0.23453791746659536,4.6378246231473765,23.23912638375467,-55.0,100.0,125.0,25.0,50.0
347,mouse,VISp,65.09977282023434,23.112526111263485,L23,Pvalb,INH,23805,L23,Sst,INH,23806,AISynphys,Accessed on 2025-07-08 00:00:007,True,-0.17847395539040065,11.413980283172629,499.9999993811566,-55.0,50.0,75.0,0.0,25.0
348,mouse,VISp,65.09977282023434,23.112526111263485,L23,Sst,INH,23806,L23,Pvalb,INH,23805,AISynphys,Accessed on 2025-07-08 00:00:007,True,-0.08857594099035061,6.551324457147048,181.7264676163069,-55.0,50.0,75.0,0.0,25.0
349,mouse,VISp,54.817646171129745,11.262275059100464,L5,Tlx3,EXC,24114,L5,Tlx3,EXC,24118,AISynphys,Accessed on 2025-07-08 00:00:007,True,0.042635359568021995,3.3832110199874967,21.817996017403303,-70.0,50.0,75.0,0.0,25.0
350,mouse,VISp,43.92520180765729,4.4165150658164425,L5,Tlx3,EXC,24119,L5,Fam84b,EXC,24115,AISynphys,Accessed on 2025-07-08 00:00:007,True,0.10370776956471237,2.8305122560510103,12.605470966675446,-70.0,25.0,50.0,0.0,25.0
351,mouse,VISp,118.08971535664419,20.75217900816692,L23,Sst,INH,24136,L23,Vip,INH,24134,AISynphys,Accessed on 2025-07-08 00:00:007,True,-0.010599650459737963,2.608965789436073,74.28000070052839,-55.0,100.0,125.0,0.0,25.0
352,mouse,VISp,2.4002240742187433,21.069453247617567,L23,Vip,INH,24137,L23,Sst,INH,24136,AISynphys,Accessed on 2025-07-08 00:00:007,True,-0.43764123205374417,5.628108093546601,7.217405783341872,-55.0,0.0,25.0,0.0,25.0
353,mouse,VISp,30.908689733027437,33.51131898161314,L23,Sst,INH,24246,L23,Pvalb,INH,24248,AISynphys,Accessed on 2025-07-08 00:00:007,True,-0.24848780841391396,3.7338124944600577,18.025639600128986,-55.0,25.0,50.0,25.0,50.0
354,mouse,VISp,27.000896623308765,3.602825554672533,L5,Tlx3,EXC,631,L5,,,632,AISynphys,Accessed on 2025-07-08 00:00:007,True,0.2558681077510131,4.775442185352294,33.54738981969115,-70.0,25.0,50.0,0.0,25.0
355,mouse,VISp,59.23154053750609,19.4970706880217,L5,Tlx3,EXC,1024,L5,Sst,INH,1022,AISynphys,Accessed on 2025-07-08 00:00:007,True,0.40731670808880976,2.355472678563521,12.865759291846718,-70.0,50.0,75.0,0.0,25.0
356,mouse,VISp,3.9634524045076454,19.30882188035309,L4,Pvalb,INH,1976,L4,Tlx3,EXC,1979,AISynphys,Accessed on 2025-07-08 00:00:007,True,-0.9441674492435045,4.438127227690032,37.668588137020365,-55.0,0.0,25.0,0.0,25.0
357,mouse,VISp,3.9634524045076454,19.30882188035309,L4,Tlx3,EXC,1979,L4,Pvalb,INH,1976,AISynphys,Accessed on 2025-07-08 00:00:007,True,0.5399066962752929,2.202796103811435,5.000000000000219,-70.0,0.0,25.0,0.0,25.0
358,mouse,VISp,14.709254161053298,48.551434852900705,L5,Sst,INH,2191,L4,Tlx3,EXC,2192,AISynphys,Accessed on 2025-07-08 00:00:007,True,-0.2049591413121984,4.655302540534349,16.090198078255,-55.0,0.0,25.0,25.0,50.0
359,mouse,VISp,33.59419927462957,41.99990348175202,L5,Tlx3,EXC,2328,L5,Sst,INH,2327,AISynphys,Accessed on 2025-07-08 00:00:007,True,0.4389611218315928,1.6125509309125965,12.660498741274836,-70.0,25.0,50.0,25.0,50.0
360,mouse,VISp,31.68105595133925,50.91381332023874,L5,Tlx3,EXC,2335,L5,Sst,INH,2337,AISynphys,Accessed on 2025-07-08 00:00:007,True,0.01605744850039476,3.450990032391258,29.046208248943344,-70.0,25.0,50.0,50.0,75.0
361,mouse,VISp,50.35842957957254,24.529236954688272,L5,Tlx3,EXC,2338,L5,Sst,INH,2337,AISynphys,Accessed on 2025-07-08 00:00:007,True,0.08345107237229268,4.83526726473291,23.065479260805624,-70.0,50.0,75.0,0.0,25.0
362,mouse,VISp,14.818312943365267,65.33115514677887,L5,Pvalb,INH,2519,L5,Sst,INH,2521,AISynphys,Accessed on 2025-07-08 00:00:007,True,-0.09443227834497471,1.9397483040685795,19.862916862269135,-55.0,0.0,25.0,50.0,75.0
363,mouse,VISp,61.096005298455374,3.5131918508868023,L5,Sst,INH,2666,L5,Tlx3,EXC,2670,AISynphys,Accessed on 2025-07-08 00:00:007,True,-0.040335449461418024,7.909266384891313,23.370825584187124,-55.0,50.0,75.0,0.0,25.0
364,mouse,VISp,126.1845987669838,50.45525817856107,L5,Tlx3,EXC,2668,L5,Tlx3,EXC,2670,AISynphys,Accessed on 2025-07-08 00:00:007,True,0.6383456477302761,2.83832799787249,15.809285489933611,-70.0,125.0,150.0,50.0,75.0
365,mouse,VISp,124.67274878175174,135.14891525373812,L5,Tlx3,EXC,2671,L5,Tlx3,EXC,2668,AISynphys,Accessed on 2025-07-08 00:00:007,True,0.09524706373178601,3.1984872726568185,9.176145952529597,-70.0,100.0,125.0,125.0,150.0
366,mouse,VISp,88.01095905344248,18.875452621413313,L5,Tlx3,EXC,2744,L4,Sst,INH,2749,AISynphys,Accessed on 2025-07-08 00:00:007,True,0.08982391137295394,3.375720811366888,10.75226740064424,-70.0,75.0,100.0,0.0,25.0
367,mouse,VISp,11.631737095151458,22.854999542534983,L5,Tlx3,EXC,2796,L5,Tlx3,EXC,2803,AISynphys,Accessed on 2025-07-08 00:00:007,True,0.31619999418032674,9.699604435703304,499.99998012601577,-70.0,0.0,25.0,0.0,25.0
368,mouse,VISp,12.931624395788814,28.447314802389442,L5,Tlx3,EXC,2798,L5,Tlx3,EXC,2800,AISynphys,Accessed on 2025-07-08 00:00:007,True,0.050872185483595816,2.9075154657538267,17.771470571500934,-70.0,0.0,25.0,25.0,50.0
369,mouse,VISp,79.56143747725727,58.91267277320262,L5,Tlx3,EXC,2799,L5,Tlx3,EXC,2802,AISynphys,Accessed on 2025-07-08 00:00:007,True,0.06847852642524295,4.578299333181575,23.471035178605156,-70.0,75.0,100.0,50.0,75.0
370,mouse,VISp,66.89882386191742,67.06388985722656,L5,Pvalb,INH,3029,L5,Pvalb,INH,3031,AISynphys,Accessed on 2025-07-08 00:00:007,True,-0.9025597392651354,1.9444991422252027,8.471098661072356,-55.0,50.0,75.0,50.0,75.0
371,mouse,VISp,112.50080932462976,38.337519049010446,L5,Pvalb,INH,3033,L5,Pvalb,INH,3029,AISynphys,Accessed on 2025-07-08 00:00:007,True,-0.2986965427716401,2.7608107213282542,23.099946385754368,-55.0,100.0,125.0,25.0,50.0
372,mouse,VISp,17.739960746305396,52.17357172064752,L5,Pvalb,INH,3033,L5,Pvalb,INH,3034,AISynphys,Accessed on 2025-07-08 00:00:007,True,-0.31915188775566544,2.6965228250847253,25.774279849061582,-55.0,0.0,25.0,50.0,75.0
373,mouse,VISp,54.76195099496581,23.436341333597817,L4,,EXC,3100,L4,,,3099,AISynphys,Accessed on 2025-07-08 00:00:007,True,0.11770848051884614,7.8258534145045004,22.300362564986422,-70.0,50.0,75.0,0.0,25.0
374,mouse,VISp,7.982748387955991,72.36750742663818,L5,Pvalb,INH,3191,L5,Tlx3,EXC,3194,AISynphys,Accessed on 2025-07-08 00:00:007,True,-0.5848522781872704,4.510474008463623,117.5733107271837,-55.0,0.0,25.0,50.0,75.0
375,mouse,VISp,8.294013767656507,63.00110169728715,L5,Tlx3,EXC,3199,L4,Tlx3,EXC,3203,AISynphys,Accessed on 2025-07-08 00:00:007,True,0.010551726281686564,2.373486085483718,8.125549231874194,-70.0,0.0,25.0,50.0,75.0
376,mouse,VISp,86.64164168944033,33.68714004599602,L5,Tlx3,EXC,3428,L5,Pvalb,INH,3425,AISynphys,Accessed on 2025-07-08 00:00:007,True,0.12502696552470566,1.6467971847531793,7.9084158055135765,-70.0,75.0,100.0,25.0,50.0
377,mouse,VISp,75.68110461126227,41.99913264139066,L5,Sst,INH,3766,L5,Sst,INH,3762,AISynphys,Accessed on 2025-07-08 00:00:007,True,-0.07759244877368052,2.2616746751550516,8.442691634306888,-55.0,75.0,100.0,25.0,50.0
378,mouse,VISp,31.407237130169502,37.301833418470494,L5,Rorb,EXC,3862,L5,,INH,3863,AISynphys,Accessed on 2025-07-08 00:00:007,True,1.945928913463465,3.174252639395172,9.140356137062112,-70.0,25.0,50.0,25.0,50.0
379,mouse,VISp,31.407237130169502,37.301833418470494,L5,,INH,3863,L5,Rorb,EXC,3862,AISynphys,Accessed on 2025-07-08 00:00:007,True,-0.9483174889114033,5.20603634461834,167.64690779806898,-55.0,25.0,50.0,25.0,50.0
380,mouse,VISp,24.51458203974824,11.138138536867096,L5,Rorb,EXC,3864,L5,Rorb,EXC,3865,AISynphys,Accessed on 2025-07-08 00:00:007,True,0.1930411436843805,4.145124273885934,16.557581404989623,-70.0,0.0,25.0,0.0,25.0
381,mouse,VISp,32.84472709953535,68.5024644153554,L5,Rorb,EXC,3864,L5,,,3866,AISynphys,Accessed on 2025-07-08 00:00:007,True,1.2704351786493686,1.879463911622869,10.826025988144869,-70.0,25.0,50.0,50.0,75.0
382,mouse,VISp,8.670919946134477,57.41088040169492,L5,Rorb,EXC,3865,L5,,,3866,AISynphys,Accessed on 2025-07-08 00:00:007,True,1.6155762278652672,2.815530977220319,10.894736296386368,-70.0,0.0,25.0,50.0,75.0
383,mouse,VISp,11.610577031079744,116.19636766683088,L5,,INH,3867,L5,Rorb,EXC,3865,AISynphys,Accessed on 2025-07-08 00:00:007,True,-0.3966252800763333,7.479059214482384,499.999998795892,-55.0,0.0,25.0,100.0,125.0
384,mouse,VISp,30.62445649527425,23.751101567486558,L5,Sst,INH,3874,L5,Sst,INH,3875,AISynphys,Accessed on 2025-07-08 00:00:007,True,-0.18971060321448102,11.390597865118929,109.30811506926464,-55.0,25.0,50.0,0.0,25.0
385,mouse,VISp,11.052412592332608,18.55460555384717,L6a,Slc17a8,EXC,4000,L6a,Slc17a8,EXC,4007,AISynphys,Accessed on 2025-07-08 00:00:007,True,0.34283689049206373,7.191006594105038,56.45263469484111,-70.0,0.0,25.0,0.0,25.0
386,mouse,VISp,64.47479679302626,92.61727164788418,L6a,Slc17a8,EXC,4048,L6a,,,4042,AISynphys,Accessed on 2025-07-08 00:00:007,True,0.0615669207350886,2.7531889869677393,7.5138563711504265,-70.0,50.0,75.0,75.0,100.0
387,mouse,VISp,66.20407268927205,68.36022976734039,L5,,INH,4105,L5,Rorb,EXC,4103,AISynphys,Accessed on 2025-07-08 00:00:007,True,-0.36309855416623193,3.703194177339095,55.95238623989138,-55.0,50.0,75.0,50.0,75.0
388,mouse,VISp,32.144308203808244,41.4495556255864,L5,,INH,4376,L4,Rorb,EXC,4375,AISynphys,Accessed on 2025-07-08 00:00:007,True,-0.5024210530285296,4.912822439091571,21.346141525300666,-55.0,25.0,50.0,25.0,50.0
389,mouse,VISp,29.20366778277968,38.520584211990375,L5,Tlx3,EXC,4432,L5,Sst,INH,4441,AISynphys,Accessed on 2025-07-08 00:00:007,True,0.4085243133006442,2.726227723144161,15.863865915932164,-70.0,25.0,50.0,25.0,50.0
390,mouse,VISp,76.56498387816764,14.300299916642276,L5,Tlx3,EXC,4435,L5,Sst,INH,4441,AISynphys,Accessed on 2025-07-08 00:00:007,True,0.03385429087598007,2.7674461264138177,13.078143218439275,-70.0,75.0,100.0,0.0,25.0
391,mouse,VISp,29.20366778277968,38.520584211990375,L5,Sst,INH,4441,L5,Tlx3,EXC,4432,AISynphys,Accessed on 2025-07-08 00:00:007,True,-0.5764702865511384,12.946151335086277,499.9999998738931,-55.0,25.0,50.0,25.0,50.0
392,mouse,VISp,54.94603640970746,103.07383127444677,L5,,INH,4501,L5,Rorb,EXC,4499,AISynphys,Accessed on 2025-07-08 00:00:007,True,-0.5220260952749003,4.1137457136367575,31.310160855505067,-55.0,50.0,75.0,100.0,125.0
393,mouse,VISp,39.07586823984224,79.39510734360451,L5,Tlx3,EXC,4593,L5,Sst,INH,4598,AISynphys,Accessed on 2025-07-08 00:00:007,True,1.2974697910602842e-11,6.575319020883324,43.87861695879617,-70.0,25.0,50.0,75.0,100.0
394,mouse,VISp,27.727504916929462,32.69544092395223,L4,Rorb,EXC,4687,L4,Rorb,EXC,4691,AISynphys,Accessed on 2025-07-08 00:00:007,True,1.6555635140001028,4.286542051757259,31.304994377846366,-70.0,25.0,50.0,25.0,50.0
395,mouse,VISp,91.51349436089576,18.30385959923136,L4,Rorb,EXC,4688,L4,Rorb,EXC,4692,AISynphys,Accessed on 2025-07-08 00:00:007,True,0.47746172805601295,4.136712377654903,31.273255492897043,-70.0,75.0,100.0,0.0,25.0
396,mouse,VISp,37.226688774452946,34.531883910091224,L4,Rorb,EXC,4690,L4,Rorb,EXC,4688,AISynphys,Accessed on 2025-07-08 00:00:007,True,0.2548893739302056,3.042424976277359,15.282385017975054,-70.0,25.0,50.0,25.0,50.0
397,mouse,VISp,82.25270806223527,10.620618865148149,L4,Rorb,EXC,4691,L4,Rorb,EXC,4688,AISynphys,Accessed on 2025-07-08 00:00:007,True,0.16103185423027175,4.097064623247605,22.412985559960674,-70.0,75.0,100.0,0.0,25.0
398,mouse,VISp,91.51349436089576,18.30385959923136,L4,Rorb,EXC,4692,L4,Rorb,EXC,4688,AISynphys,Accessed on 2025-07-08 00:00:007,True,0.17910218396609484,3.296804211170239,27.386319671858192,-70.0,75.0,100.0,0.0,25.0
399,mouse,VISp,113.70894002149852,9.225989281768268,L5,Rorb,EXC,4796,L5,Rorb,EXC,4791,AISynphys,Accessed on 2025-07-08 00:00:007,True,0.10183675131579517,2.8123764917506286,10.426274303175449,-70.0,100.0,125.0,0.0,25.0
400,mouse,VISp,124.99172605642404,180.02397692853555,L5,Pvalb,INH,4906,L5,Pvalb,INH,4903,AISynphys,Accessed on 2025-07-08 00:00:007,True,-0.3001056234700467,2.6746900398237234,9.910519936037353,-55.0,100.0,125.0,175.0,200.0
401,mouse,VISp,94.67327557119792,105.06742528448119,L5,Sst,INH,5188,L5,Sst,INH,5186,AISynphys,Accessed on 2025-07-08 00:00:007,True,-0.11987551524683102,7.4538998407832056,34.398249307634316,-55.0,75.0,100.0,100.0,125.0
402,mouse,VISp,96.68468441989833,25.647158740583905,L4,Tlx3,EXC,5632,L5,Pvalb,INH,5633,AISynphys,Accessed on 2025-07-08 00:00:007,True,0.3436396828978503,1.8763676012992814,6.2094288802643325,-70.0,75.0,100.0,25.0,50.0
403,mouse,VISp,96.68468441989833,25.647158740583905,L5,Pvalb,INH,5633,L4,Tlx3,EXC,5632,AISynphys,Accessed on 2025-07-08 00:00:007,True,-0.16846956407734617,5.719672081049154,7.911204273208592,-55.0,75.0,100.0,25.0,50.0
404,mouse,VISp,17.262114409096018,54.47396932469009,L5,Pvalb,INH,5757,L5,Pvalb,INH,5755,AISynphys,Accessed on 2025-07-08 00:00:007,True,-0.45580652855200016,2.27234089465267,12.658561763781497,-55.0,0.0,25.0,50.0,75.0
405,mouse,VISp,4.550121940750509,126.05017916724393,L5,Tlx3,EXC,5858,L5,,,5859,AISynphys,Accessed on 2025-07-08 00:00:007,True,0.013026004565836004,1.809884806661819,8.395100173587487,-70.0,0.0,25.0,125.0,150.0
406,mouse,VISp,53.546906665489956,74.97861268339986,L1,,EXC,5982,L23,,EXC,5985,AISynphys,Accessed on 2025-07-08 00:00:007,True,0.13112143800854942,3.7949346504940675,17.45460919143703,-70.0,50.0,75.0,50.0,75.0
407,mouse,VISp,53.546906665489956,74.97861268339986,L23,,EXC,5985,L1,,EXC,5982,AISynphys,Accessed on 2025-07-08 00:00:007,True,0.3367805459370626,4.17344238916609,71.54455970668754,-70.0,50.0,75.0,50.0,75.0
408,mouse,VISp,0.6034665315128502,9.166039856194052,L5,Tlx3,EXC,6013,L5,Sst,INH,6026,AISynphys,Accessed on 2025-07-08 00:00:007,True,0.30710925908618125,2.5437931810531484,14.035036200989966,-70.0,0.0,25.0,0.0,25.0
409,mouse,VISp,0.6034665315128502,9.166039856194052,L5,Sst,INH,6026,L5,Tlx3,EXC,6013,AISynphys,Accessed on 2025-07-08 00:00:007,True,-0.20282554734768282,8.790765161459484,53.01616309393502,-55.0,0.0,25.0,0.0,25.0
410,mouse,VISp,117.4209799241598,30.014567147638452,L23,,EXC,6042,L23,,,6039,AISynphys,Accessed on 2025-07-08 00:00:007,True,0.08521215907099698,3.9663298795161155,21.7131411386976,-70.0,100.0,125.0,25.0,50.0
411,mouse,VISp,20.60870898904145,4.590159786433372,L4,Rorb,EXC,6139,L4,Rorb,EXC,6138,AISynphys,Accessed on 2025-07-08 00:00:007,True,0.5920400503318665,3.7055189857284243,18.2817645130177,-70.0,0.0,25.0,0.0,25.0
412,mouse,VISp,72.00956848328204,21.78539811092543,L23,,EXC,6202,L23,,INH,6207,AISynphys,Accessed on 2025-07-08 00:00:007,True,0.7448545588437367,2.7471321096001806,13.339789953912565,-70.0,50.0,75.0,0.0,25.0
413,mouse,VISp,150.5162156928355,5.896957194839259,L4,,EXC,6362,L4,Sim1,EXC,6357,AISynphys,Accessed on 2025-07-08 00:00:007,True,0.11150105819151838,1.7917989690595582,8.143467198620407,-70.0,150.0,175.0,0.0,25.0
414,mouse,VISp,81.04378274805237,6.851552817904137,L6a,,EXC,6382,L6a,,,6380,AISynphys,Accessed on 2025-07-08 00:00:007,True,0.06434418293567297,4.333369593686241,17.208193956328397,-70.0,75.0,100.0,0.0,25.0
415,mouse,VISp,7.335183153614262,58.632146854289054,L6a,Sst,INH,6383,L6a,Sst,INH,6381,AISynphys,Accessed on 2025-07-08 00:00:007,True,-0.3314651111269358,4.167746481186786,56.60652956735983,-55.0,0.0,25.0,50.0,75.0
416,mouse,VISp,20.866001198191167,5.652248932688025,L23,,EXC,6391,L23,,EXC,6394,AISynphys,Accessed on 2025-07-08 00:00:007,True,0.49719944461788323,3.288299691798603,20.288611974927832,-70.0,0.0,25.0,0.0,25.0
417,mouse,VISp,17.395671927357952,24.420626966679873,L23,,EXC,6396,L23,,EXC,6394,AISynphys,Accessed on 2025-07-08 00:00:007,True,0.38123446260037785,3.061541113578268,16.22871207369987,-70.0,0.0,25.0,0.0,25.0
418,mouse,VISp,81.5547400046961,43.889551301266174,L4,,EXC,6417,L5,Tlx3,EXC,6423,AISynphys,Accessed on 2025-07-08 00:00:007,True,0.03251718970078722,3.5443557181024854,28.786635275664647,-70.0,75.0,100.0,25.0,50.0
419,mouse,VISp,78.58315313482615,93.6394010427686,L4,Pvalb,INH,6418,L5,Tlx3,EXC,6424,AISynphys,Accessed on 2025-07-08 00:00:007,True,-1.1796439481864076,3.831951123076237,20.310832940751176,-55.0,75.0,100.0,75.0,100.0
420,mouse,VISp,13.945085228634769,91.22209218147826,L5,,EXC,6535,L5,,,6538,AISynphys,Accessed on 2025-07-08 00:00:007,True,1.784126040516941,4.633187767314271,7.032288879118374,-70.0,0.0,25.0,75.0,100.0
421,mouse,VISp,69.39888792976043,8.532181409380371,L5,Sst,INH,6555,L5,Tlx3,EXC,6556,AISynphys,Accessed on 2025-07-08 00:00:007,True,-0.3779775413191263,8.51483665444062,70.67652319427421,-55.0,50.0,75.0,0.0,25.0
422,mouse,VISp,131.73485088282055,100.96119548153652,L4,,EXC,6577,L4,,,6578,AISynphys,Accessed on 2025-07-08 00:00:007,True,0.7756173610698868,3.7143692368032433,26.956594458622835,-70.0,125.0,150.0,100.0,125.0
423,mouse,VISp,38.62131767826583,71.86323390492852,L4,Pvalb,INH,6607,L5,Tlx3,EXC,6608,AISynphys,Accessed on 2025-07-08 00:00:007,True,-2.140142525176251,4.852119903064956,78.1655591181619,-55.0,25.0,50.0,50.0,75.0
424,mouse,VISp,67.96056293039307,47.98579519632902,L5,Sim1,EXC,6771,L5,,EXC,6769,AISynphys,Accessed on 2025-07-08 00:00:007,True,0.05990114835505097,3.6339776185085704,17.178134433166512,-70.0,50.0,75.0,25.0,50.0
425,mouse,VISp,8.239709100137203,22.55261513960458,L4,Pvalb,INH,6777,L4,Tlx3,EXC,6778,AISynphys,Accessed on 2025-07-08 00:00:007,True,-0.1877942322091841,3.4045206251144977,26.60110753997762,-55.0,0.0,25.0,0.0,25.0
426,mouse,VISp,23.912910410963025,0.11221464806349205,L4,Pvalb,INH,6777,L4,Tlx3,EXC,6779,AISynphys,Accessed on 2025-07-08 00:00:007,True,-0.6163579252180763,4.725146087046259,39.74958978576537,-55.0,0.0,25.0,0.0,25.0
427,mouse,VISp,50.62646788481734,7.80598338952187,L4,Pvalb,INH,6777,L4,Pvalb,INH,6782,AISynphys,Accessed on 2025-07-08 00:00:007,True,-0.2621075832501072,2.145458663088251,13.055936144945267,-55.0,50.0,75.0,0.0,25.0
428,mouse,VISp,50.62646788481734,7.80598338952187,L4,Pvalb,INH,6782,L4,Pvalb,INH,6777,AISynphys,Accessed on 2025-07-08 00:00:007,True,-0.1185918200463226,3.6803186388713938,61.423144107762226,-55.0,50.0,75.0,0.0,25.0
429,mouse,VISp,55.877549766364986,9.031087050150399,L4,Rorb,EXC,7448,L4,Rorb,EXC,7450,AISynphys,Accessed on 2025-07-08 00:00:007,True,0.6449489750187327,2.7893158448032964,10.990023478503673,-70.0,50.0,75.0,0.0,25.0
430,mouse,VISp,22.686272987336224,16.766205582779836,L5,Tlx3,EXC,7743,L5,Sst,INH,7744,AISynphys,Accessed on 2025-07-08 00:00:007,True,0.017454556494077626,3.057406639073557,14.542624060424297,-70.0,0.0,25.0,0.0,25.0
431,mouse,VISp,48.645821101062616,49.89343579924489,L5,Sst,INH,7744,L5,Tlx3,EXC,7742,AISynphys,Accessed on 2025-07-08 00:00:007,True,-0.0536483087021221,7.1433117807467506,17.442506323033943,-55.0,25.0,50.0,25.0,50.0
432,mouse,VISp,81.58449168916358,48.037921626885876,L5,Pvalb,INH,7901,L4,Tlx3,EXC,7907,AISynphys,Accessed on 2025-07-08 00:00:007,True,-0.08757240939255513,5.157325779371179,257.785801072163,-55.0,75.0,100.0,25.0,50.0
433,mouse,VISp,188.96198129960624,6.6873619108901,L5,Tlx3,EXC,7906,L5,Pvalb,INH,7903,AISynphys,Accessed on 2025-07-08 00:00:007,True,0.44002833584850853,2.890941883202392,5.000000101735362,-70.0,175.0,200.0,0.0,25.0
434,mouse,VISp,22.83300262795958,30.644493852755815,L4,Tlx3,EXC,7907,L5,Tlx3,EXC,7906,AISynphys,Accessed on 2025-07-08 00:00:007,True,0.5670885884858382,5.175046212123169,32.35718633805569,-70.0,0.0,25.0,25.0,50.0
435,mouse,VISp,13.668955330391682,64.00446363977878,L4,Rorb,EXC,8051,L5,,INH,8049,AISynphys,Accessed on 2025-07-08 00:00:007,True,0.6412960509384049,3.7827037963761074,10.629677431058605,-70.0,0.0,25.0,50.0,75.0
436,mouse,VISp,83.80411221078266,93.27483903691568,L5,Tlx3,EXC,8086,L4,Pvalb,INH,8082,AISynphys,Accessed on 2025-07-08 00:00:007,True,0.4027075321204438,2.285704086369046,8.2247682068794,-70.0,75.0,100.0,75.0,100.0
437,mouse,VISp,16.74768303604635,54.92225733392737,L5,Tlx3,EXC,8237,L5,Sst,INH,8238,AISynphys,Accessed on 2025-07-08 00:00:007,True,0.4856837184799759,2.3300781601035383,18.313037864666263,-70.0,0.0,25.0,50.0,75.0
438,mouse,VISp,48.34183879457934,107.82432593046352,L4,Rorb,EXC,8244,L5,,INH,8249,AISynphys,Accessed on 2025-07-08 00:00:007,True,0.5209359026455133,1.2591362380609192,6.628975146993697,-70.0,25.0,50.0,100.0,125.0
439,mouse,VISp,35.51264532120484,1.1460792033265201,L5,Rorb,EXC,10005,L4,Rorb,EXC,10004,AISynphys,Accessed on 2025-07-08 00:00:007,True,0.36502858367334134,5.288057617873825,499.9997442227686,-70.0,25.0,50.0,0.0,25.0
440,mouse,VISp,73.60235853713783,51.4085987922312,L4,Rorb,EXC,10024,L4,Rorb,EXC,10026,AISynphys,Accessed on 2025-07-08 00:00:007,True,0.500798200059653,3.5516734945603066,16.05088422406441,-70.0,50.0,75.0,50.0,75.0
441,mouse,VISp,3.6299931949363526,38.341906495957005,L4,Pvalb,INH,10045,L4,Tlx3,EXC,10050,AISynphys,Accessed on 2025-07-08 00:00:007,True,-0.8759327273239175,4.6461674564135365,16.81649534738122,-55.0,0.0,25.0,25.0,50.0
442,mouse,VISp,56.309511033760295,9.939165451831455,L6a,,EXC,10850,L6a,,INH,10841,AISynphys,Accessed on 2025-07-08 00:00:007,True,0.03208875469906524,4.27348013067288,21.033539915490785,-70.0,50.0,75.0,0.0,25.0
443,mouse,VISp,103.64992192500222,60.39202521617314,L6a,,EXC,10897,L6b,Ntsr1,EXC,10892,AISynphys,Accessed on 2025-07-08 00:00:007,True,0.28779920010500804,5.666719589826832,12.842078238533974,-70.0,100.0,125.0,50.0,75.0
444,mouse,VISp,56.84936223817088,23.353988606728606,L6a,,EXC,11085,L6a,,EXC,11083,AISynphys,Accessed on 2025-07-08 00:00:007,True,0.026804336617936787,0.530288773950424,5.000000001680061,-70.0,50.0,75.0,0.0,25.0
445,mouse,VISp,22.88956527923679,16.558294678122877,L6a,,EXC,11086,L6a,Ntsr1,EXC,11087,AISynphys,Accessed on 2025-07-08 00:00:007,True,1.2489701824935646,2.1779817688495404,11.762002822721813,-70.0,0.0,25.0,0.0,25.0
446,mouse,VISp,53.54702499932228,13.192705190444446,L6a,,EXC,11104,L6a,Ntsr1,EXC,11102,AISynphys,Accessed on 2025-07-08 00:00:007,True,0.27068368440220686,6.936105325775414,115.0447331141793,-70.0,50.0,75.0,0.0,25.0
447,mouse,VISp,185.50927320867171,36.92727931476063,L6a,,EXC,11104,L6b,,INH,11105,AISynphys,Accessed on 2025-07-08 00:00:007,True,0.8605489978461888,2.05083591041276,8.828730417918994,-70.0,175.0,200.0,25.0,50.0
448,mouse,VISp,133.3229222186871,44.8938896908019,L6a,,EXC,11108,L6a,Ntsr1,EXC,11102,AISynphys,Accessed on 2025-07-08 00:00:007,True,0.14525074105786115,2.7745169204834133,9.886877837927209,-70.0,125.0,150.0,25.0,50.0
449,mouse,VISp,178.3176651577208,56.326446869114456,L4,Sim1,EXC,11329,L4,Sim1,EXC,11334,AISynphys,Accessed on 2025-07-08 00:00:007,True,0.8914512986577195,7.683809588008295,77.89102296679081,-70.0,175.0,200.0,50.0,75.0
450,mouse,VISp,141.0726609644818,14.53618245520112,L4,Sim1,EXC,11333,L4,Sim1,EXC,11334,AISynphys,Accessed on 2025-07-08 00:00:007,True,0.5299002697417075,6.1162199015435545,29.51331921209728,-70.0,125.0,150.0,0.0,25.0
451,mouse,VISp,97.09955486871132,22.071683546755118,L5,Sim1,EXC,11342,L5,Sim1,EXC,11339,AISynphys,Accessed on 2025-07-08 00:00:007,True,0.10531672104313093,2.779736994443154,45.624556612057674,-70.0,75.0,100.0,0.0,25.0
