,species,region,Horizontal interesomatic distance (um),Vertical interesomatic distance (um),Presynaptic layer,Presynaptic gene expression,Presynaptic synapse class,Presynaptic gid,Postsynaptic layer,Postsynaptic gene expression,Postsynaptic synapse class,Postsynaptic gid,dataset,notes,connected,synaptic conductance (nS),reversal potential (mV),minimal Horizontal interesomatic distance (um),maximal Horizontal interesomatic distance (um),minimal Vertical interesomatic distance (um),maximal Vertical interesomatic distance (um)
0,mouse,VISp,18.116236371769016,104.92640197801585,L23,Pvalb,INH,4138,L23,,EXC,4140,AISynphys,Accessed on 2025-07-07 00:00:007,True,-12.62098880162001,-68.89298220698274,0.0,25.0,100.0,125.0
1,mouse,VISp,119.14984729967514,25.48982191609257,L23,,EXC,4140,L23,Vip,INH,4133,AISynphys,Accessed on 2025-07-07 00:00:007,True,-2.712152847850016,100.00491106108227,100.0,125.0,25.0,50.0
2,mouse,VISp,29.64619373656386,70.29699299588941,L5,,EXC,4224,L5,Sst,INH,4222,AISynphys,Accessed on 2025-07-07 00:00:007,True,0.4204284151098571,-242.01246125435864,25.0,50.0,50.0,75.0
3,mouse,VISp,24.370843682039066,264.0951746326988,L5,Sst,INH,4225,L23,,,4221,AISynphys,Accessed on 2025-07-07 00:00:007,True,-6.492754813225306,-70.14936944303552,0.0,25.0,250.0,275.0
4,mouse,VISp,12.839963147459288,298.70304509713645,L5,Sst,INH,4225,L23,,EXC,4227,AISynphys,Accessed on 2025-07-07 00:00:007,True,-8.227403469723722,-73.88729522339517,0.0,25.0,275.0,300.0
5,mouse,VISp,40.409914039677865,107.84409470437328,L4,Sst,INH,4226,L23,,EXC,4227,AISynphys,Accessed on 2025-07-07 00:00:007,True,-45.53695638407589,-76.83120024661707,25.0,50.0,100.0,125.0
6,mouse,VISp,37.293764698294616,34.31408805706842,L23,,EXC,4227,L23,,,4221,AISynphys,Accessed on 2025-07-07 00:00:007,True,-0.5941806636932433,28.69743788158396,25.0,50.0,25.0,50.0
7,mouse,VISp,40.409914039677865,107.84409470437328,L23,,EXC,4227,L4,Sst,INH,4226,AISynphys,Accessed on 2025-07-07 00:00:007,True,3.470198844091727,-107.07273797361925,25.0,50.0,100.0,125.0
8,mouse,VISp,58.609907710628015,2.1484075222426413,L23,Nr5a1,EXC,4237,L23,Nr5a1,EXC,4238,AISynphys,Accessed on 2025-07-07 00:00:007,True,-2.537738559687511,-29.706652696303077,50.0,75.0,0.0,25.0
9,mouse,VISp,0.9812198090731908,40.80400826703529,L23,Nr5a1,EXC,4238,L4,Nr5a1,EXC,4240,AISynphys,Accessed on 2025-07-07 00:00:007,True,-0.5713613845480181,61.353735298107836,0.0,25.0,25.0,50.0
10,mouse,VISp,0.9812198090731908,40.80400826703529,L4,Nr5a1,EXC,4240,L23,Nr5a1,EXC,4238,AISynphys,Accessed on 2025-07-07 00:00:007,True,-1.7988746124483324,30.130841419377514,0.0,25.0,25.0,50.0
11,mouse,VISp,47.23525874185249,35.62206830281263,L4,Nr5a1,EXC,4240,L4,Nr5a1,EXC,4241,AISynphys,Accessed on 2025-07-07 00:00:007,True,-2.5700707877523503,-5.998118341707955,25.0,50.0,25.0,50.0
12,mouse,VISp,47.75986818157269,23.16297495225534,L5,Tlx3,EXC,4247,L5,Sst,INH,4249,AISynphys,Accessed on 2025-07-07 00:00:007,True,-0.0582928947396097,620.6624069955383,25.0,50.0,0.0,25.0
13,mouse,VISp,75.72248191312974,22.72929058122495,L5,Sst,INH,4249,L5,Tlx3,EXC,4246,AISynphys,Accessed on 2025-07-07 00:00:007,True,-12.092161143244251,-73.80792573350952,75.0,100.0,0.0,25.0
14,mouse,VISp,47.75986818157269,23.16297495225534,L5,Sst,INH,4249,L5,Tlx3,EXC,4247,AISynphys,Accessed on 2025-07-07 00:00:007,True,-9.178244826957679,-70.42646585944497,25.0,50.0,0.0,25.0
15,mouse,VISp,32.17965405119973,103.48145854734118,L4,Sst,INH,4258,L23,Vip,INH,4262,AISynphys,Accessed on 2025-07-07 00:00:007,True,-109.03119065489025,-67.67739762721845,25.0,50.0,100.0,125.0
16,mouse,VISp,72.30060120241669,86.4760848000132,L5,Tlx3,EXC,4530,L5,Sst,INH,4528,AISynphys,Accessed on 2025-07-07 00:00:007,True,3.187293268996275,-113.48501958417225,50.0,75.0,75.0,100.0
17,mouse,VISp,47.0551271827822,18.11445037455304,L5,Tlx3,EXC,4648,L5,Pvalb,INH,4646,AISynphys,Accessed on 2025-07-07 00:00:007,True,-6.132786441334308,-14.625941251368708,25.0,50.0,0.0,25.0
18,mouse,VISp,93.5910308999105,73.1492939505363,L4,,EXC,4698,L5,Vip,INH,4700,AISynphys,Accessed on 2025-07-07 00:00:007,True,0.6920498699813896,-118.50782879150901,75.0,100.0,50.0,75.0
19,mouse,VISp,120.35916520396614,20.01152888323354,L5,Tlx3,EXC,4840,L5,Sst,INH,4835,AISynphys,Accessed on 2025-07-07 00:00:007,True,-0.46953481440682754,-31.406211567541504,100.0,125.0,0.0,25.0
20,mouse,VISp,58.37036709841021,31.46475560491222,L5,Sst,INH,4848,L5,Tlx3,EXC,4847,AISynphys,Accessed on 2025-07-07 00:00:007,True,-6.3949277455853615,-69.5645027630337,50.0,75.0,25.0,50.0
21,mouse,VISp,43.60654922349207,46.080546169388775,L5,Tlx3,EXC,4858,L5,Pvalb,INH,4860,AISynphys,Accessed on 2025-07-07 00:00:007,True,5.4225620115028805,-277.9386491137839,25.0,50.0,25.0,50.0
22,mouse,VISp,84.1601918530113,70.81675636905676,L5,Pvalb,INH,5048,L4,Tlx3,EXC,5052,AISynphys,Accessed on 2025-07-07 00:00:007,True,-8.933981975617362,-72.51505525648466,75.0,100.0,50.0,75.0
23,mouse,VISp,65.38867230980847,28.626443194543956,L4,Tlx3,EXC,5050,L5,Pvalb,INH,5048,AISynphys,Accessed on 2025-07-07 00:00:007,True,-0.9370962924639537,27.677107883267816,50.0,75.0,25.0,50.0
24,mouse,VISp,24.058354388862487,3.9853597566476786,L5,Sst,INH,5096,L5,Sim1,EXC,5101,AISynphys,Accessed on 2025-07-07 00:00:007,True,-1.0916783416738134,-65.91507945007295,0.0,25.0,0.0,25.0
25,mouse,VISp,52.81544427153541,4.110119222155992,L5,Sim1,EXC,5097,L5,Sst,INH,5096,AISynphys,Accessed on 2025-07-07 00:00:007,True,-1.0929859827418769,-22.428510326436385,50.0,75.0,0.0,25.0
26,mouse,VISp,51.804187564586975,29.972345956616298,L5,Sst,INH,5535,L5,Sst,INH,5534,AISynphys,Accessed on 2025-07-07 00:00:007,True,-33.84849427722384,-69.52817304179429,50.0,75.0,25.0,50.0
27,mouse,VISp,67.29796377653787,29.026095906129058,L6a,Sst,INH,5537,L6a,Sim1,EXC,5536,AISynphys,Accessed on 2025-07-07 00:00:007,True,-3.6160708592703124,-73.0226551896349,50.0,75.0,25.0,50.0
28,mouse,VISp,50.93426754706449,65.37690643686048,L5,Sim1,EXC,5736,L5,Sst,INH,5740,AISynphys,Accessed on 2025-07-07 00:00:007,True,1.8314345423562362,-73.1183298565676,50.0,75.0,50.0,75.0
29,mouse,VISp,1.2397044240628938,89.44019244165871,L5,Sim1,EXC,5738,L5,Sst,INH,5740,AISynphys,Accessed on 2025-07-07 00:00:007,True,2.3138580503268633,-91.3841399008135,0.0,25.0,75.0,100.0
30,mouse,VISp,26.308654383995044,48.154014328646454,L5,Sim1,EXC,5739,L5,Sst,INH,5742,AISynphys,Accessed on 2025-07-07 00:00:007,True,12.285328141290373,-72.90069359429127,25.0,50.0,25.0,50.0
31,mouse,VISp,23.758525839981797,86.72668023065852,L5,Sst,INH,5742,L5,Sim1,EXC,5738,AISynphys,Accessed on 2025-07-07 00:00:007,True,-5.813764349248569,-72.41350505172565,0.0,25.0,75.0,100.0
32,mouse,VISp,31.226941243115935,70.6798371818936,L5,Tlx3,EXC,5949,L5,Sst,INH,5943,AISynphys,Accessed on 2025-07-07 00:00:007,True,-1.3987180605790472,-37.52660397609092,25.0,50.0,50.0,75.0
33,mouse,VISp,110.69932764615432,46.498656985546006,L4,,INH,6147,L4,,INH,6142,AISynphys,Accessed on 2025-07-07 00:00:007,True,-34.138902404684664,-61.31168960893381,100.0,125.0,25.0,50.0
34,mouse,VISp,96.18481630600834,31.5579407534696,L4,Sim1,EXC,6182,L4,Sim1,EXC,6186,AISynphys,Accessed on 2025-07-07 00:00:007,True,11.765973958728635,-85.26010399284367,75.0,100.0,25.0,50.0
35,mouse,VISp,82.02478946495782,19.22910424511122,L4,Sim1,EXC,6183,L4,Sim1,EXC,6185,AISynphys,Accessed on 2025-07-07 00:00:007,True,-0.7888592930722645,154.3213918613483,75.0,100.0,0.0,25.0
36,mouse,VISp,82.02478946495782,19.22910424511122,L4,Sim1,EXC,6185,L4,Sim1,EXC,6183,AISynphys,Accessed on 2025-07-07 00:00:007,True,-12.404982181665348,48.989798590180875,75.0,100.0,0.0,25.0
37,mouse,VISp,13.58078178272135,65.33982538919197,L5,Tlx3,EXC,6299,L4,Sst,INH,6297,AISynphys,Accessed on 2025-07-07 00:00:007,True,0.4251717130729112,-152.13071634425924,0.0,25.0,50.0,75.0
38,mouse,VISp,24.439064591691896,69.70489630214722,L5,Sst,INH,6300,L4,Sst,INH,6297,AISynphys,Accessed on 2025-07-07 00:00:007,True,-18.843988378419983,-73.94244035908764,0.0,25.0,50.0,75.0
39,mouse,VISp,85.8827656360111,35.44758247666349,L5,Sim1,EXC,6403,L5,Sim1,EXC,6399,AISynphys,Accessed on 2025-07-07 00:00:007,True,1.341536610140679,-201.96342929559287,75.0,100.0,25.0,50.0
40,mouse,VISp,66.4591472587716,43.88764882204169,L5,Sim1,EXC,6404,L5,Sim1,EXC,6399,AISynphys,Accessed on 2025-07-07 00:00:007,True,-0.8282737612511808,118.58808622392539,50.0,75.0,25.0,50.0
41,mouse,VISp,104.72585460378647,13.959286953372658,L4,,EXC,6455,L5,Sim1,EXC,6458,AISynphys,Accessed on 2025-07-07 00:00:007,True,-4.411556259960482,107.07065248116582,100.0,125.0,0.0,25.0
42,mouse,VISp,87.64367054018098,55.90864429356375,L5,,INH,6514,L5,Tlx3,EXC,6516,AISynphys,Accessed on 2025-07-07 00:00:007,True,-21.19018648308055,-64.57541490167552,75.0,100.0,50.0,75.0
43,mouse,VISp,38.59616206854907,10.595604002523647,L5,Tlx3,EXC,6583,L5,Tlx3,EXC,6584,AISynphys,Accessed on 2025-07-07 00:00:007,True,2.1229580617312647,-190.78289520855265,25.0,50.0,0.0,25.0
44,mouse,VISp,38.59616206854907,10.595604002523647,L5,Tlx3,EXC,6584,L5,Tlx3,EXC,6583,AISynphys,Accessed on 2025-07-07 00:00:007,True,2.1228331119805546,-95.22206942662979,25.0,50.0,0.0,25.0
45,mouse,VISp,3.0152284160330494,22.715952140492902,L5,Tlx3,EXC,6585,L5,Tlx3,EXC,6584,AISynphys,Accessed on 2025-07-07 00:00:007,True,0.14491776220644495,-4623.234403908096,0.0,25.0,0.0,25.0
46,mouse,VISp,25.188314055614043,43.71627321542597,L4,Tlx3,EXC,6660,L5,Pvalb,INH,6667,AISynphys,Accessed on 2025-07-07 00:00:007,True,2.3777134721665525,-254.10513118892885,25.0,50.0,25.0,50.0
47,mouse,VISp,89.72803683387302,9.433839588898035,L5,Sim1,EXC,6950,L5,Sim1,EXC,6949,AISynphys,Accessed on 2025-07-07 00:00:007,True,-6.167855425687017,-10.878535162685539,75.0,100.0,0.0,25.0
48,mouse,VISp,58.83633493943066,7.580901971740904,L5,Sst,INH,8177,L5,Pvalb,INH,8167,AISynphys,Accessed on 2025-07-07 00:00:007,True,-9.031582307647984,-79.0702810150714,50.0,75.0,0.0,25.0
49,mouse,VISp,19.071821874078996,29.81595007547791,L5,Tlx3,EXC,8197,L5,Pvalb,INH,8198,AISynphys,Accessed on 2025-07-07 00:00:007,True,-22.628725788686907,-7.11182580279806,0.0,25.0,25.0,50.0
50,mouse,VISp,29.876773467998017,42.676850688422824,L4,Pvalb,INH,8204,L5,Tlx3,EXC,8197,AISynphys,Accessed on 2025-07-07 00:00:007,True,-19.007297399683456,-79.58114572209813,25.0,50.0,25.0,50.0
51,mouse,VISp,2.0849332917615695,10.439468364763853,L23,,EXC,8548,L23,Vip,INH,8549,AISynphys,Accessed on 2025-07-07 00:00:007,True,-2.8377928119924336,-22.393387200384932,0.0,25.0,0.0,25.0
52,mouse,VISp,78.35175105089279,93.69604530447867,L23,,EXC,8548,L4,Sst,INH,8552,AISynphys,Accessed on 2025-07-07 00:00:007,True,0.9495449483723418,-81.90044561037972,75.0,100.0,75.0,100.0
53,mouse,VISp,78.35175105089279,93.69604530447867,L4,Sst,INH,8552,L23,,EXC,8548,AISynphys,Accessed on 2025-07-07 00:00:007,True,-24.10398818639493,-75.35147215774504,75.0,100.0,75.0,100.0
54,mouse,VISp,76.09229915614632,61.76087295190568,L23,,EXC,8576,L23,Vip,INH,8578,AISynphys,Accessed on 2025-07-07 00:00:007,True,3.6982962130872963,-136.9488249144847,75.0,100.0,50.0,75.0
55,mouse,VISp,59.20130907150599,11.232143229142713,L23,Pvalb,INH,8730,L23,Pvalb,INH,8725,AISynphys,Accessed on 2025-07-07 00:00:007,True,-17.323745480935933,-70.01928073826332,50.0,75.0,0.0,25.0
56,mouse,VISp,22.323371031373103,59.9325660181146,L23,,EXC,8734,L4,Pvalb,INH,8735,AISynphys,Accessed on 2025-07-07 00:00:007,True,-3.829084632437155,90.20241962294187,0.0,25.0,50.0,75.0
57,mouse,VISp,27.377172474766788,72.65865029696656,L23,,EXC,8737,L4,Sst,INH,8736,AISynphys,Accessed on 2025-07-07 00:00:007,True,-3.0291025269094956,-21.901034584650294,25.0,50.0,50.0,75.0
58,mouse,VISp,2.060302831698496,70.95285091813928,L23,,EXC,8786,L23,Sst,INH,8784,AISynphys,Accessed on 2025-07-07 00:00:007,True,-2.3077422739225093,-27.175924216402617,0.0,25.0,50.0,75.0
59,mouse,VISp,46.00039550441869,13.232074132465831,L5,Pvalb,INH,8800,L5,,EXC,8794,AISynphys,Accessed on 2025-07-07 00:00:007,True,-21.640050711406577,-58.28958531017611,25.0,50.0,0.0,25.0
60,mouse,VISp,24.761218066877316,44.2480478924723,L5,Pvalb,INH,8800,L5,Pvalb,INH,8798,AISynphys,Accessed on 2025-07-07 00:00:007,True,-46.026045116294426,-69.99635687959479,0.0,25.0,25.0,50.0
61,mouse,VISp,53.59272321146997,37.22093930180687,L5,,INH,8874,L5,Rorb,EXC,8875,AISynphys,Accessed on 2025-07-07 00:00:007,True,-74.72625526975946,-75.58611212761998,50.0,75.0,25.0,50.0
62,mouse,VISp,70.62323508164413,28.161483524538497,L5,,INH,8874,L5,Rorb,EXC,8876,AISynphys,Accessed on 2025-07-07 00:00:007,True,-20.332654432359714,-89.07356488287982,50.0,75.0,25.0,50.0
63,mouse,VISp,53.59272321146997,37.22093930180687,L5,Rorb,EXC,8875,L5,,INH,8874,AISynphys,Accessed on 2025-07-07 00:00:007,True,11.683922950399458,-176.4455515077284,50.0,75.0,25.0,50.0
64,mouse,VISp,74.2554508036295,22.041738984929207,L5,Rorb,EXC,8875,L5,,INH,8878,AISynphys,Accessed on 2025-07-07 00:00:007,True,-2.6087595175648306,67.9909181497413,50.0,75.0,0.0,25.0
65,mouse,VISp,70.62323508164413,28.161483524538497,L5,Rorb,EXC,8876,L5,,INH,8874,AISynphys,Accessed on 2025-07-07 00:00:007,True,37.72904569662094,-99.04317315749982,50.0,75.0,25.0,50.0
66,mouse,VISp,49.875672647831294,24.176746012984736,L5,,INH,8878,L5,Rorb,EXC,8880,AISynphys,Accessed on 2025-07-07 00:00:007,True,-15.961030470195086,-59.965920332371056,25.0,50.0,0.0,25.0
67,mouse,VISp,45.99996773982757,3.3806879262655145,L5,Rorb,EXC,8879,L5,Rorb,EXC,8876,AISynphys,Accessed on 2025-07-07 00:00:007,True,1.1926808385560637,-141.6518766759193,25.0,50.0,0.0,25.0
68,mouse,VISp,49.875672647831294,24.176746012984736,L5,Rorb,EXC,8880,L5,,INH,8878,AISynphys,Accessed on 2025-07-07 00:00:007,True,-4.9598538370634735,-15.876246050670295,25.0,50.0,0.0,25.0
69,mouse,VISp,176.13909259504268,73.80893752063572,L23,Sst,INH,8926,L23,,INH,8923,AISynphys,Accessed on 2025-07-07 00:00:007,True,-8.675076849235385,-68.36534039931479,175.0,200.0,50.0,75.0
70,mouse,VISp,70.29584296091392,145.03163381502156,L5,Tlx3,EXC,8942,L5,Vip,INH,8938,AISynphys,Accessed on 2025-07-07 00:00:007,True,-4.004334914369645,142.75735850510804,50.0,75.0,125.0,150.0
71,mouse,VISp,58.695232508196376,93.26583415087605,L5,Sst,INH,8979,L5,Sst,INH,8975,AISynphys,Accessed on 2025-07-07 00:00:007,True,-22.675734451340595,-73.35495936690162,50.0,75.0,75.0,100.0
72,mouse,VISp,94.80178641959778,47.45627844503838,L5,Pvalb,INH,9070,L4,Pvalb,INH,9077,AISynphys,Accessed on 2025-07-07 00:00:007,True,-3.387928275906921,-91.94659141804645,75.0,100.0,25.0,50.0
73,mouse,VISp,35.60536367587496,37.442301857106955,L5,Pvalb,INH,9071,L5,Tlx3,EXC,9072,AISynphys,Accessed on 2025-07-07 00:00:007,True,-29.19700605330673,-68.00902972731278,25.0,50.0,25.0,50.0
74,mouse,VISp,133.85027494722138,66.35310972217655,L4,,EXC,9120,L4,Pvalb,INH,9123,AISynphys,Accessed on 2025-07-07 00:00:007,True,-4.397462871820078,-14.848661990845407,125.0,150.0,50.0,75.0
75,mouse,VISp,30.168403812285483,16.648284312771846,L4,Pvalb,INH,9122,L4,Pvalb,INH,9123,AISynphys,Accessed on 2025-07-07 00:00:007,True,-78.00430674389526,-70.65708602025141,25.0,50.0,0.0,25.0
76,mouse,VISp,154.9315513454141,35.92519870541349,L4,Nr5a1,EXC,9193,L4,Nr5a1,EXC,9196,AISynphys,Accessed on 2025-07-07 00:00:007,True,-0.9897498953397245,14.494750615189814,150.0,175.0,25.0,50.0
77,mouse,VISp,8.180776698769394,45.91310994111458,L4,Nr5a1,EXC,9194,L4,Nr5a1,EXC,9196,AISynphys,Accessed on 2025-07-07 00:00:007,True,0.9261244713556022,-782.036061385808,0.0,25.0,25.0,50.0
78,mouse,VISp,40.54421563320026,24.69885692230632,L4,Nr5a1,EXC,9216,L4,Nr5a1,EXC,9215,AISynphys,Accessed on 2025-07-07 00:00:007,True,-8.343378330866628,-36.57735995199625,25.0,50.0,0.0,25.0
79,mouse,VISp,55.253538237993574,39.210627011979355,L4,Nr5a1,EXC,9217,L4,Nr5a1,EXC,9218,AISynphys,Accessed on 2025-07-07 00:00:007,True,-11.601921211524319,71.19421509688586,50.0,75.0,25.0,50.0
80,mouse,VISp,29.124368132053874,98.8266312494693,L4,Sst,INH,9248,L5,Sst,INH,9246,AISynphys,Accessed on 2025-07-07 00:00:007,True,-26.38751652769226,-70.72066293632989,25.0,50.0,75.0,100.0
81,mouse,VISp,97.9249964830103,47.16024883196029,L6a,Pvalb,INH,9255,L6a,Pvalb,INH,9260,AISynphys,Accessed on 2025-07-07 00:00:007,True,-92.5035808420221,-69.80060350885586,75.0,100.0,25.0,50.0
82,mouse,VISp,92.45409398603081,7.382662735907201,L4,Nr5a1,EXC,9429,L4,Nr5a1,EXC,9431,AISynphys,Accessed on 2025-07-07 00:00:007,True,1.1438634070705354,-138.49059890829326,75.0,100.0,0.0,25.0
83,mouse,VISp,19.640064358579902,52.66992802995693,L23,,EXC,9502,L23,,INH,9503,AISynphys,Accessed on 2025-07-07 00:00:007,True,-8.11301749896688,24.920169726873695,0.0,25.0,50.0,75.0
84,mouse,VISp,89.90167691921825,53.767208954181555,L6a,,INH,9536,L6a,,INH,9534,AISynphys,Accessed on 2025-07-07 00:00:007,True,-11.365095702167938,-70.85020893648361,75.0,100.0,50.0,75.0
85,mouse,VISp,71.5812725003512,106.2620611503022,L4,Sst,INH,9563,L23,,EXC,9564,AISynphys,Accessed on 2025-07-07 00:00:007,True,-7.418841078666797,-75.17363396502394,50.0,75.0,100.0,125.0
86,mouse,VISp,27.125915205468097,72.32690578972476,L23,,EXC,9643,L23,Vip,INH,9642,AISynphys,Accessed on 2025-07-07 00:00:007,True,-27.777053019659853,-14.528576475379353,25.0,50.0,50.0,75.0
87,mouse,VISp,7.059834893675386,136.69482972027146,L6a,,EXC,9804,L5,Pvalb,INH,9806,AISynphys,Accessed on 2025-07-07 00:00:007,True,0.2247006092612557,-419.78503311444604,0.0,25.0,125.0,150.0
88,mouse,VISp,74.11401438971644,95.28362384765232,L5,Pvalb,INH,9808,L6a,,EXC,9804,AISynphys,Accessed on 2025-07-07 00:00:007,True,-20.102134225517588,-74.14075157789551,50.0,75.0,75.0,100.0
89,mouse,VISp,37.85644067906564,36.376846181086,L6a,Ntsr1,EXC,9816,L6a,Pvalb,INH,9814,AISynphys,Accessed on 2025-07-07 00:00:007,True,19.905724613491977,-132.27837275827267,25.0,50.0,25.0,50.0
90,mouse,VISp,54.72245910613976,16.551796983918827,L6a,Ntsr1,EXC,9817,L6a,Pvalb,INH,9814,AISynphys,Accessed on 2025-07-07 00:00:007,True,0.9459243224686208,-97.31592748046253,50.0,75.0,0.0,25.0
91,mouse,VISp,23.83727190035755,58.700067897306965,L5,Tlx3,EXC,9841,L5,Sst,INH,9840,AISynphys,Accessed on 2025-07-07 00:00:007,True,-1.8433185854933398,-34.727935192719706,0.0,25.0,50.0,75.0
92,mouse,VISp,25.412754688668834,94.34509512329475,L4,Nr5a1,EXC,9897,L5,Nr5a1,EXC,9900,AISynphys,Accessed on 2025-07-07 00:00:007,True,0.2713790505873384,-290.44116538390915,25.0,50.0,75.0,100.0
93,mouse,VISp,53.6778045797308,22.7351948183922,L4,Nr5a1,EXC,9899,L4,Nr5a1,EXC,9904,AISynphys,Accessed on 2025-07-07 00:00:007,True,-1.2239337918765238,112.55886250848015,50.0,75.0,0.0,25.0
94,mouse,VISp,19.142505479907797,24.53818109481037,L4,Nr5a1,EXC,9904,L4,Nr5a1,EXC,9901,AISynphys,Accessed on 2025-07-07 00:00:007,True,-3.3647683112086386,53.37192897938461,0.0,25.0,0.0,25.0
95,mouse,VISp,66.5252367628942,72.61867681182908,L5,Sst,INH,9908,L5,,INH,9906,AISynphys,Accessed on 2025-07-07 00:00:007,True,-4.038205054102609,-76.37861014403428,50.0,75.0,50.0,75.0
96,mouse,VISp,40.33390008113639,50.79239018489793,L5,,EXC,10390,L6a,Sst,INH,10395,AISynphys,Accessed on 2025-07-07 00:00:007,True,-14.834019258066387,-41.23558282773317,25.0,50.0,50.0,75.0
97,mouse,VISp,21.416846242620615,24.781421766717926,L6a,Ntsr1,EXC,10410,L6a,Pvalb,INH,10411,AISynphys,Accessed on 2025-07-07 00:00:007,True,-19.569686615652238,-44.97856147157841,0.0,25.0,0.0,25.0
98,mouse,VISp,100.3814543081804,41.35789108144465,L6a,Ntsr1,EXC,10433,L6a,Pvalb,INH,10427,AISynphys,Accessed on 2025-07-07 00:00:007,True,-7.242801116990356,-15.845400332599842,100.0,125.0,25.0,50.0
99,mouse,VISp,24.597919627386315,25.14139390934103,L6a,Pvalb,INH,10460,L6a,,EXC,10461,AISynphys,Accessed on 2025-07-07 00:00:007,True,-18.70835619920981,-72.23868029410525,0.0,25.0,25.0,50.0
100,mouse,VISp,24.597919627386315,25.14139390934103,L6a,,EXC,10461,L6a,Pvalb,INH,10460,AISynphys,Accessed on 2025-07-07 00:00:007,True,-0.8163416750725871,771.89702147344,0.0,25.0,25.0,50.0
101,mouse,VISp,94.16846298544571,20.3028020876136,L6a,Ntsr1,EXC,10490,L6a,,EXC,10493,AISynphys,Accessed on 2025-07-07 00:00:007,True,-0.2833881525861025,40.719208354643115,75.0,100.0,0.0,25.0
102,mouse,VISp,14.337886077482235,4.852877669912098,L6a,Ntsr1,EXC,10495,L6a,Sst,INH,10494,AISynphys,Accessed on 2025-07-07 00:00:007,True,-5.754050782681558,-47.18748159237313,0.0,25.0,0.0,25.0
103,mouse,VISp,29.772726252556016,62.011138128487595,L6a,Ntsr1,EXC,10496,L6a,,EXC,10493,AISynphys,Accessed on 2025-07-07 00:00:007,True,-13.146189409181138,1.830528121642644,25.0,50.0,50.0,75.0
104,mouse,VISp,0.07224039638872086,37.03379230075067,L6a,Ntsr1,EXC,10496,L6a,Sst,INH,10494,AISynphys,Accessed on 2025-07-07 00:00:007,True,-9.478556000358251,-39.64952653271384,0.0,25.0,25.0,50.0
105,mouse,VISp,65.36391441520044,34.7787630161329,L4,Sim1,EXC,10556,L5,Sim1,EXC,10560,AISynphys,Accessed on 2025-07-07 00:00:007,True,-0.4863402665250607,70.6893265010913,50.0,75.0,25.0,50.0
106,mouse,VISp,101.54332564276649,17.312734207428434,L5,Tlx3,EXC,10632,L5,Sst,INH,10627,AISynphys,Accessed on 2025-07-07 00:00:007,True,-1.21080186825908e-11,-37.519463503943726,100.0,125.0,0.0,25.0
107,mouse,VISp,41.25984307983231,0.6503856990837458,L5,Tlx3,EXC,10694,L5,Pvalb,INH,10695,AISynphys,Accessed on 2025-07-07 00:00:007,True,-2.831221758716388,-23.081676804984824,25.0,50.0,0.0,25.0
108,mouse,VISp,9.81537918637675,16.4750512714722,L5,Tlx3,EXC,10764,L5,Tlx3,EXC,10765,AISynphys,Accessed on 2025-07-07 00:00:007,True,-2.51268676213404,-22.306110857818314,0.0,25.0,0.0,25.0
109,mouse,VISp,7.884807520130079,133.20875744327225,L23,,EXC,10800,L23,Pvalb,INH,10797,AISynphys,Accessed on 2025-07-07 00:00:007,True,4.359483063534123,-104.79002586514547,0.0,25.0,125.0,150.0
110,mouse,VISp,133.08173377349013,104.45684982389561,L23,Pvalb,INH,10802,L23,Pvalb,INH,10797,AISynphys,Accessed on 2025-07-07 00:00:007,True,-8.173598500945413,-69.96463735840501,125.0,150.0,100.0,125.0
111,mouse,VISp,112.79483454139643,96.88226758591595,L23,,EXC,10987,L23,Vip,INH,10989,AISynphys,Accessed on 2025-07-07 00:00:007,True,-31.139638343335122,-28.18927270156078,100.0,125.0,75.0,100.0
112,mouse,VISp,26.865428972255394,155.47986692194812,L23,,EXC,11025,L23,Sst,INH,11028,AISynphys,Accessed on 2025-07-07 00:00:007,True,4.193876021325765,-78.34710047608104,25.0,50.0,150.0,175.0
113,mouse,VISp,88.84367738858984,8.759567200053125,L23,,EXC,11026,L23,Vip,INH,11032,AISynphys,Accessed on 2025-07-07 00:00:007,True,-14.728688469910427,-20.319899890559103,75.0,100.0,0.0,25.0
114,mouse,VISp,26.865428972255394,155.47986692194812,L23,Sst,INH,11028,L23,,EXC,11025,AISynphys,Accessed on 2025-07-07 00:00:007,True,0.0,-68.2638512276141,25.0,50.0,150.0,175.0
115,mouse,VISp,24.26084570765543,80.46555053219573,L23,Sst,INH,11028,L23,,EXC,11026,AISynphys,Accessed on 2025-07-07 00:00:007,True,-0.11549570088646084,-508.30111839595793,0.0,25.0,75.0,100.0
116,mouse,VISp,98.71223292815326,59.045419084531744,L23,Vip,INH,11032,L23,Vip,INH,11027,AISynphys,Accessed on 2025-07-07 00:00:007,True,-27.371375915815346,-71.13235332818223,75.0,100.0,50.0,75.0
117,mouse,VISp,149.5501933398434,75.64310094453717,L23,,EXC,11045,L23,Sst,INH,11042,AISynphys,Accessed on 2025-07-07 00:00:007,True,1.5427751111366292,-148.7335608014117,125.0,150.0,75.0,100.0
118,mouse,VISp,33.87982291343648,32.77528965370464,L23,,EXC,11066,L23,Vip,INH,11064,AISynphys,Accessed on 2025-07-07 00:00:007,True,7.774200059997693,-105.60029881821097,25.0,50.0,25.0,50.0
119,mouse,VISp,23.25647192755155,26.736633147294437,L23,Pvalb,INH,11177,L23,,EXC,11179,AISynphys,Accessed on 2025-07-07 00:00:007,True,-50.308246112991,-69.84250068410503,0.0,25.0,25.0,50.0
120,mouse,VISp,0.4532885072021364,45.92718140741099,L23,,EXC,11232,L23,Pvalb,INH,11233,AISynphys,Accessed on 2025-07-07 00:00:007,True,6.7210995085512835,-112.34455760367587,0.0,25.0,25.0,50.0
121,mouse,VISp,79.76445102925186,140.4806768095955,L4,Pvalb,INH,11258,L23,,EXC,11260,AISynphys,Accessed on 2025-07-07 00:00:007,True,-21.90417766311269,-73.83581652414972,75.0,100.0,125.0,150.0
122,mouse,VISp,103.720949161171,39.48310175639395,L23,,EXC,11400,L23,Sst,INH,11405,AISynphys,Accessed on 2025-07-07 00:00:007,True,-1.858229399052063,-13.568054103310956,100.0,125.0,25.0,50.0
123,mouse,VISp,48.03095935041175,101.25514226590707,L23,Pvalb,INH,11404,L23,,EXC,11400,AISynphys,Accessed on 2025-07-07 00:00:007,True,-131.93569036543295,-57.84556961748624,25.0,50.0,100.0,125.0
124,mouse,VISp,38.638910973939986,52.356909441619436,L23,Pvalb,INH,11404,L23,Pvalb,INH,11403,AISynphys,Accessed on 2025-07-07 00:00:007,True,-5.788872159033962,-85.05387462108699,25.0,50.0,50.0,75.0
125,mouse,VISp,103.720949161171,39.48310175639395,L23,Sst,INH,11405,L23,,EXC,11400,AISynphys,Accessed on 2025-07-07 00:00:007,True,-23.172458174679193,-57.96243834717477,100.0,125.0,25.0,50.0
126,mouse,VISp,34.67434333181694,79.67467189193377,L23,,EXC,11410,L4,Sst,INH,11408,AISynphys,Accessed on 2025-07-07 00:00:007,True,-1.3637311608146707,1052.5897339326607,25.0,50.0,75.0,100.0
127,mouse,VISp,145.67926648795813,13.189734092107114,L23,Pvalb,INH,11433,L23,Pvalb,INH,11437,AISynphys,Accessed on 2025-07-07 00:00:007,True,-8.699376719948958,-68.23375294493741,125.0,150.0,0.0,25.0
128,mouse,VISp,37.64614153975787,53.9774268158322,L23,,EXC,11434,L23,Pvalb,INH,11433,AISynphys,Accessed on 2025-07-07 00:00:007,True,-1.1933748891223475,-6.7188713630876995,25.0,50.0,50.0,75.0
129,mouse,VISp,106.14726375948226,41.014302457251596,L23,,EXC,11434,L23,Pvalb,INH,11437,AISynphys,Accessed on 2025-07-07 00:00:007,True,-1.1946811049584372,46.852516290518054,100.0,125.0,25.0,50.0
130,mouse,VISp,145.67926648795813,13.189734092107114,L23,Pvalb,INH,11437,L23,Pvalb,INH,11433,AISynphys,Accessed on 2025-07-07 00:00:007,True,-8.977523515204654,-72.6445659306448,125.0,150.0,0.0,25.0
131,mouse,VISp,106.14726375948226,41.014302457251596,L23,Pvalb,INH,11437,L23,,EXC,11434,AISynphys,Accessed on 2025-07-07 00:00:007,True,-18.807696006947822,-73.35347631459037,100.0,125.0,25.0,50.0
132,mouse,VISp,121.06616913245367,43.154834911885764,L23,Pvalb,INH,11439,L23,Pvalb,INH,11433,AISynphys,Accessed on 2025-07-07 00:00:007,True,-10.579181784328139,-72.35778636707033,100.0,125.0,25.0,50.0
133,mouse,VISp,80.81597155136276,97.02288388034697,L23,Pvalb,INH,11439,L23,,EXC,11434,AISynphys,Accessed on 2025-07-07 00:00:007,True,-8.806521968483047,-73.94318076496556,75.0,100.0,75.0,100.0
134,mouse,VISp,28.49670724355638,43.964746096446994,L6a,Sst,INH,11468,L6a,,EXC,11469,AISynphys,Accessed on 2025-07-07 00:00:007,True,-9.774067360076868,-74.64632502622254,25.0,50.0,25.0,50.0
135,mouse,VISp,99.92832955472215,7.0080460474276824,L4,,EXC,11479,L4,Pvalb,INH,11481,AISynphys,Accessed on 2025-07-07 00:00:007,True,1.2232065573875226,-91.86090466026788,75.0,100.0,0.0,25.0
136,mouse,VISp,53.52711169359249,6.586183279537218,L4,Pvalb,INH,11481,L4,Pvalb,INH,11480,AISynphys,Accessed on 2025-07-07 00:00:007,True,-68.90018081283884,-69.49738099440748,50.0,75.0,0.0,25.0
137,mouse,VISp,2.2627155449736955,66.95820521939439,L6a,Sst,INH,11550,L6a,,EXC,11554,AISynphys,Accessed on 2025-07-07 00:00:007,True,-4.713269787694454,-71.38144557871132,0.0,25.0,50.0,75.0
138,mouse,VISp,52.82937743441521,4.976733064179625,L6a,Ntsr1,EXC,11594,L6a,Sst,INH,11596,AISynphys,Accessed on 2025-07-07 00:00:007,True,0.5223455819102455,-513.5275553843755,50.0,75.0,0.0,25.0
139,mouse,VISp,10.665218926046142,6.412776358919357,L6a,Ntsr1,EXC,11595,L6a,Sst,INH,11596,AISynphys,Accessed on 2025-07-07 00:00:007,True,-1.9530712431845942,14.764285583749615,0.0,25.0,0.0,25.0
140,mouse,VISp,3.5853883443400063,104.14039749396143,L4,Tlx3,EXC,11654,L4,Vip,INH,11656,AISynphys,Accessed on 2025-07-07 00:00:007,True,1.0984430516841948,-142.70007750917364,0.0,25.0,100.0,125.0
141,mouse,VISp,23.939200572802942,46.60896011868434,L23,,EXC,11659,L23,Pvalb,INH,11657,AISynphys,Accessed on 2025-07-07 00:00:007,True,-12.079234509615073,-28.385144187548352,0.0,25.0,25.0,50.0
142,mouse,VISp,73.27580404640307,0.33114337253569526,L23,,EXC,11659,L23,Vip,INH,11660,AISynphys,Accessed on 2025-07-07 00:00:007,True,-1.6533534706148643,-2.235074430692836,50.0,75.0,0.0,25.0
143,mouse,VISp,71.45022626368676,76.98212160494114,L5,Tlx3,EXC,11711,L4,Vip,INH,11705,AISynphys,Accessed on 2025-07-07 00:00:007,True,0.13141158954440202,-235.79160623698485,50.0,75.0,75.0,100.0
144,mouse,VISp,134.75452543134793,63.86582739511192,L5,Pvalb,INH,11765,L5,Sim1,EXC,11768,AISynphys,Accessed on 2025-07-07 00:00:007,True,-64.0350680832716,-66.55848005267458,125.0,150.0,50.0,75.0
145,mouse,VISp,66.65855369044033,38.699749078627484,L5,Sim1,EXC,11766,L5,Pvalb,INH,11765,AISynphys,Accessed on 2025-07-07 00:00:007,True,-2.4203733426407665,186.42494968087234,50.0,75.0,25.0,50.0
146,mouse,VISp,57.97542213126815,155.475346873777,L23,Pvalb,INH,11805,L5,Tlx3,EXC,11809,AISynphys,Accessed on 2025-07-07 00:00:007,True,-23.254432863501307,-73.80152824459836,50.0,75.0,150.0,175.0
147,mouse,VISp,10.464581482025618,72.05859617135236,L4,Pvalb,INH,11806,L5,Tlx3,EXC,11809,AISynphys,Accessed on 2025-07-07 00:00:007,True,-23.811257795156326,-73.47907866443259,0.0,25.0,50.0,75.0
148,mouse,VISp,56.3591470303194,323.8758118029422,L5,Tlx3,EXC,11820,L23,Pvalb,INH,11824,AISynphys,Accessed on 2025-07-07 00:00:007,True,2.6520071440867623,-237.83714175920284,50.0,75.0,300.0,325.0
149,mouse,VISp,98.2409082713756,31.051168570363505,L23,,EXC,11907,L23,Vip,INH,11908,AISynphys,Accessed on 2025-07-07 00:00:007,True,-21.94390843153686,-26.40578531679449,75.0,100.0,25.0,50.0
150,mouse,VISp,17.187608421032746,25.791959653451176,L23,,EXC,11913,L23,,EXC,11907,AISynphys,Accessed on 2025-07-07 00:00:007,True,-20.734194252404176,-34.603315275582275,0.0,25.0,25.0,50.0
151,mouse,VISp,59.19728591793037,82.77771057459114,L23,,EXC,11913,L23,Pvalb,INH,11914,AISynphys,Accessed on 2025-07-07 00:00:007,True,-5.073808232692881,10.272864751651392,50.0,75.0,75.0,100.0
152,mouse,VISp,116.78042755353121,28.402613304669305,L6a,,EXC,11924,L6a,Pvalb,INH,11925,AISynphys,Accessed on 2025-07-07 00:00:007,True,0.387245527223156,-299.93493609581674,100.0,125.0,25.0,50.0
153,mouse,VISp,37.3045133171247,59.88356570155482,L6a,Ntsr1,EXC,12069,L6a,Pvalb,INH,12070,AISynphys,Accessed on 2025-07-07 00:00:007,True,22.858296492408083,-106.73355400734287,25.0,50.0,50.0,75.0
154,mouse,VISp,136.23449104986213,19.385237069354048,L23,Pvalb,INH,12091,L23,,,12094,AISynphys,Accessed on 2025-07-07 00:00:007,True,-3.9799823086534354,-70.21230344732405,125.0,150.0,0.0,25.0
155,mouse,VISp,34.06849263879479,172.184644844714,L4,Pvalb,INH,12097,L5,Pvalb,INH,12098,AISynphys,Accessed on 2025-07-07 00:00:007,True,-41.75706251490015,-71.44594938766465,25.0,50.0,150.0,175.0
156,mouse,VISp,34.06849263879479,172.184644844714,L5,Pvalb,INH,12098,L4,Pvalb,INH,12097,AISynphys,Accessed on 2025-07-07 00:00:007,True,-32.87553886670292,-69.35355796786106,25.0,50.0,150.0,175.0
157,mouse,VISp,57.088582598531445,4.330128103257705,L23,Sst,INH,12204,L23,,EXC,12209,AISynphys,Accessed on 2025-07-07 00:00:007,True,-6.824719772284495,-67.7014829353835,50.0,75.0,0.0,25.0
158,mouse,VISp,57.088582598531445,4.330128103257705,L23,,EXC,12209,L23,Sst,INH,12204,AISynphys,Accessed on 2025-07-07 00:00:007,True,-6.253166354880593,-44.99976713373161,50.0,75.0,0.0,25.0
159,mouse,VISp,14.036961436896032,117.66881092906085,L5,Pvalb,INH,12213,L6a,Sst,INH,12214,AISynphys,Accessed on 2025-07-07 00:00:007,True,-49.0694331669664,-71.90145995840878,0.0,25.0,100.0,125.0
160,mouse,VISp,3.5290662973912226,41.548795416096,L5,Pvalb,INH,12263,L5,Sim1,EXC,12264,AISynphys,Accessed on 2025-07-07 00:00:007,True,-45.51441593584381,-71.61043928501023,0.0,25.0,25.0,50.0
161,mouse,VISp,233.29591207645913,39.11002329918979,L6a,Sst,INH,12325,L5,Ntsr1,EXC,12328,AISynphys,Accessed on 2025-07-07 00:00:007,True,-5.320314798381923,-70.26940859552774,225.0,250.0,25.0,50.0
162,mouse,VISp,61.69325016870958,39.52502565958678,L23,,EXC,12329,L23,Sst,INH,12335,AISynphys,Accessed on 2025-07-07 00:00:007,True,4.0163797677042865,-138.14703270344617,50.0,75.0,25.0,50.0
163,mouse,VISp,16.00398478611695,33.54661384917587,L23,,EXC,12334,L23,Sst,INH,12335,AISynphys,Accessed on 2025-07-07 00:00:007,True,-0.5784622710062421,65.12296348432862,0.0,25.0,25.0,50.0
164,mouse,VISp,61.69325016870958,39.52502565958678,L23,Sst,INH,12335,L23,,EXC,12329,AISynphys,Accessed on 2025-07-07 00:00:007,True,-6.767617253622229,-71.91657943432489,50.0,75.0,25.0,50.0
165,mouse,VISp,3.1379586092989467,87.7300152885329,L4,,EXC,12416,L5,,INH,12415,AISynphys,Accessed on 2025-07-07 00:00:007,True,-105.99584356162015,-50.19278393363753,0.0,25.0,75.0,100.0
166,mouse,VISp,22.174613242052978,389.24361958677673,L23,Pvalb,INH,12464,L5,Sim1,EXC,12466,AISynphys,Accessed on 2025-07-07 00:00:007,True,-3.652102350568118,-69.47381252051174,0.0,25.0,375.0,400.0
167,mouse,VISp,50.95719936017914,27.4929874261967,L23,Pvalb,INH,12474,L23,Pvalb,INH,12476,AISynphys,Accessed on 2025-07-07 00:00:007,True,-122.85644995164996,-70.64349794661838,50.0,75.0,25.0,50.0
168,mouse,VISp,140.8134496812639,22.908253087314208,L23,Pvalb,INH,12474,L23,Pvalb,INH,12477,AISynphys,Accessed on 2025-07-07 00:00:007,True,-7.883568059116839,-71.15625529936999,125.0,150.0,0.0,25.0
169,mouse,VISp,88.55999782153975,50.42235601247659,L23,Pvalb,INH,12476,L23,Pvalb,INH,12477,AISynphys,Accessed on 2025-07-07 00:00:007,True,-33.80119287802081,-72.89634726165288,75.0,100.0,50.0,75.0
170,mouse,VISp,88.55999782153975,50.42235601247659,L23,Pvalb,INH,12477,L23,Pvalb,INH,12476,AISynphys,Accessed on 2025-07-07 00:00:007,True,-23.818322252160943,-75.85950108080051,75.0,100.0,50.0,75.0
171,mouse,VISp,91.72412638954599,57.10556550612693,L23,Pvalb,INH,12482,L23,,EXC,12487,AISynphys,Accessed on 2025-07-07 00:00:007,True,-43.22898992204098,-68.84764150021911,75.0,100.0,50.0,75.0
172,mouse,VISp,91.72412638954599,57.10556550612693,L23,,EXC,12487,L23,Pvalb,INH,12482,AISynphys,Accessed on 2025-07-07 00:00:007,True,8.929464510230561,-174.8430720543244,75.0,100.0,50.0,75.0
173,mouse,VISp,42.99853286423293,30.064536583381578,L4,Pvalb,INH,12515,L4,Pvalb,INH,12514,AISynphys,Accessed on 2025-07-07 00:00:007,True,-13.505951718836975,-63.6621534857494,25.0,50.0,25.0,50.0
174,mouse,VISp,66.14944295153093,14.687289893382141,L4,,EXC,12578,L4,Sim1,EXC,12580,AISynphys,Accessed on 2025-07-07 00:00:007,True,-8.880828086999601,4.605511990564623,50.0,75.0,0.0,25.0
175,mouse,VISp,47.7781087522661,77.5043120296328,L5,,INH,12579,L4,Sim1,EXC,12580,AISynphys,Accessed on 2025-07-07 00:00:007,True,-57.4332100083157,-73.56748996141027,25.0,50.0,75.0,100.0
176,mouse,VISp,66.14944295153093,14.687289893382141,L4,Sim1,EXC,12580,L4,,EXC,12578,AISynphys,Accessed on 2025-07-07 00:00:007,True,-2.804025961936591,-36.769912145132054,50.0,75.0,0.0,25.0
177,mouse,VISp,21.475730465172198,9.689509885813688,L4,Nr5a1,EXC,12701,L4,Nr5a1,EXC,12702,AISynphys,Accessed on 2025-07-07 00:00:007,True,-7.690880442987772,-1.8768421046010904,0.0,25.0,0.0,25.0
178,mouse,VISp,17.99603531687498,17.4931524189841,L4,Sst,INH,12740,L4,Nr5a1,EXC,12745,AISynphys,Accessed on 2025-07-07 00:00:007,True,-10.825758838022356,-73.13393778117381,0.0,25.0,0.0,25.0
179,mouse,VISp,12.996220480847699,36.93543388283398,L4,Nr5a1,EXC,12751,L4,Nr5a1,EXC,12747,AISynphys,Accessed on 2025-07-07 00:00:007,True,3.6680949773110507,-353.6309138882661,0.0,25.0,25.0,50.0
180,mouse,VISp,13.116358076390233,98.74504446326377,L4,Nr5a1,EXC,12888,L5,Pvalb,INH,12890,AISynphys,Accessed on 2025-07-07 00:00:007,True,-2.7685956130231095,549.1281356044315,0.0,25.0,75.0,100.0
181,mouse,VISp,30.608628517675225,3.398266294293125,L5,Nr5a1,EXC,12914,L5,Nr5a1,EXC,12915,AISynphys,Accessed on 2025-07-07 00:00:007,True,-7.654571179491623,36.188517313937425,25.0,50.0,0.0,25.0
182,mouse,VISp,30.608628517675225,3.398266294293125,L5,Nr5a1,EXC,12915,L5,Nr5a1,EXC,12914,AISynphys,Accessed on 2025-07-07 00:00:007,True,-0.28289410429913553,851.4116975166477,25.0,50.0,0.0,25.0
183,mouse,VISp,12.898025932199149,70.66887671904998,L23,Nr5a1,EXC,12921,L4,Pvalb,INH,12919,AISynphys,Accessed on 2025-07-07 00:00:007,True,-3.7802585358847316,33.869839286129334,0.0,25.0,50.0,75.0
184,mouse,VISp,109.16407916542033,62.616026702161356,L4,Pvalb,INH,12953,L4,Nr5a1,EXC,12948,AISynphys,Accessed on 2025-07-07 00:00:007,True,-28.654409545133372,-64.01860081475932,100.0,125.0,50.0,75.0
185,mouse,VISp,170.29180439143835,30.86079885984943,L4,Pvalb,INH,12954,L4,Nr5a1,EXC,12951,AISynphys,Accessed on 2025-07-07 00:00:007,True,-7.160045726029944,-63.55697773771371,150.0,175.0,25.0,50.0
186,mouse,VISp,211.79622201512387,33.80180491527318,L6a,Sst,INH,12977,L6a,Vip,INH,12982,AISynphys,Accessed on 2025-07-07 00:00:007,True,-2.86755040918119,-69.13493317671907,200.0,225.0,25.0,50.0
187,mouse,VISp,211.79622201512387,33.80180491527318,L6a,Vip,INH,12982,L6a,Sst,INH,12977,AISynphys,Accessed on 2025-07-07 00:00:007,True,-3.0503324733429595,-66.18091074951157,200.0,225.0,25.0,50.0
188,mouse,VISp,46.98061038205839,81.06562362912652,L5,Sst,INH,13051,L4,Nr5a1,EXC,13049,AISynphys,Accessed on 2025-07-07 00:00:007,True,-3.7648547630729965,-74.8282313725661,25.0,50.0,75.0,100.0
189,mouse,VISp,40.56958551973257,18.691763802730627,L5,Sst,INH,13051,L4,Nr5a1,EXC,13050,AISynphys,Accessed on 2025-07-07 00:00:007,True,-8.609993136470496,-70.8213819160457,25.0,50.0,0.0,25.0
190,mouse,VISp,20.89369759024032,84.86131443913439,L5,Sst,INH,13066,L4,Sst,INH,13065,AISynphys,Accessed on 2025-07-07 00:00:007,True,-23.86816554517505,-59.82997653360946,0.0,25.0,75.0,100.0
191,mouse,VISp,55.148130460368556,69.32392599273425,L5,,EXC,13122,L5,Sst,INH,13121,AISynphys,Accessed on 2025-07-07 00:00:007,True,0.6205223801061617,-710.1526968248747,50.0,75.0,50.0,75.0
192,mouse,VISp,86.69133051830616,68.02463259280297,L4,Nr5a1,EXC,13146,L5,Pvalb,INH,13148,AISynphys,Accessed on 2025-07-07 00:00:007,True,1.5947197899493575,-116.41335861261149,75.0,100.0,50.0,75.0
193,mouse,VISp,46.244215363550225,99.59638580319849,L4,Nr5a1,EXC,13157,L5,Pvalb,INH,13159,AISynphys,Accessed on 2025-07-07 00:00:007,True,2.7633785419551025,-405.23995037352984,25.0,50.0,75.0,100.0
194,mouse,VISp,72.54151424951704,31.17926286231126,L5,Pvalb,INH,13174,L5,Nr5a1,EXC,13170,AISynphys,Accessed on 2025-07-07 00:00:007,True,-13.874123151454723,-66.55482548095085,50.0,75.0,25.0,50.0
195,mouse,VISp,1.1339409394746747,43.58750756806088,L5,,EXC,13175,L5,Pvalb,INH,13174,AISynphys,Accessed on 2025-07-07 00:00:007,True,-56216.255582509664,-69.6091986219428,0.0,25.0,25.0,50.0
196,mouse,VISp,36.53491077387527,65.6841463617743,L5,,EXC,13192,L5,,INH,13193,AISynphys,Accessed on 2025-07-07 00:00:007,True,-7.149259453242743,-19.496935211801528,25.0,50.0,50.0,75.0
197,mouse,VISp,131.81463384245689,300.13272320445014,L23,,EXC,13227,L5,Sst,INH,13223,AISynphys,Accessed on 2025-07-07 00:00:007,True,-2.104380725314572,-32.84966474271094,125.0,150.0,300.0,325.0
198,mouse,VISp,16.85921808570267,40.51972473831372,L23,,EXC,13453,L23,,EXC,13454,AISynphys,Accessed on 2025-07-07 00:00:007,True,-0.21391624897839753,461.3711991351056,0.0,25.0,25.0,50.0
199,mouse,VISp,117.54193944728894,52.6786280517999,L23,Vip,INH,13460,L23,,EXC,13453,AISynphys,Accessed on 2025-07-07 00:00:007,True,-7.217423290366353,-64.31924005036191,100.0,125.0,50.0,75.0
200,mouse,VISp,29.417013026072564,74.89297164082808,L4,Nr5a1,EXC,13574,L23,Nr5a1,EXC,13575,AISynphys,Accessed on 2025-07-07 00:00:007,True,1.2807647836781135,-180.47489251218528,25.0,50.0,50.0,75.0
201,mouse,VISp,20.227178265671597,52.78649572427356,L23,Sst,INH,13653,L23,,EXC,13652,AISynphys,Accessed on 2025-07-07 00:00:007,True,-21.312723107602885,-69.79278971772565,0.0,25.0,50.0,75.0
202,mouse,VISp,11.273061480910446,32.953294673030925,L23,,EXC,13655,L23,Sst,INH,13656,AISynphys,Accessed on 2025-07-07 00:00:007,True,-9.132427383969132,-27.86372731637431,0.0,25.0,25.0,50.0
203,mouse,VISp,56.10947038312504,19.110201704199568,L23,,EXC,13655,L23,,INH,13657,AISynphys,Accessed on 2025-07-07 00:00:007,True,-10.992170350570023,-4.7712585516779935,50.0,75.0,0.0,25.0
204,mouse,VISp,56.10947038312504,19.110201704199568,L23,,INH,13657,L23,,EXC,13655,AISynphys,Accessed on 2025-07-07 00:00:007,True,-1.236683458366816,-72.88329078969069,50.0,75.0,0.0,25.0
205,mouse,VISp,6.299538862756938,15.768238519461095,L23,,EXC,13826,L23,,INH,13827,AISynphys,Accessed on 2025-07-07 00:00:007,True,0.055588763980594945,-167.8765560448318,0.0,25.0,0.0,25.0
206,mouse,VISp,6.391603358219036,39.8653740562058,L23,,INH,13827,L23,,EXC,13828,AISynphys,Accessed on 2025-07-07 00:00:007,True,-23.227728353790813,-72.06378435492954,0.0,25.0,25.0,50.0
207,mouse,VISp,0.20177596508016213,55.65403124536372,L23,,EXC,13828,L23,,EXC,13826,AISynphys,Accessed on 2025-07-07 00:00:007,True,0.3098890010715695,-194.96985044412858,0.0,25.0,50.0,75.0
208,mouse,VISp,126.7936404736578,70.82662142864633,L5,Vip,INH,14262,L5,Sst,INH,14264,AISynphys,Accessed on 2025-07-07 00:00:007,True,-9.142540116413388,-70.39415846391918,125.0,150.0,50.0,75.0
209,mouse,VISp,27.6676006247929,48.42682133123013,L23,,EXC,14402,L23,,EXC,14403,AISynphys,Accessed on 2025-07-07 00:00:007,True,-0.8943317367496947,6.522550076532859,25.0,50.0,25.0,50.0
210,mouse,VISp,53.17639182073048,50.65954524675631,L6a,Pvalb,INH,14809,L5,Pvalb,INH,14808,AISynphys,Accessed on 2025-07-07 00:00:007,True,-283.51135036926524,-60.96847109633687,50.0,75.0,50.0,75.0
211,mouse,VISp,21.862346570784272,105.1700573455623,L5,Pvalb,INH,14902,L4,Pvalb,INH,14904,AISynphys,Accessed on 2025-07-07 00:00:007,True,-47.23359271836404,-66.79595122576838,0.0,25.0,100.0,125.0
212,mouse,VISp,13.220759643333443,89.1497305080794,L5,Pvalb,INH,14903,L4,Pvalb,INH,14904,AISynphys,Accessed on 2025-07-07 00:00:007,True,-228.768407154337,-63.48598891551108,0.0,25.0,75.0,100.0
213,mouse,VISp,13.220759643333443,89.1497305080794,L4,Pvalb,INH,14904,L5,Pvalb,INH,14903,AISynphys,Accessed on 2025-07-07 00:00:007,True,-124.35635624864983,-71.08316517470602,0.0,25.0,75.0,100.0
214,mouse,VISp,29.644927327059158,40.89405928069973,L5,Tlx3,EXC,14922,L4,Tlx3,EXC,14921,AISynphys,Accessed on 2025-07-07 00:00:007,True,1.480590742820197,-197.82208014941853,25.0,50.0,25.0,50.0
215,mouse,VISp,23.886548501699238,39.2293801018568,L5,Tlx3,EXC,14926,L5,Fam84b,EXC,14925,AISynphys,Accessed on 2025-07-07 00:00:007,True,-27.39114452327735,11.295994703988276,0.0,25.0,25.0,50.0
216,mouse,VISp,93.6098229330198,104.22287699146774,L4,Tlx3,EXC,14927,L5,Fam84b,EXC,14924,AISynphys,Accessed on 2025-07-07 00:00:007,True,-0.889000672928208,222.1912134798628,75.0,100.0,100.0,125.0
217,mouse,VISp,37.066467804060295,70.29580305352914,L5,Sim1,EXC,15013,L5,,EXC,15012,AISynphys,Accessed on 2025-07-07 00:00:007,True,-13.122035792534566,-39.1506495789582,25.0,50.0,50.0,75.0
218,mouse,VISp,93.46356415191258,71.74777990343135,L5,Sim1,EXC,15013,L5,Sim1,EXC,15014,AISynphys,Accessed on 2025-07-07 00:00:007,True,-31.795176758990504,-50.12253125305126,75.0,100.0,50.0,75.0
219,mouse,VISp,32.25827092597826,51.93456109601942,L4,Vip,INH,15148,L5,Vip,INH,15141,AISynphys,Accessed on 2025-07-07 00:00:007,True,-5.2845424623819515,-75.21153241743178,25.0,50.0,50.0,75.0
220,mouse,VISp,32.5048258891473,44.12913568739163,L23,Nr5a1,EXC,15171,L4,Sst,INH,15173,AISynphys,Accessed on 2025-07-07 00:00:007,True,0.2967292208462057,-267.7348394665072,25.0,50.0,25.0,50.0
221,mouse,VISp,23.7936566756596,49.56439808623545,L4,Nr5a1,EXC,15172,L23,Nr5a1,EXC,15171,AISynphys,Accessed on 2025-07-07 00:00:007,True,3.382543426800665,-143.7232272125139,0.0,25.0,25.0,50.0
222,mouse,VISp,34.1291248128236,33.639998091716784,L4,Sst,INH,15174,L4,Nr5a1,EXC,15172,AISynphys,Accessed on 2025-07-07 00:00:007,True,-26.75192250251336,-70.77703516975093,25.0,50.0,25.0,50.0
223,mouse,VISp,34.779268380457204,48.7234610364465,L6a,Sst,INH,15327,L6a,Ntsr1,EXC,15326,AISynphys,Accessed on 2025-07-07 00:00:007,True,-20.909592772041886,-75.56831838733213,25.0,50.0,25.0,50.0
224,mouse,VISp,231.85285697278724,52.23410588271178,L23,,EXC,15672,L23,,EXC,15668,AISynphys,Accessed on 2025-07-07 00:00:007,True,-0.9771571099642508,-20.26235653662006,225.0,250.0,50.0,75.0
225,mouse,VISp,40.25508651405675,66.17188962781574,L1,,INH,15679,L23,,EXC,15678,AISynphys,Accessed on 2025-07-07 00:00:007,True,-10.723814941944903,-73.58975767183013,25.0,50.0,50.0,75.0
226,mouse,VISp,9.884147009647888,97.33664700477225,L5,Sst,INH,15715,L4,Vip,INH,15714,AISynphys,Accessed on 2025-07-07 00:00:007,True,-15.404555786687668,-76.75483103609501,0.0,25.0,75.0,100.0
227,mouse,VISp,146.04329878015304,157.08710880320822,L5,Sst,INH,15922,L4,Nr5a1,EXC,15925,AISynphys,Accessed on 2025-07-07 00:00:007,True,-5.1431527877065,-71.60308392556648,125.0,150.0,150.0,175.0
228,mouse,VISp,27.04236831032937,33.8887488610675,L4,Nr5a1,EXC,15955,L23,Sst,INH,15957,AISynphys,Accessed on 2025-07-07 00:00:007,True,0.01860532340383498,-107.18324051646609,25.0,50.0,25.0,50.0
229,mouse,VISp,66.83889961651954,39.248568677760076,L4,Sst,INH,15963,L23,Vip,INH,15964,AISynphys,Accessed on 2025-07-07 00:00:007,True,-2.6265855262092037,-69.27034146595433,50.0,75.0,25.0,50.0
230,mouse,VISp,10.840514500465112,187.17151327842373,L23,Vip,INH,15964,L5,Vip,INH,15961,AISynphys,Accessed on 2025-07-07 00:00:007,True,-1.4276555085909797,-72.448475189708,0.0,25.0,175.0,200.0
231,mouse,VISp,83.34799557415057,118.25509941267374,L23,Sst,INH,16021,L23,Vip,INH,16027,AISynphys,Accessed on 2025-07-07 00:00:007,True,0.0,-76.33102372530868,75.0,100.0,100.0,125.0
232,mouse,VISp,9.04316969267341,43.82504158765297,L23,,EXC,16031,L23,Pvalb,INH,16036,AISynphys,Accessed on 2025-07-07 00:00:007,True,8.728854423591192,-95.65648375895806,0.0,25.0,25.0,50.0
233,mouse,VISp,70.59061572924321,39.73711746435942,L23,,EXC,16040,L23,Pvalb,INH,16035,AISynphys,Accessed on 2025-07-07 00:00:007,True,0.24843137382476516,-781.3275079877778,50.0,75.0,25.0,50.0
234,mouse,VISp,40.95673124914659,64.91725048117122,L23,,EXC,16040,L23,Pvalb,INH,16036,AISynphys,Accessed on 2025-07-07 00:00:007,True,-8.566181461723438,-37.89559383428607,25.0,50.0,50.0,75.0
235,mouse,VISp,13.32258541223444,4.409050517255802,L6a,Pvalb,INH,16045,L6a,Pvalb,INH,16046,AISynphys,Accessed on 2025-07-07 00:00:007,True,-14.45188382664612,-76.30448120100988,0.0,25.0,0.0,25.0
236,mouse,VISp,97.22868419643719,100.87524129413242,L5,Pvalb,INH,16067,L5,Sim1,EXC,16069,AISynphys,Accessed on 2025-07-07 00:00:007,True,-25.686599940455693,-69.77195975112663,75.0,100.0,100.0,125.0
237,mouse,VISp,97.22868419643719,100.87524129413242,L5,Sim1,EXC,16069,L5,Pvalb,INH,16067,AISynphys,Accessed on 2025-07-07 00:00:007,True,-12.637333043554003,43.520605175396426,75.0,100.0,100.0,125.0
238,mouse,VISp,151.31911120619924,10.41796782323165,L23,Pvalb,INH,16078,L23,Pvalb,INH,16081,AISynphys,Accessed on 2025-07-07 00:00:007,True,-19.08925848634408,-69.05255058481873,150.0,175.0,0.0,25.0
239,mouse,VISp,131.40626435794945,30.35531784957403,L23,Pvalb,INH,16081,L23,Sst,INH,16079,AISynphys,Accessed on 2025-07-07 00:00:007,True,-7.314449957941625,-71.52703896048361,125.0,150.0,25.0,50.0
240,mouse,VISp,81.98824689601753,31.233031289929027,L23,Sst,INH,16082,L23,Pvalb,INH,16081,AISynphys,Accessed on 2025-07-07 00:00:007,True,-9.453706669699692,-70.07588545375873,75.0,100.0,25.0,50.0
241,mouse,VISp,23.512076835925864,17.79579764105869,L23,Vip,INH,16092,L23,Sst,INH,16093,AISynphys,Accessed on 2025-07-07 00:00:007,True,-35.641736781892696,-70.78765661071678,0.0,25.0,0.0,25.0
242,mouse,VISp,14.251475963836954,28.487505898063038,L4,Pvalb,INH,16216,L4,Pvalb,INH,16217,AISynphys,Accessed on 2025-07-07 00:00:007,True,-22.797546755090735,-71.24764740196937,0.0,25.0,25.0,50.0
243,mouse,VISp,68.96219449511047,46.93482096246421,L4,Pvalb,INH,16216,L4,Pvalb,INH,16218,AISynphys,Accessed on 2025-07-07 00:00:007,True,-60.51180818431592,-68.62895280122801,50.0,75.0,25.0,50.0
244,mouse,VISp,93.92545402322116,17.034960871741454,L4,Pvalb,INH,16217,L4,Pvalb,INH,16213,AISynphys,Accessed on 2025-07-07 00:00:007,True,-29.354601809326393,-69.56394002456959,75.0,100.0,0.0,25.0
245,mouse,VISp,14.251475963836954,28.487505898063038,L4,Pvalb,INH,16217,L4,Pvalb,INH,16216,AISynphys,Accessed on 2025-07-07 00:00:007,True,-71.65766351822242,-69.11742210577992,0.0,25.0,25.0,50.0
246,mouse,VISp,62.49881703461871,138.3995234705425,L6b,Sst,INH,16283,L6a,Vip,INH,16286,AISynphys,Accessed on 2025-07-07 00:00:007,True,-14.264820983677868,-67.6746186349815,50.0,75.0,125.0,150.0
247,mouse,VISp,64.48272020949182,46.86104070039807,L6a,Sst,INH,16285,L6a,Vip,INH,16286,AISynphys,Accessed on 2025-07-07 00:00:007,True,-7.405795659282855,-70.73901279574864,50.0,75.0,25.0,50.0
248,mouse,VISp,55.89268292715252,115.81795614094,L6a,Vip,INH,16286,L6a,Sst,INH,16284,AISynphys,Accessed on 2025-07-07 00:00:007,True,-15.013249937772283,-71.60981413090636,50.0,75.0,100.0,125.0
249,mouse,VISp,10.187415861215953,70.98690439511111,L4,Tlx3,EXC,16295,L5,Pvalb,INH,16296,AISynphys,Accessed on 2025-07-07 00:00:007,True,-4.696875828096388,131.40127083436127,0.0,25.0,50.0,75.0
250,mouse,VISp,114.72751995564232,65.41633258566084,L5,Pvalb,INH,16296,L4,Tlx3,EXC,16299,AISynphys,Accessed on 2025-07-07 00:00:007,True,-54.97970204811418,-64.39321796145465,100.0,125.0,50.0,75.0
251,mouse,VISp,127.62093101147879,85.0774341265854,L5,Pvalb,INH,16296,L4,Tlx3,EXC,16300,AISynphys,Accessed on 2025-07-07 00:00:007,True,170.1244706341814,-49.864613152570165,125.0,150.0,75.0,100.0
252,mouse,VISp,60.411349799916316,13.68624022119123,L5,Tlx3,EXC,16310,L5,Pvalb,INH,16314,AISynphys,Accessed on 2025-07-07 00:00:007,True,7.171959861842072,-206.29346684816525,50.0,75.0,0.0,25.0
253,mouse,VISp,13.415260246827897,22.121540465118542,L5,Tlx3,EXC,16313,L5,Pvalb,INH,16314,AISynphys,Accessed on 2025-07-07 00:00:007,True,69.03139816567392,-87.4963020288267,0.0,25.0,0.0,25.0
254,mouse,VISp,22.88998156531201,8.254691419409257,L5,Pvalb,INH,16314,L4,Tlx3,EXC,16315,AISynphys,Accessed on 2025-07-07 00:00:007,True,-48.34246397161194,-70.22071423754868,0.0,25.0,0.0,25.0
255,mouse,VISp,22.88998156531201,8.254691419409257,L4,Tlx3,EXC,16315,L5,Pvalb,INH,16314,AISynphys,Accessed on 2025-07-07 00:00:007,True,-12.22011090590056,-28.001372461912563,0.0,25.0,0.0,25.0
256,mouse,VISp,53.16983285462406,56.70439664921268,L5,,INH,16360,L5,Pvalb,INH,16361,AISynphys,Accessed on 2025-07-07 00:00:007,True,-63.90375426324016,-72.6136050558829,50.0,75.0,50.0,75.0
257,mouse,VISp,37.64982286480946,2.324865746333374,L4,Nr5a1,EXC,16400,L4,Pvalb,INH,16402,AISynphys,Accessed on 2025-07-07 00:00:007,True,4.752034203716828,-282.71692423985223,25.0,50.0,0.0,25.0
258,mouse,VISp,22.92402775460518,44.5955937579721,L4,Nr5a1,EXC,16400,L23,Pvalb,INH,16404,AISynphys,Accessed on 2025-07-07 00:00:007,True,2.0737185444118236,-151.23675780083533,0.0,25.0,25.0,50.0
259,mouse,VISp,8.633867510966267,11.471890982879655,L23,Nr5a1,EXC,16403,L23,Pvalb,INH,16404,AISynphys,Accessed on 2025-07-07 00:00:007,True,-1.7049739071648091,-7.597052898554693,0.0,25.0,0.0,25.0
260,mouse,VISp,101.7623487107909,7.123327273361582,L4,Nr5a1,EXC,16406,L4,Nr5a1,EXC,16411,AISynphys,Accessed on 2025-07-07 00:00:007,True,4.471808803261702,-77.640580336106,100.0,125.0,0.0,25.0
261,mouse,VISp,63.31263088300969,104.58124694404746,L5,Pvalb,INH,16409,L4,Nr5a1,EXC,16406,AISynphys,Accessed on 2025-07-07 00:00:007,True,-95.59430310568575,-66.44445160531603,50.0,75.0,100.0,125.0
262,mouse,VISp,34.837635283335025,111.02790587769063,L5,Pvalb,INH,16409,L4,Nr5a1,EXC,16411,AISynphys,Accessed on 2025-07-07 00:00:007,True,-153.9826459882273,-66.35959510547718,25.0,50.0,100.0,125.0
263,mouse,VISp,34.837635283335025,111.02790587769063,L4,Nr5a1,EXC,16411,L5,Pvalb,INH,16409,AISynphys,Accessed on 2025-07-07 00:00:007,True,96.31231303708157,-73.87191594589379,25.0,50.0,100.0,125.0
264,mouse,VISp,13.58768731537146,113.62870035690659,L4,Pvalb,INH,16416,L23,Nr5a1,EXC,16413,AISynphys,Accessed on 2025-07-07 00:00:007,True,-71.47677230155756,-58.78300889574822,0.0,25.0,100.0,125.0
265,mouse,VISp,79.0130743101961,13.778265925413596,L23,Nr5a1,EXC,16417,L23,Nr5a1,EXC,16413,AISynphys,Accessed on 2025-07-07 00:00:007,True,-0.30900798170753085,209.59567702039925,75.0,100.0,0.0,25.0
266,mouse,VISp,7.898497223421864,49.78979147919379,L5,Sst,INH,16421,L4,Sim1,EXC,16422,AISynphys,Accessed on 2025-07-07 00:00:007,True,-10.285350601321309,-75.68936865062547,0.0,25.0,25.0,50.0
267,mouse,VISp,7.898497223421864,49.78979147919379,L4,Sim1,EXC,16422,L5,Sst,INH,16421,AISynphys,Accessed on 2025-07-07 00:00:007,True,-2.2721702193635234,-32.14876784498541,0.0,25.0,25.0,50.0
268,mouse,VISp,14.807190390290534,7.861230666740641,L6a,Pvalb,INH,16602,L6a,Pvalb,INH,16603,AISynphys,Accessed on 2025-07-07 00:00:007,True,-61.64028555952423,-65.47799385033795,0.0,25.0,0.0,25.0
269,mouse,VISp,5.879818685626017,64.24936309469659,L23,,EXC,16609,L23,Sst,INH,16610,AISynphys,Accessed on 2025-07-07 00:00:007,True,2.9919323090326806,-143.2889370096786,0.0,25.0,50.0,75.0
270,mouse,VISp,34.19176099959426,87.32304676771551,L23,,EXC,16609,L23,Sst,INH,16611,AISynphys,Accessed on 2025-07-07 00:00:007,True,-2.3533294628912502,711.0839741907482,25.0,50.0,75.0,100.0
271,mouse,VISp,34.19176099959426,87.32304676771551,L23,Sst,INH,16611,L23,,EXC,16609,AISynphys,Accessed on 2025-07-07 00:00:007,True,-22.051793982923332,-69.59480057634715,25.0,50.0,75.0,100.0
272,mouse,VISp,143.0076160101647,11.514808273662897,L23,,EXC,16612,L23,Pvalb,INH,16614,AISynphys,Accessed on 2025-07-07 00:00:007,True,-0.5430615391018735,64.50550644320069,125.0,150.0,0.0,25.0
273,mouse,VISp,68.99397578018532,38.16365055865647,L23,Sst,INH,16613,L23,,EXC,16609,AISynphys,Accessed on 2025-07-07 00:00:007,True,-34.13785491140182,-70.25897928024379,50.0,75.0,25.0,50.0
274,mouse,VISp,101.94417954354508,49.67509650764067,L23,Sst,INH,16613,L23,Sst,INH,16611,AISynphys,Accessed on 2025-07-07 00:00:007,True,-3.7488585288487153,-66.91239507174936,100.0,125.0,25.0,50.0
275,mouse,VISp,61.478462583196574,9.820766448018801,L23,Pvalb,INH,16616,L23,,EXC,16609,AISynphys,Accessed on 2025-07-07 00:00:007,True,-30.944093231325326,-69.35112701039047,50.0,75.0,0.0,25.0
276,mouse,VISp,93.98342643216905,97.81032003014343,L23,Pvalb,INH,16616,L23,Sst,INH,16611,AISynphys,Accessed on 2025-07-07 00:00:007,True,-3.9213222360294266,-68.1738800135722,75.0,100.0,75.0,100.0
277,mouse,VISp,17.651689038149794,4.695234328598198,L23,Sst,INH,16635,L23,Pvalb,INH,16636,AISynphys,Accessed on 2025-07-07 00:00:007,True,-88.36161164371649,-67.98622962402635,0.0,25.0,0.0,25.0
278,mouse,VISp,17.651689038149794,4.695234328598198,L23,Pvalb,INH,16636,L23,Sst,INH,16635,AISynphys,Accessed on 2025-07-07 00:00:007,True,-39.47295825079511,-59.353264335669415,0.0,25.0,0.0,25.0
279,mouse,VISp,110.9748059785613,8.616267615429674,L23,Pvalb,INH,16636,L23,Pvalb,INH,16637,AISynphys,Accessed on 2025-07-07 00:00:007,True,-70.26992805570492,-63.88166289036837,100.0,125.0,0.0,25.0
280,mouse,VISp,147.6951916771573,24.66748233217073,L23,Pvalb,INH,16638,L23,Pvalb,INH,16636,AISynphys,Accessed on 2025-07-07 00:00:007,True,-79.26906806937777,-67.68559148939174,125.0,150.0,0.0,25.0
281,mouse,VISp,36.69888702106891,33.204844187781745,L23,Pvalb,INH,16638,L23,Pvalb,INH,16637,AISynphys,Accessed on 2025-07-07 00:00:007,True,-158.32901456977527,-66.62140666195141,25.0,50.0,25.0,50.0
282,mouse,VISp,112.11508340344663,52.35186460899128,L23,Sst,INH,16650,L23,,EXC,16656,AISynphys,Accessed on 2025-07-07 00:00:007,True,-15.174919648099449,-67.60494465680561,100.0,125.0,50.0,75.0
283,mouse,VISp,9.285010638776498,57.716524035044216,L23,Pvalb,INH,16651,L23,Sst,INH,16650,AISynphys,Accessed on 2025-07-07 00:00:007,True,-5.747365904665929,-77.54429905339428,0.0,25.0,50.0,75.0
284,mouse,VISp,101.74613499506393,110.48897326980735,L23,Pvalb,INH,16651,L23,,EXC,16656,AISynphys,Accessed on 2025-07-07 00:00:007,True,-55.24308950172884,-68.78768523355515,100.0,125.0,100.0,125.0
285,mouse,VISp,112.11508340344663,52.35186460899128,L23,,EXC,16656,L23,Sst,INH,16650,AISynphys,Accessed on 2025-07-07 00:00:007,True,9.576662161365704,-115.08701302002994,100.0,125.0,50.0,75.0
286,mouse,VISp,101.74613499506393,110.48897326980735,L23,,EXC,16656,L23,Pvalb,INH,16651,AISynphys,Accessed on 2025-07-07 00:00:007,True,11.817519873455147,-120.19588231999822,100.0,125.0,100.0,125.0
287,mouse,VISp,23.355279279869322,40.52076068214039,L23,,EXC,16656,L23,Sst,INH,16655,AISynphys,Accessed on 2025-07-07 00:00:007,True,-6.2151500216454325,85.23375750511575,0.0,25.0,25.0,50.0
288,mouse,VISp,124.2954436730297,9.60338361852932,L23,Sst,INH,16666,L23,Pvalb,INH,16660,AISynphys,Accessed on 2025-07-07 00:00:007,True,-9.887475299121522,-77.24939293743142,100.0,125.0,0.0,25.0
289,mouse,VISp,67.53454340998988,56.790799364194385,L23,Sst,INH,16669,L1,Sst,INH,16670,AISynphys,Accessed on 2025-07-07 00:00:007,True,-10.348422168112618,-72.08158802714759,50.0,75.0,50.0,75.0
290,mouse,VISp,64.98608628836793,117.48923323764922,L1,Sst,INH,16670,L23,Pvalb,INH,16660,AISynphys,Accessed on 2025-07-07 00:00:007,True,-9.602815820352081,-69.8341897531762,50.0,75.0,100.0,125.0
291,mouse,VISp,30.264504753887017,82.91153908173426,L23,Sst,INH,16680,L23,Pvalb,INH,16683,AISynphys,Accessed on 2025-07-07 00:00:007,True,-7.818446662552297,-70.94637219981081,25.0,50.0,75.0,100.0
292,mouse,VISp,88.93650868228394,129.93995427452663,L23,Pvalb,INH,16683,L23,,,16691,AISynphys,Accessed on 2025-07-07 00:00:007,True,-8.289091816607085,-70.4143684386133,75.0,100.0,125.0,150.0
293,mouse,VISp,46.24561632514156,11.253165830458604,L23,Sst,INH,16685,L23,Pvalb,INH,16683,AISynphys,Accessed on 2025-07-07 00:00:007,True,-15.626710455493205,-72.47635959541437,25.0,50.0,0.0,25.0
294,mouse,VISp,91.35028108179621,47.51552883991456,L5,,INH,16748,L5,Sim1,EXC,16753,AISynphys,Accessed on 2025-07-07 00:00:007,True,-67.5605276254485,-65.71746006848541,75.0,100.0,25.0,50.0
295,mouse,VISp,83.43270439605037,12.470039733747804,L5,Sst,INH,16751,L5,Sim1,EXC,16749,AISynphys,Accessed on 2025-07-07 00:00:007,True,-31.269892196156253,-69.02698089653472,75.0,100.0,0.0,25.0
296,mouse,VISp,8.574670093967951,14.827656462826885,L5,Sst,INH,16751,L5,Sim1,EXC,16752,AISynphys,Accessed on 2025-07-07 00:00:007,True,-79.70674483880852,-73.80690397441026,0.0,25.0,0.0,25.0
297,mouse,VISp,25.611770046526296,34.42135080562436,L5,Sst,INH,16751,L5,Sim1,EXC,16753,AISynphys,Accessed on 2025-07-07 00:00:007,True,-52.89899831225329,-69.36970104673344,25.0,50.0,25.0,50.0
298,mouse,VISp,2.6267196196961233,15.04161034196477,L23,Sst,INH,16900,L23,Nr5a1,EXC,16904,AISynphys,Accessed on 2025-07-07 00:00:007,True,-8.007576062164114,-71.27052342303078,0.0,25.0,0.0,25.0
299,mouse,VISp,2.6267196196961233,15.04161034196477,L23,Nr5a1,EXC,16904,L23,Sst,INH,16900,AISynphys,Accessed on 2025-07-07 00:00:007,True,-0.5594079806914027,38.110417390392854,0.0,25.0,0.0,25.0
300,mouse,VISp,90.76950949056393,123.45914434391784,L5,,INH,17016,L23,Pvalb,INH,17021,AISynphys,Accessed on 2025-07-07 00:00:007,True,-55.12305496479243,-72.02242378623716,75.0,100.0,100.0,125.0
301,mouse,VISp,103.74939813900065,40.653557803901485,L4,,EXC,17416,L5,Sim1,EXC,17413,AISynphys,Accessed on 2025-07-07 00:00:007,True,-28.36706016013521,-26.801858489445443,100.0,125.0,25.0,50.0
302,mouse,VISp,69.50568992834634,25.186231807766845,L4,Nr5a1,EXC,17480,L23,Pvalb,INH,17482,AISynphys,Accessed on 2025-07-07 00:00:007,True,-26.641701689101613,-39.89966666711929,50.0,75.0,25.0,50.0
303,mouse,VISp,9.734888026929172,18.364637285368808,L23,Pvalb,INH,17482,L4,Nr5a1,EXC,17481,AISynphys,Accessed on 2025-07-07 00:00:007,True,-51.26989516535004,-69.07407291951635,0.0,25.0,0.0,25.0
304,mouse,VISp,43.60915219670032,107.4397239664411,L5,Pvalb,INH,17488,L23,Nr5a1,EXC,17485,AISynphys,Accessed on 2025-07-07 00:00:007,True,-15.365833233584091,-71.18430707963542,25.0,50.0,100.0,125.0
305,mouse,VISp,16.290155606086966,76.67350500681107,L5,Pvalb,INH,17488,L4,Nr5a1,EXC,17490,AISynphys,Accessed on 2025-07-07 00:00:007,True,-34.12246752110774,-67.85301681041516,0.0,25.0,75.0,100.0
306,mouse,VISp,16.290155606086966,76.67350500681107,L4,Nr5a1,EXC,17490,L5,Pvalb,INH,17488,AISynphys,Accessed on 2025-07-07 00:00:007,True,5.414706736331949,-107.69722330617667,0.0,25.0,75.0,100.0
307,mouse,VISp,22.473989152818557,24.162308964148497,L5,Sst,INH,17602,L5,Sst,INH,17603,AISynphys,Accessed on 2025-07-07 00:00:007,True,-79.4827137269055,-64.1175506809762,0.0,25.0,0.0,25.0
308,mouse,VISp,5.023682615072239,38.480632441177725,L4,Nr5a1,EXC,17615,L5,Nr5a1,EXC,17618,AISynphys,Accessed on 2025-07-07 00:00:007,True,1.0372770331093513,-234.17342863970924,0.0,25.0,25.0,50.0
309,mouse,VISp,116.63842888254308,25.623295862396663,L4,Nr5a1,EXC,17621,L5,Vip,INH,17617,AISynphys,Accessed on 2025-07-07 00:00:007,True,17.738839444355442,-93.27225528066712,100.0,125.0,25.0,50.0
310,mouse,VISp,6.649778467790674,81.10141530854615,L5,Pvalb,INH,17652,L4,Nr5a1,EXC,17651,AISynphys,Accessed on 2025-07-07 00:00:007,True,-29.212694508242855,-72.42394333312681,0.0,25.0,75.0,100.0
311,mouse,VISp,53.729988114197404,88.99740165829682,L4,Pvalb,INH,17675,L23,Nr5a1,EXC,17674,AISynphys,Accessed on 2025-07-07 00:00:007,True,-68.80088023577925,-72.3945245426313,50.0,75.0,75.0,100.0
312,mouse,VISp,41.7832724286538,90.60769331162173,L4,Pvalb,INH,17682,L4,Nr5a1,EXC,17681,AISynphys,Accessed on 2025-07-07 00:00:007,True,-57.16106368585302,-71.22697133458671,25.0,50.0,75.0,100.0
313,mouse,VISp,70.76782503294824,104.08286403974486,L4,Sim1,EXC,17721,L5,Sst,INH,17724,AISynphys,Accessed on 2025-07-07 00:00:007,True,0.012771235095574877,-94.48483920818282,50.0,75.0,100.0,125.0
314,mouse,VISp,99.37076464511131,53.89023645500025,L5,Pvalb,INH,17796,L5,,,17800,AISynphys,Accessed on 2025-07-07 00:00:007,True,-7.200445139815804,-72.12660983996477,75.0,100.0,50.0,75.0
315,mouse,VISp,25.81930643273739,50.552236203974715,L4,Pvalb,INH,17942,L4,Pvalb,INH,17952,AISynphys,Accessed on 2025-07-07 00:00:007,True,-12.222012291511327,-66.98872302781074,25.0,50.0,50.0,75.0
316,mouse,VISp,41.283042008159555,166.34177639764013,L6a,Vip,INH,19108,L6a,Sst,INH,19111,AISynphys,Accessed on 2025-07-07 00:00:007,True,-34.879331107878286,-75.73848308968796,25.0,50.0,150.0,175.0
317,mouse,VISp,41.283042008159555,166.34177639764013,L6a,Sst,INH,19111,L6a,Vip,INH,19108,AISynphys,Accessed on 2025-07-07 00:00:007,True,-0.9027331832097762,-71.17394225139277,25.0,50.0,150.0,175.0
318,mouse,VISp,128.676543487516,95.52095942292121,L4,Sst,INH,19305,L23,Nr5a1,EXC,19301,AISynphys,Accessed on 2025-07-07 00:00:007,True,-5.849419895833333,-70.96033474320079,125.0,150.0,75.0,100.0
319,mouse,VISp,18.875798654720366,80.65923728027974,L5,Sst,INH,19325,L4,Nr5a1,EXC,19326,AISynphys,Accessed on 2025-07-07 00:00:007,True,-9.596267486196181,-70.67070000737756,0.0,25.0,75.0,100.0
320,mouse,VISp,94.87586363431605,72.72719540311351,L5,Sst,INH,19325,L4,Nr5a1,EXC,19328,AISynphys,Accessed on 2025-07-07 00:00:007,True,-7.264663260159311,-67.51784701170872,75.0,100.0,50.0,75.0
321,mouse,VISp,18.875798654720366,80.65923728027974,L4,Nr5a1,EXC,19326,L5,Sst,INH,19325,AISynphys,Accessed on 2025-07-07 00:00:007,True,5.357379112426664,-73.92026671751891,0.0,25.0,75.0,100.0
322,mouse,VISp,16.98008768023499,4.599802270917726,L23,,EXC,19367,L23,Pvalb,INH,19363,AISynphys,Accessed on 2025-07-07 00:00:007,True,-16.55033655382148,170.50603966364795,0.0,25.0,0.0,25.0
323,mouse,VISp,15.247112961032485,37.31010716432629,L23,,EXC,19368,L23,Pvalb,INH,19363,AISynphys,Accessed on 2025-07-07 00:00:007,True,-8.109200638800015,-21.533734360548785,0.0,25.0,25.0,50.0
324,mouse,VISp,26.984552811598792,23.852804464842873,L23,Nr5a1,EXC,20840,L4,Nr5a1,EXC,20837,AISynphys,Accessed on 2025-07-07 00:00:007,True,5.244113385655411,-80.18186658007546,25.0,50.0,0.0,25.0
325,mouse,VISp,13.815812078212678,4.815606818407396,L4,Pvalb,INH,21429,L4,Sst,INH,21428,AISynphys,Accessed on 2025-07-07 00:00:007,True,-34.43421637245215,-69.95764928464904,0.0,25.0,0.0,25.0
326,mouse,VISp,61.01391541847961,56.62936525784691,L23,Vip,INH,21686,L23,Sst,INH,21691,AISynphys,Accessed on 2025-07-07 00:00:007,True,-9.295363750344173,-72.58040414248909,50.0,75.0,50.0,75.0
327,mouse,VISp,49.2214149388678,60.365119443150846,L23,Sst,INH,21687,L23,Vip,INH,21686,AISynphys,Accessed on 2025-07-07 00:00:007,True,-64.97236404054141,-72.90307056861418,25.0,50.0,50.0,75.0
328,mouse,VISp,84.7415957842829,54.9398063260444,L23,Sst,INH,21687,L23,Vip,INH,21692,AISynphys,Accessed on 2025-07-07 00:00:007,True,-0.0003637428951889891,-65.0571953199642,75.0,100.0,50.0,75.0
329,mouse,VISp,30.499422159147898,19.090340843684643,L23,Sst,INH,22093,L23,Vip,INH,22092,AISynphys,Accessed on 2025-07-07 00:00:007,True,-31.84311740596319,-69.29027849790326,25.0,50.0,0.0,25.0
330,mouse,VISp,32.44148675646349,45.99545409483662,L23,Vip,INH,22425,L23,Sst,INH,22423,AISynphys,Accessed on 2025-07-07 00:00:007,True,-49.28516068796776,-69.81207770255399,25.0,50.0,25.0,50.0
331,mouse,VISp,15.041640877728145,59.5805292492884,L4,Vip,INH,22438,L23,Sst,INH,22435,AISynphys,Accessed on 2025-07-07 00:00:007,True,-2.864648079310052,-72.1540552116718,0.0,25.0,50.0,75.0
332,mouse,VISp,12.695829997908618,10.432323224680205,L23,,INH,22525,L23,Sst,INH,22526,AISynphys,Accessed on 2025-07-07 00:00:007,True,-4.878597483045865,-67.85358154562239,0.0,25.0,0.0,25.0
333,mouse,VISp,124.54559473040075,7.991190620979225,L23,Sst,INH,22542,L23,,,22549,AISynphys,Accessed on 2025-07-07 00:00:007,True,-25.82824061197735,-72.52025269430928,100.0,125.0,0.0,25.0
334,mouse,VISp,117.37105677128922,4.640922111041288,L23,,INH,22543,L23,Vip,INH,22548,AISynphys,Accessed on 2025-07-07 00:00:007,True,-10.755808270510258,-69.40464315262517,100.0,125.0,0.0,25.0
335,mouse,VISp,39.5899747121589,70.72465720482913,L23,Sst,INH,22546,L23,Vip,INH,22548,AISynphys,Accessed on 2025-07-07 00:00:007,True,-17.689968775323397,-72.91532867640234,25.0,50.0,50.0,75.0
336,mouse,VISp,49.05712758794125,34.271050342243164,L23,,EXC,22737,L23,Sst,INH,22738,AISynphys,Accessed on 2025-07-07 00:00:007,True,20.743817030093286,-83.51004240239843,25.0,50.0,25.0,50.0
337,mouse,VISp,77.87555624227318,57.548971359760586,L23,Pvalb,INH,23094,L23,Pvalb,INH,23093,AISynphys,Accessed on 2025-07-07 00:00:007,True,-5.385728105637957,-70.58619433688632,75.0,100.0,50.0,75.0
338,mouse,VISp,54.35205848120576,170.30287743436887,L4,Pvalb,INH,23140,L23,Pvalb,INH,23139,AISynphys,Accessed on 2025-07-07 00:00:007,True,-49.94648969926774,-67.21823470944021,50.0,75.0,150.0,175.0
339,mouse,VISp,83.92784624510413,1.9241451785512933,L23,Pvalb,INH,23346,L23,Pvalb,INH,23342,AISynphys,Accessed on 2025-07-07 00:00:007,True,-29.847248249497774,-72.38688917652367,75.0,100.0,0.0,25.0
340,mouse,VISp,12.246108036557168,81.99795721459769,L23,Pvalb,INH,23346,L23,Sst,INH,23345,AISynphys,Accessed on 2025-07-07 00:00:007,True,-43.95198657857241,-67.93393699502563,0.0,25.0,75.0,100.0
341,mouse,VISp,74.72456490675896,26.114034530030114,L4,Pvalb,INH,23560,L4,Pvalb,INH,23564,AISynphys,Accessed on 2025-07-07 00:00:007,True,-26.53088363603363,-74.16352157226324,50.0,75.0,25.0,50.0
342,mouse,VISp,56.28434863503406,32.2298385844551,L4,Sst,INH,23561,L4,Pvalb,INH,23560,AISynphys,Accessed on 2025-07-07 00:00:007,True,-21.675670985237517,-61.59982016330516,50.0,75.0,25.0,50.0
343,mouse,VISp,68.5831643711781,1.0072152331747268,L4,Sst,INH,23561,L4,Sst,INH,23562,AISynphys,Accessed on 2025-07-07 00:00:007,True,-18.937877920595216,-67.64070215940201,50.0,75.0,0.0,25.0
344,mouse,VISp,17.43458019360392,58.32799470993985,L4,Sst,INH,23561,L4,Pvalb,INH,23564,AISynphys,Accessed on 2025-07-07 00:00:007,True,-19.392410851784156,-71.1971656572411,0.0,25.0,50.0,75.0
345,mouse,VISp,153.19605372369128,27.482732723258863,L4,Sst,INH,23563,L4,Pvalb,INH,23560,AISynphys,Accessed on 2025-07-07 00:00:007,True,-8.099654957828704,-63.04723742074986,150.0,175.0,25.0,50.0
346,mouse,VISp,74.72456490675896,26.114034530030114,L4,Pvalb,INH,23564,L4,Pvalb,INH,23560,AISynphys,Accessed on 2025-07-07 00:00:007,True,-20.446364635257268,-62.443144953970425,50.0,75.0,25.0,50.0
347,mouse,VISp,98.8957220230598,16.530071251741337,L23,Sst,INH,23636,L23,,INH,23633,AISynphys,Accessed on 2025-07-07 00:00:007,True,-17.2896205696896,-69.33672911329269,75.0,100.0,0.0,25.0
348,mouse,VISp,120.3976442779565,32.10204716850156,L23,Vip,INH,23652,L4,Sst,INH,23654,AISynphys,Accessed on 2025-07-07 00:00:007,True,-14.439342306107207,-73.93564607967151,100.0,125.0,25.0,50.0
349,mouse,VISp,65.09977282023434,23.112526111263485,L23,Pvalb,INH,23805,L23,Sst,INH,23806,AISynphys,Accessed on 2025-07-07 00:00:007,True,-8.832029969722312,-74.64574033300714,50.0,75.0,0.0,25.0
350,mouse,VISp,65.09977282023434,23.112526111263485,L23,Sst,INH,23806,L23,Pvalb,INH,23805,AISynphys,Accessed on 2025-07-07 00:00:007,True,-6.079032942568105,-71.90832396282583,50.0,75.0,0.0,25.0
351,mouse,VISp,54.817646171129745,11.262275059100464,L5,Tlx3,EXC,24114,L5,Tlx3,EXC,24118,AISynphys,Accessed on 2025-07-07 00:00:007,True,0.2212891133201017,-262.3837935484318,50.0,75.0,0.0,25.0
352,mouse,VISp,43.92520180765729,4.4165150658164425,L5,Tlx3,EXC,24119,L5,Fam84b,EXC,24115,AISynphys,Accessed on 2025-07-07 00:00:007,True,-0.17351659410024256,524.2657599624234,25.0,50.0,0.0,25.0
353,mouse,VISp,118.08971535664419,20.75217900816692,L23,Sst,INH,24136,L23,Vip,INH,24134,AISynphys,Accessed on 2025-07-07 00:00:007,True,-1.0727034630420802,-66.8390904090328,100.0,125.0,0.0,25.0
354,mouse,VISp,2.4002240742187433,21.069453247617567,L23,Vip,INH,24137,L23,Sst,INH,24136,AISynphys,Accessed on 2025-07-07 00:00:007,True,-29.370549096529473,-71.20675541778732,0.0,25.0,0.0,25.0
355,mouse,VISp,30.908689733027437,33.51131898161314,L23,Sst,INH,24246,L23,Pvalb,INH,24248,AISynphys,Accessed on 2025-07-07 00:00:007,True,-12.30900059387255,-75.12151354574256,25.0,50.0,25.0,50.0
356,mouse,VISp,27.000896623308765,3.602825554672533,L5,Tlx3,EXC,631,L5,,,632,AISynphys,Accessed on 2025-07-07 00:00:007,True,-6.04092388037497,-13.815354848559817,25.0,50.0,0.0,25.0
357,mouse,VISp,59.23154053750609,19.4970706880217,L5,Tlx3,EXC,1024,L5,Sst,INH,1022,AISynphys,Accessed on 2025-07-07 00:00:007,True,-21.44724835423266,-43.14959270427614,50.0,75.0,0.0,25.0
358,mouse,VISp,3.9634524045076454,19.30882188035309,L4,Pvalb,INH,1976,L4,Tlx3,EXC,1979,AISynphys,Accessed on 2025-07-07 00:00:007,True,-51.40071336218497,-73.2741590337495,0.0,25.0,0.0,25.0
359,mouse,VISp,3.9634524045076454,19.30882188035309,L4,Tlx3,EXC,1979,L4,Pvalb,INH,1976,AISynphys,Accessed on 2025-07-07 00:00:007,True,-12.251517347398837,-10.659086179002557,0.0,25.0,0.0,25.0
360,mouse,VISp,14.709254161053298,48.551434852900705,L5,Sst,INH,2191,L4,Tlx3,EXC,2192,AISynphys,Accessed on 2025-07-07 00:00:007,True,-15.093417784238085,-67.78587344377982,0.0,25.0,25.0,50.0
361,mouse,VISp,33.59419927462957,41.99990348175202,L5,Tlx3,EXC,2328,L5,Sst,INH,2327,AISynphys,Accessed on 2025-07-07 00:00:007,True,-4.212118211576146,34.386352993606295,25.0,50.0,25.0,50.0
362,mouse,VISp,31.68105595133925,50.91381332023874,L5,Tlx3,EXC,2335,L5,Sst,INH,2337,AISynphys,Accessed on 2025-07-07 00:00:007,True,-0.05358090550446542,228.8982271496839,25.0,50.0,50.0,75.0
363,mouse,VISp,50.35842957957254,24.529236954688272,L5,Tlx3,EXC,2338,L5,Sst,INH,2337,AISynphys,Accessed on 2025-07-07 00:00:007,True,-1.3432811051331954,-8.662994476760272,50.0,75.0,0.0,25.0
364,mouse,VISp,14.818312943365267,65.33115514677887,L5,Pvalb,INH,2519,L5,Sst,INH,2521,AISynphys,Accessed on 2025-07-07 00:00:007,True,-6.599716530499085,-69.7075280217443,0.0,25.0,50.0,75.0
365,mouse,VISp,61.096005298455374,3.5131918508868023,L5,Sst,INH,2666,L5,Tlx3,EXC,2670,AISynphys,Accessed on 2025-07-07 00:00:007,True,-3.535164152408689,-66.08261022040321,50.0,75.0,0.0,25.0
366,mouse,VISp,126.1845987669838,50.45525817856107,L5,Tlx3,EXC,2668,L5,Tlx3,EXC,2670,AISynphys,Accessed on 2025-07-07 00:00:007,True,33.66226860837862,-73.63606811108573,125.0,150.0,50.0,75.0
367,mouse,VISp,124.67274878175174,135.14891525373812,L5,Tlx3,EXC,2671,L5,Tlx3,EXC,2668,AISynphys,Accessed on 2025-07-07 00:00:007,True,-0.5095578994508974,132.42843741634772,100.0,125.0,125.0,150.0
368,mouse,VISp,88.01095905344248,18.875452621413313,L5,Tlx3,EXC,2744,L4,Sst,INH,2749,AISynphys,Accessed on 2025-07-07 00:00:007,True,0.6689687269110763,-204.866327581336,75.0,100.0,0.0,25.0
369,mouse,VISp,11.631737095151458,22.854999542534983,L5,Tlx3,EXC,2796,L5,Tlx3,EXC,2803,AISynphys,Accessed on 2025-07-07 00:00:007,True,27.369294657366652,-80.29426616558406,0.0,25.0,0.0,25.0
370,mouse,VISp,12.931624395788814,28.447314802389442,L5,Tlx3,EXC,2798,L5,Tlx3,EXC,2800,AISynphys,Accessed on 2025-07-07 00:00:007,True,-37.80626643372776,-69.53880282751048,0.0,25.0,25.0,50.0
371,mouse,VISp,79.56143747725727,58.91267277320262,L5,Tlx3,EXC,2799,L5,Tlx3,EXC,2802,AISynphys,Accessed on 2025-07-07 00:00:007,True,-1.5892761108076574,-27.250170079960167,75.0,100.0,50.0,75.0
372,mouse,VISp,66.89882386191742,67.06388985722656,L5,Pvalb,INH,3029,L5,Pvalb,INH,3031,AISynphys,Accessed on 2025-07-07 00:00:007,True,-38.3273961006106,-79.23559647142898,50.0,75.0,50.0,75.0
373,mouse,VISp,112.50080932462976,38.337519049010446,L5,Pvalb,INH,3033,L5,Pvalb,INH,3029,AISynphys,Accessed on 2025-07-07 00:00:007,True,-22.688250901202696,-68.75864134476151,100.0,125.0,25.0,50.0
374,mouse,VISp,17.739960746305396,52.17357172064752,L5,Pvalb,INH,3033,L5,Pvalb,INH,3034,AISynphys,Accessed on 2025-07-07 00:00:007,True,-29.542885983331992,-66.22970299372011,0.0,25.0,50.0,75.0
375,mouse,VISp,54.76195099496581,23.436341333597817,L4,,EXC,3100,L4,,,3099,AISynphys,Accessed on 2025-07-07 00:00:007,True,46.44719165391803,-65.63984326303122,50.0,75.0,0.0,25.0
376,mouse,VISp,7.982748387955991,72.36750742663818,L5,Pvalb,INH,3191,L5,Tlx3,EXC,3194,AISynphys,Accessed on 2025-07-07 00:00:007,True,-31.720216177085828,-73.14579510222336,0.0,25.0,50.0,75.0
377,mouse,VISp,8.294013767656507,63.00110169728715,L5,Tlx3,EXC,3199,L4,Tlx3,EXC,3203,AISynphys,Accessed on 2025-07-07 00:00:007,True,0.01871632861426528,-619.1790856110099,0.0,25.0,50.0,75.0
378,mouse,VISp,86.64164168944033,33.68714004599602,L5,Tlx3,EXC,3428,L5,Pvalb,INH,3425,AISynphys,Accessed on 2025-07-07 00:00:007,True,16.987768709922523,-77.43824621430666,75.0,100.0,25.0,50.0
379,mouse,VISp,75.68110461126227,41.99913264139066,L5,Sst,INH,3766,L5,Sst,INH,3762,AISynphys,Accessed on 2025-07-07 00:00:007,True,-5.008546192284006,-70.6313513114289,75.0,100.0,25.0,50.0
380,mouse,VISp,31.407237130169502,37.301833418470494,L5,Rorb,EXC,3862,L5,,INH,3863,AISynphys,Accessed on 2025-07-07 00:00:007,True,-23.331793024420175,13.22831762407389,25.0,50.0,25.0,50.0
381,mouse,VISp,31.407237130169502,37.301833418470494,L5,,INH,3863,L5,Rorb,EXC,3862,AISynphys,Accessed on 2025-07-07 00:00:007,True,-53.0426004601681,-73.88586435395737,25.0,50.0,25.0,50.0
382,mouse,VISp,24.51458203974824,11.138138536867096,L5,Rorb,EXC,3864,L5,Rorb,EXC,3865,AISynphys,Accessed on 2025-07-07 00:00:007,True,-4.048169568995342,-6.510444849872794,0.0,25.0,0.0,25.0
383,mouse,VISp,32.84472709953535,68.5024644153554,L5,Rorb,EXC,3864,L5,,,3866,AISynphys,Accessed on 2025-07-07 00:00:007,True,-18.27082294626903,-0.42589230386393107,25.0,50.0,50.0,75.0
384,mouse,VISp,8.670919946134477,57.41088040169492,L5,Rorb,EXC,3865,L5,,,3866,AISynphys,Accessed on 2025-07-07 00:00:007,True,-2.1424114510647985,684.1329741287261,0.0,25.0,50.0,75.0
385,mouse,VISp,11.610577031079744,116.19636766683088,L5,,INH,3867,L5,Rorb,EXC,3865,AISynphys,Accessed on 2025-07-07 00:00:007,True,-24.017967149290545,-70.220056930475,0.0,25.0,100.0,125.0
386,mouse,VISp,30.62445649527425,23.751101567486558,L5,Sst,INH,3874,L5,Sst,INH,3875,AISynphys,Accessed on 2025-07-07 00:00:007,True,-12.11222985841319,-71.42159511121818,25.0,50.0,0.0,25.0
387,mouse,VISp,11.052412592332608,18.55460555384717,L6a,Slc17a8,EXC,4000,L6a,Slc17a8,EXC,4007,AISynphys,Accessed on 2025-07-07 00:00:007,True,16.26713831644159,-90.88342947733233,0.0,25.0,0.0,25.0
388,mouse,VISp,64.47479679302626,92.61727164788418,L6a,Slc17a8,EXC,4048,L6a,,,4042,AISynphys,Accessed on 2025-07-07 00:00:007,True,-0.001507404771663403,40773.48119361191,50.0,75.0,75.0,100.0
389,mouse,VISp,66.20407268927205,68.36022976734039,L5,,INH,4105,L5,Rorb,EXC,4103,AISynphys,Accessed on 2025-07-07 00:00:007,True,-18.230299296278954,-75.0684305420547,50.0,75.0,50.0,75.0
390,mouse,VISp,32.144308203808244,41.4495556255864,L5,,INH,4376,L4,Rorb,EXC,4375,AISynphys,Accessed on 2025-07-07 00:00:007,True,-31.99917907770127,-70.88974142441795,25.0,50.0,25.0,50.0
391,mouse,VISp,29.20366778277968,38.520584211990375,L5,Tlx3,EXC,4432,L5,Sst,INH,4441,AISynphys,Accessed on 2025-07-07 00:00:007,True,-10.340605468533202,-30.241947694168385,25.0,50.0,25.0,50.0
392,mouse,VISp,76.56498387816764,14.300299916642276,L5,Tlx3,EXC,4435,L5,Sst,INH,4441,AISynphys,Accessed on 2025-07-07 00:00:007,True,-1.1275090974260247,-39.723019208224585,75.0,100.0,0.0,25.0
393,mouse,VISp,29.20366778277968,38.520584211990375,L5,Sst,INH,4441,L5,Tlx3,EXC,4432,AISynphys,Accessed on 2025-07-07 00:00:007,True,-34.81667147539097,-71.06868890813413,25.0,50.0,25.0,50.0
394,mouse,VISp,54.94603640970746,103.07383127444677,L5,,INH,4501,L5,Rorb,EXC,4499,AISynphys,Accessed on 2025-07-07 00:00:007,True,-26.097436324834995,-75.05316526187337,50.0,75.0,100.0,125.0
395,mouse,VISp,39.07586823984224,79.39510734360451,L5,Tlx3,EXC,4593,L5,Sst,INH,4598,AISynphys,Accessed on 2025-07-07 00:00:007,True,-3.8954561697176146e-10,-35.614007088729245,25.0,50.0,75.0,100.0
396,mouse,VISp,27.727504916929462,32.69544092395223,L4,Rorb,EXC,4687,L4,Rorb,EXC,4691,AISynphys,Accessed on 2025-07-07 00:00:007,True,-44.26886115385176,-32.801302012137874,25.0,50.0,25.0,50.0
397,mouse,VISp,91.51349436089576,18.30385959923136,L4,Rorb,EXC,4688,L4,Rorb,EXC,4692,AISynphys,Accessed on 2025-07-07 00:00:007,True,-19.119702736706014,-45.259182919284335,75.0,100.0,0.0,25.0
398,mouse,VISp,37.226688774452946,34.531883910091224,L4,Rorb,EXC,4690,L4,Rorb,EXC,4688,AISynphys,Accessed on 2025-07-07 00:00:007,True,-7.188637719722048,-34.74345092728551,25.0,50.0,25.0,50.0
399,mouse,VISp,82.25270806223527,10.620618865148149,L4,Rorb,EXC,4691,L4,Rorb,EXC,4688,AISynphys,Accessed on 2025-07-07 00:00:007,True,-4.475485876106758,-34.219842514819604,75.0,100.0,0.0,25.0
400,mouse,VISp,91.51349436089576,18.30385959923136,L4,Rorb,EXC,4692,L4,Rorb,EXC,4688,AISynphys,Accessed on 2025-07-07 00:00:007,True,-2.448903484117866,2.934956883068669,75.0,100.0,0.0,25.0
401,mouse,VISp,113.70894002149852,9.225989281768268,L5,Rorb,EXC,4796,L5,Rorb,EXC,4791,AISynphys,Accessed on 2025-07-07 00:00:007,True,0.03784472650232175,-2760.3419133012844,100.0,125.0,0.0,25.0
402,mouse,VISp,124.99172605642404,180.02397692853555,L5,Pvalb,INH,4906,L5,Pvalb,INH,4903,AISynphys,Accessed on 2025-07-07 00:00:007,True,-16.309351459570923,-73.68496381280305,100.0,125.0,175.0,200.0
403,mouse,VISp,94.67327557119792,105.06742528448119,L5,Sst,INH,5188,L5,Sst,INH,5186,AISynphys,Accessed on 2025-07-07 00:00:007,True,-6.095527996476319,-75.25089973754977,75.0,100.0,100.0,125.0
404,mouse,VISp,96.68468441989833,25.647158740583905,L4,Tlx3,EXC,5632,L5,Pvalb,INH,5633,AISynphys,Accessed on 2025-07-07 00:00:007,True,1.4773998564278845,-302.73248144351743,75.0,100.0,25.0,50.0
405,mouse,VISp,96.68468441989833,25.647158740583905,L5,Pvalb,INH,5633,L4,Tlx3,EXC,5632,AISynphys,Accessed on 2025-07-07 00:00:007,True,-13.678281982930214,-67.56113931673103,75.0,100.0,25.0,50.0
406,mouse,VISp,17.262114409096018,54.47396932469009,L5,Pvalb,INH,5757,L5,Pvalb,INH,5755,AISynphys,Accessed on 2025-07-07 00:00:007,True,-22.37060987698823,-76.24765138862142,0.0,25.0,50.0,75.0
407,mouse,VISp,4.550121940750509,126.05017916724393,L5,Tlx3,EXC,5858,L5,,,5859,AISynphys,Accessed on 2025-07-07 00:00:007,True,0.023674858872593154,-621.0084022795487,0.0,25.0,125.0,150.0
408,mouse,VISp,53.546906665489956,74.97861268339986,L1,,EXC,5982,L23,,EXC,5985,AISynphys,Accessed on 2025-07-07 00:00:007,True,0.10325883998732414,-1333.8601940246908,50.0,75.0,50.0,75.0
409,mouse,VISp,53.546906665489956,74.97861268339986,L23,,EXC,5985,L1,,EXC,5982,AISynphys,Accessed on 2025-07-07 00:00:007,True,12.56632248259612,-90.62691474625865,50.0,75.0,50.0,75.0
410,mouse,VISp,0.6034665315128502,9.166039856194052,L5,Tlx3,EXC,6013,L5,Sst,INH,6026,AISynphys,Accessed on 2025-07-07 00:00:007,True,4.2185397672124845,-143.08963443774982,0.0,25.0,0.0,25.0
411,mouse,VISp,0.6034665315128502,9.166039856194052,L5,Sst,INH,6026,L5,Tlx3,EXC,6013,AISynphys,Accessed on 2025-07-07 00:00:007,True,-11.829612473805355,-71.77213684364489,0.0,25.0,0.0,25.0
412,mouse,VISp,117.4209799241598,30.014567147638452,L23,,EXC,6042,L23,,,6039,AISynphys,Accessed on 2025-07-07 00:00:007,True,0.5003404737167704,-241.08003738191354,100.0,125.0,25.0,50.0
413,mouse,VISp,20.60870898904145,4.590159786433372,L4,Rorb,EXC,6139,L4,Rorb,EXC,6138,AISynphys,Accessed on 2025-07-07 00:00:007,True,0.08123459708290699,-7345.871113619807,0.0,25.0,0.0,25.0
414,mouse,VISp,72.00956848328204,21.78539811092543,L23,,EXC,6202,L23,,INH,6207,AISynphys,Accessed on 2025-07-07 00:00:007,True,40.237859586286454,-88.5810740743939,50.0,75.0,0.0,25.0
415,mouse,VISp,150.5162156928355,5.896957194839259,L4,,EXC,6362,L4,Sim1,EXC,6357,AISynphys,Accessed on 2025-07-07 00:00:007,True,-3.443489997361351,-36.86811054894096,150.0,175.0,0.0,25.0
416,mouse,VISp,81.04378274805237,6.851552817904137,L6a,,EXC,6382,L6a,,,6380,AISynphys,Accessed on 2025-07-07 00:00:007,True,-1.7535574423658482,-33.52934218915419,75.0,100.0,0.0,25.0
417,mouse,VISp,7.335183153614262,58.632146854289054,L6a,Sst,INH,6383,L6a,Sst,INH,6381,AISynphys,Accessed on 2025-07-07 00:00:007,True,-18.483181665193687,-73.62698571572173,0.0,25.0,50.0,75.0
418,mouse,VISp,20.866001198191167,5.652248932688025,L23,,EXC,6391,L23,,EXC,6394,AISynphys,Accessed on 2025-07-07 00:00:007,True,-13.581337953391735,-33.3347966107183,0.0,25.0,0.0,25.0
419,mouse,VISp,17.395671927357952,24.420626966679873,L23,,EXC,6396,L23,,EXC,6394,AISynphys,Accessed on 2025-07-07 00:00:007,True,-12.601661626367148,-39.69110073735193,0.0,25.0,0.0,25.0
420,mouse,VISp,81.5547400046961,43.889551301266174,L4,,EXC,6417,L5,Tlx3,EXC,6423,AISynphys,Accessed on 2025-07-07 00:00:007,True,-0.014653948590467258,2163.999118599269,75.0,100.0,25.0,50.0
421,mouse,VISp,78.58315313482615,93.6394010427686,L4,Pvalb,INH,6418,L5,Tlx3,EXC,6424,AISynphys,Accessed on 2025-07-07 00:00:007,True,-56.5974347244751,-75.55684951300671,75.0,100.0,75.0,100.0
422,mouse,VISp,13.945085228634769,91.22209218147826,L5,,EXC,6535,L5,,,6538,AISynphys,Accessed on 2025-07-07 00:00:007,True,-40.20890342510193,-25.679067946459163,0.0,25.0,75.0,100.0
423,mouse,VISp,69.39888792976043,8.532181409380371,L5,Sst,INH,6555,L5,Tlx3,EXC,6556,AISynphys,Accessed on 2025-07-07 00:00:007,True,-22.319445662129425,-71.82995699147884,50.0,75.0,0.0,25.0
424,mouse,VISp,131.73485088282055,100.96119548153652,L4,,EXC,6577,L4,,,6578,AISynphys,Accessed on 2025-07-07 00:00:007,True,-31.756828658122892,-45.17804123411367,125.0,150.0,100.0,125.0
425,mouse,VISp,38.62131767826583,71.86323390492852,L4,Pvalb,INH,6607,L5,Tlx3,EXC,6608,AISynphys,Accessed on 2025-07-07 00:00:007,True,-122.76620473022281,-72.6957302559745,25.0,50.0,50.0,75.0
426,mouse,VISp,67.96056293039307,47.98579519632902,L5,Sim1,EXC,6771,L5,,EXC,6769,AISynphys,Accessed on 2025-07-07 00:00:007,True,1.5033913004410584,-109.96559500916274,50.0,75.0,25.0,50.0
427,mouse,VISp,8.239709100137203,22.55261513960458,L4,Pvalb,INH,6777,L4,Tlx3,EXC,6778,AISynphys,Accessed on 2025-07-07 00:00:007,True,-12.481291611250377,-70.31861226090405,0.0,25.0,0.0,25.0
428,mouse,VISp,23.912910410963025,0.11221464806349205,L4,Pvalb,INH,6777,L4,Tlx3,EXC,6779,AISynphys,Accessed on 2025-07-07 00:00:007,True,-33.37818240120577,-73.7478517024976,0.0,25.0,0.0,25.0
429,mouse,VISp,50.62646788481734,7.80598338952187,L4,Pvalb,INH,6777,L4,Pvalb,INH,6782,AISynphys,Accessed on 2025-07-07 00:00:007,True,-15.09014725929395,-73.15530208804147,50.0,75.0,0.0,25.0
430,mouse,VISp,50.62646788481734,7.80598338952187,L4,Pvalb,INH,6782,L4,Pvalb,INH,6777,AISynphys,Accessed on 2025-07-07 00:00:007,True,-6.987209254932984,-72.19196728863183,50.0,75.0,0.0,25.0
431,mouse,VISp,55.877549766364986,9.031087050150399,L4,Rorb,EXC,7448,L4,Rorb,EXC,7450,AISynphys,Accessed on 2025-07-07 00:00:007,True,-19.505062101515957,-36.46179851616686,50.0,75.0,0.0,25.0
432,mouse,VISp,22.686272987336224,16.766205582779836,L5,Tlx3,EXC,7743,L5,Sst,INH,7744,AISynphys,Accessed on 2025-07-07 00:00:007,True,-0.21271363213717961,11.58386094515198,0.0,25.0,0.0,25.0
433,mouse,VISp,48.645821101062616,49.89343579924489,L5,Sst,INH,7744,L5,Tlx3,EXC,7742,AISynphys,Accessed on 2025-07-07 00:00:007,True,-3.6390330468959746,-69.57001156571349,25.0,50.0,25.0,50.0
434,mouse,VISp,81.58449168916358,48.037921626885876,L5,Pvalb,INH,7901,L4,Tlx3,EXC,7907,AISynphys,Accessed on 2025-07-07 00:00:007,True,-5.731481824921459,-69.77957779525,75.0,100.0,25.0,50.0
435,mouse,VISp,188.96198129960624,6.6873619108901,L5,Tlx3,EXC,7906,L5,Pvalb,INH,7903,AISynphys,Accessed on 2025-07-07 00:00:007,True,-11.4644799596693,-32.23690823444048,175.0,200.0,0.0,25.0
436,mouse,VISp,22.83300262795958,30.644493852755815,L4,Tlx3,EXC,7907,L5,Tlx3,EXC,7906,AISynphys,Accessed on 2025-07-07 00:00:007,True,8.066672546034795,-124.98457447847063,0.0,25.0,25.0,50.0
437,mouse,VISp,13.668955330391682,64.00446363977878,L4,Rorb,EXC,8051,L5,,INH,8049,AISynphys,Accessed on 2025-07-07 00:00:007,True,2.545637572869245,-318.7442795566104,0.0,25.0,50.0,75.0
438,mouse,VISp,83.80411221078266,93.27483903691568,L5,Tlx3,EXC,8086,L4,Pvalb,INH,8082,AISynphys,Accessed on 2025-07-07 00:00:007,True,-1.939971871638596,137.48804859758332,75.0,100.0,75.0,100.0
439,mouse,VISp,16.74768303604635,54.92225733392737,L5,Tlx3,EXC,8237,L5,Sst,INH,8238,AISynphys,Accessed on 2025-07-07 00:00:007,True,31.642795089287024,-85.70006311489173,0.0,25.0,50.0,75.0
440,mouse,VISp,48.34183879457934,107.82432593046352,L4,Rorb,EXC,8244,L5,,INH,8249,AISynphys,Accessed on 2025-07-07 00:00:007,True,-8.930769794538483,-11.993063391626968,25.0,50.0,100.0,125.0
441,mouse,VISp,35.51264532120484,1.1460792033265201,L5,Rorb,EXC,10005,L4,Rorb,EXC,10004,AISynphys,Accessed on 2025-07-07 00:00:007,True,10.361300187341326,-97.86122876791751,25.0,50.0,0.0,25.0
442,mouse,VISp,73.60235853713783,51.4085987922312,L4,Rorb,EXC,10024,L4,Rorb,EXC,10026,AISynphys,Accessed on 2025-07-07 00:00:007,True,-9.342921079958213,-10.659391927084261,50.0,75.0,50.0,75.0
443,mouse,VISp,3.6299931949363526,38.341906495957005,L4,Pvalb,INH,10045,L4,Tlx3,EXC,10050,AISynphys,Accessed on 2025-07-07 00:00:007,True,-41.119498764188045,-74.49457011918466,0.0,25.0,25.0,50.0
444,mouse,VISp,56.309511033760295,9.939165451831455,L6a,,EXC,10850,L6a,,INH,10841,AISynphys,Accessed on 2025-07-07 00:00:007,True,1.138712806197155,-97.35211683610287,50.0,75.0,0.0,25.0
445,mouse,VISp,103.64992192500222,60.39202521617314,L6a,,EXC,10897,L6b,Ntsr1,EXC,10892,AISynphys,Accessed on 2025-07-07 00:00:007,True,0.3974543391026391,-793.072194030456,100.0,125.0,50.0,75.0
446,mouse,VISp,56.84936223817088,23.353988606728606,L6a,,EXC,11085,L6a,,EXC,11083,AISynphys,Accessed on 2025-07-07 00:00:007,True,-0.281668865098796,24.299874234210918,50.0,75.0,0.0,25.0
447,mouse,VISp,22.88956527923679,16.558294678122877,L6a,,EXC,11086,L6a,Ntsr1,EXC,11087,AISynphys,Accessed on 2025-07-07 00:00:007,True,-5.614819491753521,154.11133588892184,0.0,25.0,0.0,25.0
448,mouse,VISp,53.54702499932228,13.192705190444446,L6a,,EXC,11104,L6a,Ntsr1,EXC,11102,AISynphys,Accessed on 2025-07-07 00:00:007,True,-2.2762178061958664,50.51160244675337,50.0,75.0,0.0,25.0
449,mouse,VISp,185.50927320867171,36.92727931476063,L6a,,EXC,11104,L6b,,INH,11105,AISynphys,Accessed on 2025-07-07 00:00:007,True,3.8685684219921526,-290.7525037929395,175.0,200.0,25.0,50.0
450,mouse,VISp,133.3229222186871,44.8938896908019,L6a,,EXC,11108,L6a,Ntsr1,EXC,11102,AISynphys,Accessed on 2025-07-07 00:00:007,True,-3.7877652243437674,-30.482458777756214,125.0,150.0,25.0,50.0
451,mouse,VISp,178.3176651577208,56.326446869114456,L4,Sim1,EXC,11329,L4,Sim1,EXC,11334,AISynphys,Accessed on 2025-07-07 00:00:007,True,15.832269147058486,-126.12628794968877,175.0,200.0,50.0,75.0
452,mouse,VISp,141.0726609644818,14.53618245520112,L4,Sim1,EXC,11333,L4,Sim1,EXC,11334,AISynphys,Accessed on 2025-07-07 00:00:007,True,-2.4351783832200433,147.7819232457861,125.0,150.0,0.0,25.0
453,mouse,VISp,97.09955486871132,22.071683546755118,L5,Sim1,EXC,11342,L5,Sim1,EXC,11339,AISynphys,Accessed on 2025-07-07 00:00:007,True,-0.865535817888545,51.58140931655249,75.0,100.0,0.0,25.0
