,species,region,Horizontal interesomatic distance (um),Vertical interesomatic distance (um),Presynaptic layer,Presynaptic gene expression,Presynaptic synapse class,Presynaptic gid,Postsynaptic layer,Postsynaptic gene expression,Postsynaptic synapse class,Postsynaptic gid,dataset,notes,connected,PSC amplitude (nA),PSC rise time (ms),PSC decay tau (ms),voltage clamp (mV),minimal Horizontal interesomatic distance (um),maximal Horizontal interesomatic distance (um),minimal Vertical interesomatic distance (um),maximal Vertical interesomatic distance (um)
0,mouse,VISp,18.116236371769016,104.92640197801585,L23,Pvalb,INH,4138,L23,,EXC,4140,AISynphys,Accessed on 2025-07-07 00:00:007,True,0.001184659171499212,1.9814515094608252,7.456499618971355,-55.0,0.0,25.0,100.0,125.0
1,mouse,VISp,119.14984729967514,25.48982191609257,L23,,EXC,4140,L23,Vip,INH,4133,AISynphys,Accessed on 2025-07-07 00:00:007,True,-0.002745233872524154,1.403122413037079,2.8412578585600485,-70.0,100.0,125.0,25.0,50.0
2,mouse,VISp,29.64619373656386,70.29699299588941,L5,,EXC,4224,L5,Sst,INH,4222,AISynphys,Accessed on 2025-07-07 00:00:007,True,-0.0014394858881640478,1.2315636947163562,2.00862736302057,-70.0,25.0,50.0,50.0,75.0
3,mouse,VISp,24.370843682039066,264.0951746326988,L5,Sst,INH,4225,L23,,,4221,AISynphys,Accessed on 2025-07-07 00:00:007,True,0.00228568184954276,2.7467561620313625,6.291631561042453,-55.0,0.0,25.0,250.0,275.0
4,mouse,VISp,12.839963147459288,298.70304509713645,L5,Sst,INH,4225,L23,,EXC,4227,AISynphys,Accessed on 2025-07-07 00:00:007,True,0.0019142628703717791,4.7433536589899425,18.477359444143705,-55.0,0.0,25.0,275.0,300.0
5,mouse,VISp,40.409914039677865,107.84409470437328,L4,Sst,INH,4226,L23,,EXC,4227,AISynphys,Accessed on 2025-07-07 00:00:007,True,0.008929041671338239,2.5573846996878906,9.312451090284515,-55.0,25.0,50.0,100.0,125.0
6,mouse,VISp,37.293764698294616,34.31408805706842,L23,,EXC,4227,L23,,,4221,AISynphys,Accessed on 2025-07-07 00:00:007,True,-0.001789020662686097,0.6554501482713224,2.4916809237736612,-70.0,25.0,50.0,25.0,50.0
7,mouse,VISp,40.409914039677865,107.84409470437328,L23,,EXC,4227,L4,Sst,INH,4226,AISynphys,Accessed on 2025-07-07 00:00:007,True,-0.0015526115130851013,1.7130286678348317,3.966891543701139,-70.0,25.0,50.0,100.0,125.0
8,mouse,VISp,58.609907710628015,2.1484075222426413,L23,Nr5a1,EXC,4237,L23,Nr5a1,EXC,4238,AISynphys,Accessed on 2025-07-07 00:00:007,True,-0.0015999236843026493,0.8251227192866089,5.455809529010802,-70.0,50.0,75.0,0.0,25.0
9,mouse,VISp,0.9812198090731908,40.80400826703529,L23,Nr5a1,EXC,4238,L4,Nr5a1,EXC,4240,AISynphys,Accessed on 2025-07-07 00:00:007,True,-0.000777397829615906,1.4769212700477068,4.563751085095067,-70.0,0.0,25.0,25.0,50.0
10,mouse,VISp,0.9812198090731908,40.80400826703529,L4,Nr5a1,EXC,4240,L23,Nr5a1,EXC,4238,AISynphys,Accessed on 2025-07-07 00:00:007,True,-0.008935068903137984,1.4311731665539378,3.875943213022296,-70.0,0.0,25.0,25.0,50.0
11,mouse,VISp,47.23525874185249,35.62206830281263,L4,Nr5a1,EXC,4240,L4,Nr5a1,EXC,4241,AISynphys,Accessed on 2025-07-07 00:00:007,True,-0.0015982995954464034,1.1364190019204088,2.858796961885041,-70.0,25.0,50.0,25.0,50.0
12,mouse,VISp,47.75986818157269,23.16297495225534,L5,Tlx3,EXC,4247,L5,Sst,INH,4249,AISynphys,Accessed on 2025-07-07 00:00:007,True,-0.0006065364025412628,0.8280484324007371,1.9515791346038251,-70.0,25.0,50.0,0.0,25.0
13,mouse,VISp,75.72248191312974,22.72929058122495,L5,Sst,INH,4249,L5,Tlx3,EXC,4246,AISynphys,Accessed on 2025-07-07 00:00:007,True,0.002533109418617259,2.862158614090049,4.177009279616929,-55.0,75.0,100.0,0.0,25.0
14,mouse,VISp,47.75986818157269,23.16297495225534,L5,Sst,INH,4249,L5,Tlx3,EXC,4247,AISynphys,Accessed on 2025-07-07 00:00:007,True,0.0023206179396719887,1.1586745503887552,3.3169872158676266,-55.0,25.0,50.0,0.0,25.0
15,mouse,VISp,32.17965405119973,103.48145854734118,L4,Sst,INH,4258,L23,Vip,INH,4262,AISynphys,Accessed on 2025-07-07 00:00:007,True,0.04465200500671098,1.7582580853545506,5.5179947130538585,-55.0,25.0,50.0,100.0,125.0
16,mouse,VISp,72.30060120241669,86.4760848000132,L5,Tlx3,EXC,4530,L5,Sst,INH,4528,AISynphys,Accessed on 2025-07-07 00:00:007,True,-0.0019955523165188977,1.7383300924655487,3.736487626613844,-70.0,50.0,75.0,75.0,100.0
17,mouse,VISp,47.0551271827822,18.11445037455304,L5,Tlx3,EXC,4648,L5,Pvalb,INH,4646,AISynphys,Accessed on 2025-07-07 00:00:007,True,-0.003220999029029507,0.4076449783559326,1.018986092233491,-70.0,25.0,50.0,0.0,25.0
18,mouse,VISp,93.5910308999105,73.1492939505363,L4,,EXC,4698,L5,Vip,INH,4700,AISynphys,Accessed on 2025-07-07 00:00:007,True,-0.00010992203431709864,2.4952097951289613,5.566645890487674,-70.0,75.0,100.0,50.0,75.0
19,mouse,VISp,120.35916520396614,20.01152888323354,L5,Tlx3,EXC,4840,L5,Sst,INH,4835,AISynphys,Accessed on 2025-07-07 00:00:007,True,-0.001106254046673586,0.830470854201227,1.9294079669058262,-70.0,100.0,125.0,0.0,25.0
20,mouse,VISp,58.37036709841021,31.46475560491222,L5,Sst,INH,4848,L5,Tlx3,EXC,4847,AISynphys,Accessed on 2025-07-07 00:00:007,True,0.0014883493875401247,2.013683253234407,2.3653898911817217,-55.0,50.0,75.0,25.0,50.0
21,mouse,VISp,43.60654922349207,46.080546169388775,L5,Tlx3,EXC,4858,L5,Pvalb,INH,4860,AISynphys,Accessed on 2025-07-07 00:00:007,True,-0.026826238106055566,0.6048412302381729,1.3052525411132752,-70.0,25.0,50.0,25.0,50.0
22,mouse,VISp,84.1601918530113,70.81675636905676,L5,Pvalb,INH,5048,L4,Tlx3,EXC,5052,AISynphys,Accessed on 2025-07-07 00:00:007,True,0.002939407994348437,0.8531924940528977,8.893441388836932,-55.0,75.0,100.0,50.0,75.0
23,mouse,VISp,65.38867230980847,28.626443194543956,L4,Tlx3,EXC,5050,L5,Pvalb,INH,5048,AISynphys,Accessed on 2025-07-07 00:00:007,True,-0.0015153648238961765,1.3394879249741911,0.6703265313401056,-70.0,50.0,75.0,25.0,50.0
24,mouse,VISp,24.058354388862487,3.9853597566476786,L5,Sst,INH,5096,L5,Sim1,EXC,5101,AISynphys,Accessed on 2025-07-07 00:00:007,True,0.0019072932424439178,3.0649464890276144,7.046145305543706,-55.0,0.0,25.0,0.0,25.0
25,mouse,VISp,52.81544427153541,4.110119222155992,L5,Sim1,EXC,5097,L5,Sst,INH,5096,AISynphys,Accessed on 2025-07-07 00:00:007,True,-0.0009807286201328654,0.697349695514389,1.8234057764437774,-70.0,50.0,75.0,0.0,25.0
26,mouse,VISp,51.804187564586975,29.972345956616298,L5,Sst,INH,5535,L5,Sst,INH,5534,AISynphys,Accessed on 2025-07-07 00:00:007,True,0.002084269758542799,2.1479261469808955,12.790323513284077,-55.0,50.0,75.0,25.0,50.0
27,mouse,VISp,67.29796377653787,29.026095906129058,L6a,Sst,INH,5537,L6a,Sim1,EXC,5536,AISynphys,Accessed on 2025-07-07 00:00:007,True,0.0008347053118343031,1.9563370326545564,7.938430248056754,-55.0,50.0,75.0,25.0,50.0
28,mouse,VISp,50.93426754706449,65.37690643686048,L5,Sim1,EXC,5736,L5,Sst,INH,5740,AISynphys,Accessed on 2025-07-07 00:00:007,True,-0.001036257185077757,0.9815321466931516,8.894064169364396,-70.0,50.0,75.0,50.0,75.0
29,mouse,VISp,1.2397044240628938,89.44019244165871,L5,Sim1,EXC,5738,L5,Sst,INH,5740,AISynphys,Accessed on 2025-07-07 00:00:007,True,-7.373539679085973e-15,0.8031436830362684,2.1402125787580992,-70.0,0.0,25.0,75.0,100.0
30,mouse,VISp,26.308654383995044,48.154014328646454,L5,Sim1,EXC,5739,L5,Sst,INH,5742,AISynphys,Accessed on 2025-07-07 00:00:007,True,-0.00270161538783069,1.351334062355542,2.915379185018349,-70.0,25.0,50.0,25.0,50.0
31,mouse,VISp,23.758525839981797,86.72668023065852,L5,Sst,INH,5742,L5,Sim1,EXC,5738,AISynphys,Accessed on 2025-07-07 00:00:007,True,0.001854494243860011,2.2096586266185665,8.664807537171107,-55.0,0.0,25.0,75.0,100.0
32,mouse,VISp,31.226941243115935,70.6798371818936,L5,Tlx3,EXC,5949,L5,Sst,INH,5943,AISynphys,Accessed on 2025-07-07 00:00:007,True,-0.002725367073096591,1.6887860280119773,3.2768623530652885,-70.0,25.0,50.0,50.0,75.0
33,mouse,VISp,110.69932764615432,46.498656985546006,L4,,INH,6147,L4,,INH,6142,AISynphys,Accessed on 2025-07-07 00:00:007,True,0.003079752233215045,1.1076270915836877,5.0037345511913545,-55.0,100.0,125.0,25.0,50.0
34,mouse,VISp,96.18481630600834,31.5579407534696,L4,Sim1,EXC,6182,L4,Sim1,EXC,6186,AISynphys,Accessed on 2025-07-07 00:00:007,True,-0.0005882509597319315,2.6640507389412,30.19191273374598,-70.0,75.0,100.0,25.0,50.0
35,mouse,VISp,82.02478946495782,19.22910424511122,L4,Sim1,EXC,6183,L4,Sim1,EXC,6185,AISynphys,Accessed on 2025-07-07 00:00:007,True,-0.003874810377037744,0.8719079577717204,3.0882611130829773,-70.0,75.0,100.0,0.0,25.0
36,mouse,VISp,82.02478946495782,19.22910424511122,L4,Sim1,EXC,6185,L4,Sim1,EXC,6183,AISynphys,Accessed on 2025-07-07 00:00:007,True,-0.04102338190901488,1.8980036858479221,2.1239682928170796,-70.0,75.0,100.0,0.0,25.0
37,mouse,VISp,13.58078178272135,65.33982538919197,L5,Tlx3,EXC,6299,L4,Sst,INH,6297,AISynphys,Accessed on 2025-07-07 00:00:007,True,-0.004895701421668717,1.1551331712033521,3.059849251895179,-70.0,0.0,25.0,50.0,75.0
38,mouse,VISp,24.439064591691896,69.70489630214722,L5,Sst,INH,6300,L4,Sst,INH,6297,AISynphys,Accessed on 2025-07-07 00:00:007,True,0.02350833499326617,2.5660986845997424,11.22966191254749,-55.0,0.0,25.0,50.0,75.0
39,mouse,VISp,85.8827656360111,35.44758247666349,L5,Sim1,EXC,6403,L5,Sim1,EXC,6399,AISynphys,Accessed on 2025-07-07 00:00:007,True,-0.004936149136861599,2.5606388497629764,3.1771261310457946,-70.0,75.0,100.0,25.0,50.0
40,mouse,VISp,66.4591472587716,43.88764882204169,L5,Sim1,EXC,6404,L5,Sim1,EXC,6399,AISynphys,Accessed on 2025-07-07 00:00:007,True,-0.003071282381875976,2.6956078503218306,3.299392622675852,-70.0,50.0,75.0,25.0,50.0
41,mouse,VISp,104.72585460378647,13.959286953372658,L4,,EXC,6455,L5,Sim1,EXC,6458,AISynphys,Accessed on 2025-07-07 00:00:007,True,-0.011881313558627222,2.849427465691682,5.788493510430876,-70.0,100.0,125.0,0.0,25.0
42,mouse,VISp,87.64367054018098,55.90864429356375,L5,,INH,6514,L5,Tlx3,EXC,6516,AISynphys,Accessed on 2025-07-07 00:00:007,True,0.0026855988435515264,2.003295227994865,3.7006789368134454,-55.0,75.0,100.0,50.0,75.0
43,mouse,VISp,38.59616206854907,10.595604002523647,L5,Tlx3,EXC,6583,L5,Tlx3,EXC,6584,AISynphys,Accessed on 2025-07-07 00:00:007,True,-0.00516388353270121,2.417874455632376,1.329470742611792,-70.0,25.0,50.0,0.0,25.0
44,mouse,VISp,38.59616206854907,10.595604002523647,L5,Tlx3,EXC,6584,L5,Tlx3,EXC,6583,AISynphys,Accessed on 2025-07-07 00:00:007,True,-0.00356745658518764,2.0714852820251224,6.686028295848846,-70.0,25.0,50.0,0.0,25.0
45,mouse,VISp,3.0152284160330494,22.715952140492902,L5,Tlx3,EXC,6585,L5,Tlx3,EXC,6584,AISynphys,Accessed on 2025-07-07 00:00:007,True,-0.010022055896943589,1.245660513544784,2.7905328341820232,-70.0,0.0,25.0,0.0,25.0
46,mouse,VISp,25.188314055614043,43.71627321542597,L4,Tlx3,EXC,6660,L5,Pvalb,INH,6667,AISynphys,Accessed on 2025-07-07 00:00:007,True,-0.01579272425216533,0.5398454868284821,1.5363822317053364,-70.0,25.0,50.0,25.0,50.0
47,mouse,VISp,89.72803683387302,9.433839588898035,L5,Sim1,EXC,6950,L5,Sim1,EXC,6949,AISynphys,Accessed on 2025-07-07 00:00:007,True,-0.003959399770402858,3.226242457941004,6.071508577551073,-70.0,75.0,100.0,0.0,25.0
48,mouse,VISp,58.83633493943066,7.580901971740904,L5,Sst,INH,8177,L5,Pvalb,INH,8167,AISynphys,Accessed on 2025-07-07 00:00:007,True,0.0019139921493256814,2.191003821546165,2.928612855330046,-55.0,50.0,75.0,0.0,25.0
49,mouse,VISp,19.071821874078996,29.81595007547791,L5,Tlx3,EXC,8197,L5,Pvalb,INH,8198,AISynphys,Accessed on 2025-07-07 00:00:007,True,-0.020150643687778972,0.9895959954511859,2.099454747981462,-70.0,0.0,25.0,25.0,50.0
50,mouse,VISp,29.876773467998017,42.676850688422824,L4,Pvalb,INH,8204,L5,Tlx3,EXC,8197,AISynphys,Accessed on 2025-07-07 00:00:007,True,0.011917928720118716,1.065332730551614,4.819912993572423,-55.0,25.0,50.0,25.0,50.0
51,mouse,VISp,2.0849332917615695,10.439468364763853,L23,,EXC,8548,L23,Vip,INH,8549,AISynphys,Accessed on 2025-07-07 00:00:007,True,-0.0015204581506866176,2.271552665999342,1.5257450138267046,-70.0,0.0,25.0,0.0,25.0
52,mouse,VISp,78.35175105089279,93.69604530447867,L23,,EXC,8548,L4,Sst,INH,8552,AISynphys,Accessed on 2025-07-07 00:00:007,True,-0.008904089709128654,2.6899176057993563,16.577450373435063,-70.0,75.0,100.0,75.0,100.0
53,mouse,VISp,78.35175105089279,93.69604530447867,L4,Sst,INH,8552,L23,,EXC,8548,AISynphys,Accessed on 2025-07-07 00:00:007,True,0.0074562462155705524,1.776044951603753,12.517606923890641,-55.0,75.0,100.0,75.0,100.0
54,mouse,VISp,76.09229915614632,61.76087295190568,L23,,EXC,8576,L23,Vip,INH,8578,AISynphys,Accessed on 2025-07-07 00:00:007,True,-0.0041104093397521385,0.6948131783377482,3.5592819580488193,-70.0,75.0,100.0,50.0,75.0
55,mouse,VISp,59.20130907150599,11.232143229142713,L23,Pvalb,INH,8730,L23,Pvalb,INH,8725,AISynphys,Accessed on 2025-07-07 00:00:007,True,0.0028188193404084026,1.5783218844938458,13.569337556551663,-55.0,50.0,75.0,0.0,25.0
56,mouse,VISp,22.323371031373103,59.9325660181146,L23,,EXC,8734,L4,Pvalb,INH,8735,AISynphys,Accessed on 2025-07-07 00:00:007,True,-0.010458711290789407,0.5010262927172365,0.46462022566213274,-70.0,0.0,25.0,50.0,75.0
57,mouse,VISp,27.377172474766788,72.65865029696656,L23,,EXC,8737,L4,Sst,INH,8736,AISynphys,Accessed on 2025-07-07 00:00:007,True,-0.001643736270693736,0.5743942192442347,1.759484734641368,-70.0,25.0,50.0,50.0,75.0
58,mouse,VISp,2.060302831698496,70.95285091813928,L23,,EXC,8786,L23,Sst,INH,8784,AISynphys,Accessed on 2025-07-07 00:00:007,True,-0.0022631533790707196,0.9852983761995912,2.199397518304609,-70.0,0.0,25.0,50.0,75.0
59,mouse,VISp,46.00039550441869,13.232074132465831,L5,Pvalb,INH,8800,L5,,EXC,8794,AISynphys,Accessed on 2025-07-07 00:00:007,True,0.004422601005035798,1.8633164216442508,23.435587371916746,-55.0,25.0,50.0,0.0,25.0
60,mouse,VISp,24.761218066877316,44.2480478924723,L5,Pvalb,INH,8800,L5,Pvalb,INH,8798,AISynphys,Accessed on 2025-07-07 00:00:007,True,0.008261059318262208,0.9663986656368401,3.3090071516080406,-55.0,0.0,25.0,25.0,50.0
61,mouse,VISp,53.59272321146997,37.22093930180687,L5,,INH,8874,L5,Rorb,EXC,8875,AISynphys,Accessed on 2025-07-07 00:00:007,True,0.025738597353637222,1.8265400027326326,6.622475682448918,-55.0,50.0,75.0,25.0,50.0
62,mouse,VISp,70.62323508164413,28.161483524538497,L5,,INH,8874,L5,Rorb,EXC,8876,AISynphys,Accessed on 2025-07-07 00:00:007,True,0.009876057394815655,1.802064306237442,8.05128564497467,-55.0,50.0,75.0,25.0,50.0
63,mouse,VISp,53.59272321146997,37.22093930180687,L5,Rorb,EXC,8875,L5,,INH,8874,AISynphys,Accessed on 2025-07-07 00:00:007,True,-0.00924214580880347,0.5055933144151374,4.221780145448319,-70.0,50.0,75.0,25.0,50.0
64,mouse,VISp,74.2554508036295,22.041738984929207,L5,Rorb,EXC,8875,L5,,INH,8878,AISynphys,Accessed on 2025-07-07 00:00:007,True,-0.0024316184851404035,1.8110073546730978,5.787576780304992,-70.0,50.0,75.0,0.0,25.0
65,mouse,VISp,70.62323508164413,28.161483524538497,L5,Rorb,EXC,8876,L5,,INH,8874,AISynphys,Accessed on 2025-07-07 00:00:007,True,-0.007150438575305825,0.7225120896944018,5.420706262446672,-70.0,50.0,75.0,25.0,50.0
66,mouse,VISp,49.875672647831294,24.176746012984736,L5,,INH,8878,L5,Rorb,EXC,8880,AISynphys,Accessed on 2025-07-07 00:00:007,True,0.004356449011266356,4.5106957217052095,16.709228499038343,-55.0,25.0,50.0,0.0,25.0
67,mouse,VISp,45.99996773982757,3.3806879262655145,L5,Rorb,EXC,8879,L5,Rorb,EXC,8876,AISynphys,Accessed on 2025-07-07 00:00:007,True,-0.00028686487768658434,3.3536124302557706,0.9209397200527862,-70.0,25.0,50.0,0.0,25.0
68,mouse,VISp,49.875672647831294,24.176746012984736,L5,Rorb,EXC,8880,L5,,INH,8878,AISynphys,Accessed on 2025-07-07 00:00:007,True,-0.0034767455537642058,0.5857085789528591,1.7514180796289243,-70.0,25.0,50.0,0.0,25.0
69,mouse,VISp,176.13909259504268,73.80893752063572,L23,Sst,INH,8926,L23,,INH,8923,AISynphys,Accessed on 2025-07-07 00:00:007,True,0.002534927611805439,2.6759050195406866,2.563267029950721,-55.0,175.0,200.0,50.0,75.0
70,mouse,VISp,70.29584296091392,145.03163381502156,L5,Tlx3,EXC,8942,L5,Vip,INH,8938,AISynphys,Accessed on 2025-07-07 00:00:007,True,-0.002534076080675155,1.9964480821831583,4.039628489267197,-70.0,50.0,75.0,125.0,150.0
71,mouse,VISp,58.695232508196376,93.26583415087605,L5,Sst,INH,8979,L5,Sst,INH,8975,AISynphys,Accessed on 2025-07-07 00:00:007,True,0.007234731771296088,2.159882953091206,3.566132663833155,-55.0,50.0,75.0,75.0,100.0
72,mouse,VISp,94.80178641959778,47.45627844503838,L5,Pvalb,INH,9070,L4,Pvalb,INH,9077,AISynphys,Accessed on 2025-07-07 00:00:007,True,0.04735769606223115,0.9199811390955507,3.0876645917294927,-55.0,75.0,100.0,25.0,50.0
73,mouse,VISp,35.60536367587496,37.442301857106955,L5,Pvalb,INH,9071,L5,Tlx3,EXC,9072,AISynphys,Accessed on 2025-07-07 00:00:007,True,0.005295898946708726,0.3484945738409477,6.869211471450922,-55.0,25.0,50.0,25.0,50.0
74,mouse,VISp,133.85027494722138,66.35310972217655,L4,,EXC,9120,L4,Pvalb,INH,9123,AISynphys,Accessed on 2025-07-07 00:00:007,True,-0.001588266754574432,3.62543738163512,1.0952582791214052,-70.0,125.0,150.0,50.0,75.0
75,mouse,VISp,30.168403812285483,16.648284312771846,L4,Pvalb,INH,9122,L4,Pvalb,INH,9123,AISynphys,Accessed on 2025-07-07 00:00:007,True,0.03341672689324616,0.7557626410460884,2.274478840181257,-55.0,25.0,50.0,0.0,25.0
76,mouse,VISp,154.9315513454141,35.92519870541349,L4,Nr5a1,EXC,9193,L4,Nr5a1,EXC,9196,AISynphys,Accessed on 2025-07-07 00:00:007,True,-0.0016554225599492926,1.293885835441983,0.6960316595104142,-70.0,150.0,175.0,25.0,50.0
77,mouse,VISp,8.180776698769394,45.91310994111458,L4,Nr5a1,EXC,9194,L4,Nr5a1,EXC,9196,AISynphys,Accessed on 2025-07-07 00:00:007,True,-0.011245241210981022,1.8720063313396194,2.9310145745097578,-70.0,0.0,25.0,25.0,50.0
78,mouse,VISp,40.54421563320026,24.69885692230632,L4,Nr5a1,EXC,9216,L4,Nr5a1,EXC,9215,AISynphys,Accessed on 2025-07-07 00:00:007,True,-0.0025484096408712235,1.1521880533902025,2.6720376540223385,-70.0,25.0,50.0,0.0,25.0
79,mouse,VISp,55.253538237993574,39.210627011979355,L4,Nr5a1,EXC,9217,L4,Nr5a1,EXC,9218,AISynphys,Accessed on 2025-07-07 00:00:007,True,-0.02087547220884415,4.151560827581436,3.969993765198105,-70.0,50.0,75.0,25.0,50.0
80,mouse,VISp,29.124368132053874,98.8266312494693,L4,Sst,INH,9248,L5,Sst,INH,9246,AISynphys,Accessed on 2025-07-07 00:00:007,True,0.0019199935366163168,2.936911302734305,18.136435374310075,-55.0,25.0,50.0,75.0,100.0
81,mouse,VISp,97.9249964830103,47.16024883196029,L6a,Pvalb,INH,9255,L6a,Pvalb,INH,9260,AISynphys,Accessed on 2025-07-07 00:00:007,True,0.023694848414431414,0.9829768178942145,3.0958702227964876,-55.0,75.0,100.0,25.0,50.0
82,mouse,VISp,92.45409398603081,7.382662735907201,L4,Nr5a1,EXC,9429,L4,Nr5a1,EXC,9431,AISynphys,Accessed on 2025-07-07 00:00:007,True,-0.0015777377156469344,1.875391315543082,0.9661957594214032,-70.0,75.0,100.0,0.0,25.0
83,mouse,VISp,19.640064358579902,52.66992802995693,L23,,EXC,9502,L23,,INH,9503,AISynphys,Accessed on 2025-07-07 00:00:007,True,-0.01571831143740253,0.6551239224345811,1.4982882075330495,-70.0,0.0,25.0,50.0,75.0
84,mouse,VISp,89.90167691921825,53.767208954181555,L6a,,INH,9536,L6a,,INH,9534,AISynphys,Accessed on 2025-07-07 00:00:007,True,0.004730160796371239,1.3951521565419045,2.395518539066129,-55.0,75.0,100.0,50.0,75.0
85,mouse,VISp,71.5812725003512,106.2620611503022,L4,Sst,INH,9563,L23,,EXC,9564,AISynphys,Accessed on 2025-07-07 00:00:007,True,0.003974359491703177,1.303571151622449,6.562638374361401,-55.0,50.0,75.0,100.0,125.0
86,mouse,VISp,27.125915205468097,72.32690578972476,L23,,EXC,9643,L23,Vip,INH,9642,AISynphys,Accessed on 2025-07-07 00:00:007,True,-0.01286727158687387,1.529317360122907,2.9729458561527893,-70.0,25.0,50.0,50.0,75.0
87,mouse,VISp,7.059834893675386,136.69482972027146,L6a,,EXC,9804,L5,Pvalb,INH,9806,AISynphys,Accessed on 2025-07-07 00:00:007,True,-0.0008970023285015578,2.8886315598093604,3.0350524224248976,-70.0,0.0,25.0,125.0,150.0
88,mouse,VISp,74.11401438971644,95.28362384765232,L5,Pvalb,INH,9808,L6a,,EXC,9804,AISynphys,Accessed on 2025-07-07 00:00:007,True,0.003185508574078639,1.1867999273986458,2.7911125199101114,-55.0,50.0,75.0,75.0,100.0
89,mouse,VISp,37.85644067906564,36.376846181086,L6a,Ntsr1,EXC,9816,L6a,Pvalb,INH,9814,AISynphys,Accessed on 2025-07-07 00:00:007,True,-0.015368046386071523,0.9360992343778776,1.3863990973211786,-70.0,25.0,50.0,25.0,50.0
90,mouse,VISp,54.72245910613976,16.551796983918827,L6a,Ntsr1,EXC,9817,L6a,Pvalb,INH,9814,AISynphys,Accessed on 2025-07-07 00:00:007,True,-0.0021249604826095543,1.2449315065774,1.667314937789606,-70.0,50.0,75.0,0.0,25.0
91,mouse,VISp,23.83727190035755,58.700067897306965,L5,Tlx3,EXC,9841,L5,Sst,INH,9840,AISynphys,Accessed on 2025-07-07 00:00:007,True,-3.065738145274659e-14,2.11817110128685,2.5034749067835467,-70.0,0.0,25.0,50.0,75.0
92,mouse,VISp,25.412754688668834,94.34509512329475,L4,Nr5a1,EXC,9897,L5,Nr5a1,EXC,9900,AISynphys,Accessed on 2025-07-07 00:00:007,True,-0.001612090380114148,1.4322867079983563,5.151644954384843,-70.0,25.0,50.0,75.0,100.0
93,mouse,VISp,53.6778045797308,22.7351948183922,L4,Nr5a1,EXC,9899,L4,Nr5a1,EXC,9904,AISynphys,Accessed on 2025-07-07 00:00:007,True,-0.004038833034547284,1.4686199053294593,3.448755502819205,-70.0,50.0,75.0,0.0,25.0
94,mouse,VISp,19.142505479907797,24.53818109481037,L4,Nr5a1,EXC,9904,L4,Nr5a1,EXC,9901,AISynphys,Accessed on 2025-07-07 00:00:007,True,-0.005862107742884091,1.5906409449156567,4.2597622521484935,-70.0,0.0,25.0,0.0,25.0
95,mouse,VISp,66.5252367628942,72.61867681182908,L5,Sst,INH,9908,L5,,INH,9906,AISynphys,Accessed on 2025-07-07 00:00:007,True,0.006196139253861493,1.2559828450212884,4.282555090074706,-55.0,50.0,75.0,50.0,75.0
96,mouse,VISp,40.33390008113639,50.79239018489793,L5,,EXC,10390,L6a,Sst,INH,10395,AISynphys,Accessed on 2025-07-07 00:00:007,True,-0.002863183694044209,0.4837127333452133,0.6824450033935504,-70.0,25.0,50.0,50.0,75.0
97,mouse,VISp,21.416846242620615,24.781421766717926,L6a,Ntsr1,EXC,10410,L6a,Pvalb,INH,10411,AISynphys,Accessed on 2025-07-07 00:00:007,True,-0.03282851563641647,0.3556826492957445,0.5940291378065657,-70.0,0.0,25.0,0.0,25.0
98,mouse,VISp,100.3814543081804,41.35789108144465,L6a,Ntsr1,EXC,10433,L6a,Pvalb,INH,10427,AISynphys,Accessed on 2025-07-07 00:00:007,True,-0.002311670880129443,0.9169408229416992,1.5847703737783616,-70.0,100.0,125.0,25.0,50.0
99,mouse,VISp,24.597919627386315,25.14139390934103,L6a,Pvalb,INH,10460,L6a,,EXC,10461,AISynphys,Accessed on 2025-07-07 00:00:007,True,0.005967767095972319,0.947948697717746,5.9618248982873325,-55.0,0.0,25.0,25.0,50.0
100,mouse,VISp,24.597919627386315,25.14139390934103,L6a,,EXC,10461,L6a,Pvalb,INH,10460,AISynphys,Accessed on 2025-07-07 00:00:007,True,-0.012633586953138275,0.5089474060541636,0.9960123062136454,-70.0,0.0,25.0,25.0,50.0
101,mouse,VISp,94.16846298544571,20.3028020876136,L6a,Ntsr1,EXC,10490,L6a,,EXC,10493,AISynphys,Accessed on 2025-07-07 00:00:007,True,-0.0009561134995722924,1.5229625922732977,1.1613392685884834,-70.0,75.0,100.0,0.0,25.0
102,mouse,VISp,14.337886077482235,4.852877669912098,L6a,Ntsr1,EXC,10495,L6a,Sst,INH,10494,AISynphys,Accessed on 2025-07-07 00:00:007,True,-0.00042430308825127213,3.826296654193113,2.9322335144258487,-70.0,0.0,25.0,0.0,25.0
103,mouse,VISp,29.772726252556016,62.011138128487595,L6a,Ntsr1,EXC,10496,L6a,,EXC,10493,AISynphys,Accessed on 2025-07-07 00:00:007,True,-0.009098416841941919,1.504724402378918,2.5549679345742358,-70.0,25.0,50.0,50.0,75.0
104,mouse,VISp,0.07224039638872086,37.03379230075067,L6a,Ntsr1,EXC,10496,L6a,Sst,INH,10494,AISynphys,Accessed on 2025-07-07 00:00:007,True,-0.00013061807081674024,1.6245855432451943,2.3490164713129533,-70.0,0.0,25.0,25.0,50.0
105,mouse,VISp,65.36391441520044,34.7787630161329,L4,Sim1,EXC,10556,L5,Sim1,EXC,10560,AISynphys,Accessed on 2025-07-07 00:00:007,True,-0.0011086204725694905,1.882092783137376,3.0608227569123447,-70.0,50.0,75.0,25.0,50.0
106,mouse,VISp,101.54332564276649,17.312734207428434,L5,Tlx3,EXC,10632,L5,Sst,INH,10627,AISynphys,Accessed on 2025-07-07 00:00:007,True,-0.0003393460243185182,1.3000084338021893,3.3416483233034024,-70.0,100.0,125.0,0.0,25.0
107,mouse,VISp,41.25984307983231,0.6503856990837458,L5,Tlx3,EXC,10694,L5,Pvalb,INH,10695,AISynphys,Accessed on 2025-07-07 00:00:007,True,-0.0011646739023964835,0.6725128563479932,1.4616566671040454,-70.0,25.0,50.0,0.0,25.0
108,mouse,VISp,9.81537918637675,16.4750512714722,L5,Tlx3,EXC,10764,L5,Tlx3,EXC,10765,AISynphys,Accessed on 2025-07-07 00:00:007,True,-0.0010043668867553298,1.5910247974768958,3.381336668773523,-70.0,0.0,25.0,0.0,25.0
109,mouse,VISp,7.884807520130079,133.20875744327225,L23,,EXC,10800,L23,Pvalb,INH,10797,AISynphys,Accessed on 2025-07-07 00:00:007,True,-0.01056871311433191,1.008459579434772,1.413133555686073,-70.0,0.0,25.0,125.0,150.0
110,mouse,VISp,133.08173377349013,104.45684982389561,L23,Pvalb,INH,10802,L23,Pvalb,INH,10797,AISynphys,Accessed on 2025-07-07 00:00:007,True,0.0024898545964441737,3.7241854834240624,1.2030861097815517,-55.0,125.0,150.0,100.0,125.0
111,mouse,VISp,112.79483454139643,96.88226758591595,L23,,EXC,10987,L23,Vip,INH,10989,AISynphys,Accessed on 2025-07-07 00:00:007,True,-0.001160444182371809,1.5149699901717903,2.555521246411853,-70.0,100.0,125.0,75.0,100.0
112,mouse,VISp,26.865428972255394,155.47986692194812,L23,,EXC,11025,L23,Sst,INH,11028,AISynphys,Accessed on 2025-07-07 00:00:007,True,-0.0016800397373353507,1.737861729870552,5.483212329784432,-70.0,25.0,50.0,150.0,175.0
113,mouse,VISp,88.84367738858984,8.759567200053125,L23,,EXC,11026,L23,Vip,INH,11032,AISynphys,Accessed on 2025-07-07 00:00:007,True,-0.009840733812391264,1.3756657358171347,2.5730276248005723,-70.0,75.0,100.0,0.0,25.0
114,mouse,VISp,26.865428972255394,155.47986692194812,L23,Sst,INH,11028,L23,,EXC,11025,AISynphys,Accessed on 2025-07-07 00:00:007,True,0.0021632994224834463,2.2872184097356727,6.449772038824625,-55.0,25.0,50.0,150.0,175.0
115,mouse,VISp,24.26084570765543,80.46555053219573,L23,Sst,INH,11028,L23,,EXC,11026,AISynphys,Accessed on 2025-07-07 00:00:007,True,0.0037858437706004286,3.5192827743956516,13.03056330000804,-55.0,0.0,25.0,75.0,100.0
116,mouse,VISp,98.71223292815326,59.045419084531744,L23,Vip,INH,11032,L23,Vip,INH,11027,AISynphys,Accessed on 2025-07-07 00:00:007,True,0.002052761921579232,3.4857912347565727,2.63869562021572,-55.0,75.0,100.0,50.0,75.0
117,mouse,VISp,149.5501933398434,75.64310094453717,L23,,EXC,11045,L23,Sst,INH,11042,AISynphys,Accessed on 2025-07-07 00:00:007,True,-5.592238372878806e-05,1.5084212421961136,4.258877608254318,-70.0,125.0,150.0,75.0,100.0
118,mouse,VISp,33.87982291343648,32.77528965370464,L23,,EXC,11066,L23,Vip,INH,11064,AISynphys,Accessed on 2025-07-07 00:00:007,True,-0.0017728134523004614,1.4401583950404866,2.6105411228368727,-70.0,25.0,50.0,25.0,50.0
119,mouse,VISp,23.25647192755155,26.736633147294437,L23,Pvalb,INH,11177,L23,,EXC,11179,AISynphys,Accessed on 2025-07-07 00:00:007,True,0.019328851416550615,0.4147702386934021,6.990826413620149,-55.0,0.0,25.0,25.0,50.0
120,mouse,VISp,0.4532885072021364,45.92718140741099,L23,,EXC,11232,L23,Pvalb,INH,11233,AISynphys,Accessed on 2025-07-07 00:00:007,True,-0.008611705861149656,0.596535388472313,4.869734919782582,-70.0,0.0,25.0,25.0,50.0
121,mouse,VISp,79.76445102925186,140.4806768095955,L4,Pvalb,INH,11258,L23,,EXC,11260,AISynphys,Accessed on 2025-07-07 00:00:007,True,0.04173452320334932,1.5051659227026242,6.237997467276184,-55.0,75.0,100.0,125.0,150.0
122,mouse,VISp,103.720949161171,39.48310175639395,L23,,EXC,11400,L23,Sst,INH,11405,AISynphys,Accessed on 2025-07-07 00:00:007,True,-0.003686119076942765,1.910229195973926,4.937818397685064,-70.0,100.0,125.0,25.0,50.0
123,mouse,VISp,48.03095935041175,101.25514226590707,L23,Pvalb,INH,11404,L23,,EXC,11400,AISynphys,Accessed on 2025-07-07 00:00:007,True,0.007536933524486996,1.5644248332844743,7.828086520443497,-55.0,25.0,50.0,100.0,125.0
124,mouse,VISp,38.638910973939986,52.356909441619436,L23,Pvalb,INH,11404,L23,Pvalb,INH,11403,AISynphys,Accessed on 2025-07-07 00:00:007,True,0.008058224524536504,0.9502796930925259,2.062905744499374,-55.0,25.0,50.0,50.0,75.0
125,mouse,VISp,103.720949161171,39.48310175639395,L23,Sst,INH,11405,L23,,EXC,11400,AISynphys,Accessed on 2025-07-07 00:00:007,True,0.0005918071209421933,0.10000006482516843,0.4984810759307532,-55.0,100.0,125.0,25.0,50.0
126,mouse,VISp,34.67434333181694,79.67467189193377,L23,,EXC,11410,L4,Sst,INH,11408,AISynphys,Accessed on 2025-07-07 00:00:007,True,-0.00877391924931886,1.1875907117703413,0.9858866665730108,-70.0,25.0,50.0,75.0,100.0
127,mouse,VISp,145.67926648795813,13.189734092107114,L23,Pvalb,INH,11433,L23,Pvalb,INH,11437,AISynphys,Accessed on 2025-07-07 00:00:007,True,0.002824970085978367,0.7539351890383108,0.9402968831833612,-55.0,125.0,150.0,0.0,25.0
128,mouse,VISp,37.64614153975787,53.9774268158322,L23,,EXC,11434,L23,Pvalb,INH,11433,AISynphys,Accessed on 2025-07-07 00:00:007,True,-0.0056448380860007995,0.7868015981176232,1.4636907925658595,-70.0,25.0,50.0,50.0,75.0
129,mouse,VISp,106.14726375948226,41.014302457251596,L23,,EXC,11434,L23,Pvalb,INH,11437,AISynphys,Accessed on 2025-07-07 00:00:007,True,-0.004922349895665024,0.706966477385963,0.7953693928577474,-70.0,100.0,125.0,25.0,50.0
130,mouse,VISp,145.67926648795813,13.189734092107114,L23,Pvalb,INH,11437,L23,Pvalb,INH,11433,AISynphys,Accessed on 2025-07-07 00:00:007,True,0.0018425057673064394,0.8102477025637302,2.2841739882273346,-55.0,125.0,150.0,0.0,25.0
131,mouse,VISp,106.14726375948226,41.014302457251596,L23,Pvalb,INH,11437,L23,,EXC,11434,AISynphys,Accessed on 2025-07-07 00:00:007,True,0.007886119280626765,0.5736925680517192,2.1998227053906514,-55.0,100.0,125.0,25.0,50.0
132,mouse,VISp,121.06616913245367,43.154834911885764,L23,Pvalb,INH,11439,L23,Pvalb,INH,11433,AISynphys,Accessed on 2025-07-07 00:00:007,True,0.0032522711034828015,0.8077707325408964,2.40543570492778,-55.0,100.0,125.0,25.0,50.0
133,mouse,VISp,80.81597155136276,97.02288388034697,L23,Pvalb,INH,11439,L23,,EXC,11434,AISynphys,Accessed on 2025-07-07 00:00:007,True,0.003857313904092808,1.2471843421441868,3.1487514657560047,-55.0,75.0,100.0,75.0,100.0
134,mouse,VISp,28.49670724355638,43.964746096446994,L6a,Sst,INH,11468,L6a,,EXC,11469,AISynphys,Accessed on 2025-07-07 00:00:007,True,0.004431149696086111,1.7415326897997245,19.00800954236226,-55.0,25.0,50.0,25.0,50.0
135,mouse,VISp,99.92832955472215,7.0080460474276824,L4,,EXC,11479,L4,Pvalb,INH,11481,AISynphys,Accessed on 2025-07-07 00:00:007,True,-0.0015945473372636456,1.1442441489276274,3.051780655703932,-70.0,75.0,100.0,0.0,25.0
136,mouse,VISp,53.52711169359249,6.586183279537218,L4,Pvalb,INH,11481,L4,Pvalb,INH,11480,AISynphys,Accessed on 2025-07-07 00:00:007,True,0.06374578179175922,0.5481937912280136,1.7169653715423039,-55.0,50.0,75.0,0.0,25.0
137,mouse,VISp,2.2627155449736955,66.95820521939439,L6a,Sst,INH,11550,L6a,,EXC,11554,AISynphys,Accessed on 2025-07-07 00:00:007,True,0.0005562991822747545,1.8867768908026257,2.9560703357970093,-55.0,0.0,25.0,50.0,75.0
138,mouse,VISp,52.82937743441521,4.976733064179625,L6a,Ntsr1,EXC,11594,L6a,Sst,INH,11596,AISynphys,Accessed on 2025-07-07 00:00:007,True,-1.3144876892384535e-06,0.7274967979882713,2.1641542316684053,-70.0,50.0,75.0,0.0,25.0
139,mouse,VISp,10.665218926046142,6.412776358919357,L6a,Ntsr1,EXC,11595,L6a,Sst,INH,11596,AISynphys,Accessed on 2025-07-07 00:00:007,True,-0.0025772315546761476,0.6132057813600937,3.5273682816184846,-70.0,0.0,25.0,0.0,25.0
140,mouse,VISp,3.5853883443400063,104.14039749396143,L4,Tlx3,EXC,11654,L4,Vip,INH,11656,AISynphys,Accessed on 2025-07-07 00:00:007,True,-0.001135153313196632,2.0335854991619815,4.74508316230442,-70.0,0.0,25.0,100.0,125.0
141,mouse,VISp,23.939200572802942,46.60896011868434,L23,,EXC,11659,L23,Pvalb,INH,11657,AISynphys,Accessed on 2025-07-07 00:00:007,True,-0.006419047612344212,2.181270945725123,3.4259922373512994,-70.0,0.0,25.0,25.0,50.0
142,mouse,VISp,73.27580404640307,0.33114337253569526,L23,,EXC,11659,L23,Vip,INH,11660,AISynphys,Accessed on 2025-07-07 00:00:007,True,-0.0008858843521521595,1.3345613828666079,7.272778489646754,-70.0,50.0,75.0,0.0,25.0
143,mouse,VISp,71.45022626368676,76.98212160494114,L5,Tlx3,EXC,11711,L4,Vip,INH,11705,AISynphys,Accessed on 2025-07-07 00:00:007,True,-0.0010152672944864502,1.1402464829278587,5.843396213711107,-70.0,50.0,75.0,75.0,100.0
144,mouse,VISp,134.75452543134793,63.86582739511192,L5,Pvalb,INH,11765,L5,Sim1,EXC,11768,AISynphys,Accessed on 2025-07-07 00:00:007,True,0.01423024570360564,1.3196109866693553,6.108279887837769,-55.0,125.0,150.0,50.0,75.0
145,mouse,VISp,66.65855369044033,38.699749078627484,L5,Sim1,EXC,11766,L5,Pvalb,INH,11765,AISynphys,Accessed on 2025-07-07 00:00:007,True,-0.018119121904042364,1.0281788622061614,2.5972454135295706,-70.0,50.0,75.0,25.0,50.0
146,mouse,VISp,57.97542213126815,155.475346873777,L23,Pvalb,INH,11805,L5,Tlx3,EXC,11809,AISynphys,Accessed on 2025-07-07 00:00:007,True,0.004682638644003999,1.2141393115397578,4.0434424917041,-55.0,50.0,75.0,150.0,175.0
147,mouse,VISp,10.464581482025618,72.05859617135236,L4,Pvalb,INH,11806,L5,Tlx3,EXC,11809,AISynphys,Accessed on 2025-07-07 00:00:007,True,0.0056940580674830705,1.3897629194666088,2.9305368106425136,-55.0,0.0,25.0,50.0,75.0
148,mouse,VISp,56.3591470303194,323.8758118029422,L5,Tlx3,EXC,11820,L23,Pvalb,INH,11824,AISynphys,Accessed on 2025-07-07 00:00:007,True,-0.02575901606338496,0.7173058685294883,1.0172145373653214,-70.0,50.0,75.0,300.0,325.0
149,mouse,VISp,98.2409082713756,31.051168570363505,L23,,EXC,11907,L23,Vip,INH,11908,AISynphys,Accessed on 2025-07-07 00:00:007,True,-0.005758225921024758,1.8373844800096852,3.621806800406939,-70.0,75.0,100.0,25.0,50.0
150,mouse,VISp,17.187608421032746,25.791959653451176,L23,,EXC,11913,L23,,EXC,11907,AISynphys,Accessed on 2025-07-07 00:00:007,True,-0.004181911194129461,2.5050450924011427,5.9517854347306205,-70.0,0.0,25.0,25.0,50.0
151,mouse,VISp,59.19728591793037,82.77771057459114,L23,,EXC,11913,L23,Pvalb,INH,11914,AISynphys,Accessed on 2025-07-07 00:00:007,True,-8.11733224903688e-05,3.609726446315011,0.9951937122273345,-70.0,50.0,75.0,75.0,100.0
152,mouse,VISp,116.78042755353121,28.402613304669305,L6a,,EXC,11924,L6a,Pvalb,INH,11925,AISynphys,Accessed on 2025-07-07 00:00:007,True,-7.802520071555514e-05,0.9582875066267351,0.4782211008016279,-70.0,100.0,125.0,25.0,50.0
153,mouse,VISp,37.3045133171247,59.88356570155482,L6a,Ntsr1,EXC,12069,L6a,Pvalb,INH,12070,AISynphys,Accessed on 2025-07-07 00:00:007,True,-0.016382727348566325,0.5648543959451383,1.376645110217303,-70.0,25.0,50.0,50.0,75.0
154,mouse,VISp,136.23449104986213,19.385237069354048,L23,Pvalb,INH,12091,L23,,,12094,AISynphys,Accessed on 2025-07-07 00:00:007,True,0.0018717585310442572,1.4192716121478801,1.7680831566168294,-55.0,125.0,150.0,0.0,25.0
155,mouse,VISp,34.06849263879479,172.184644844714,L4,Pvalb,INH,12097,L5,Pvalb,INH,12098,AISynphys,Accessed on 2025-07-07 00:00:007,True,0.012622787560619115,0.6916101404184729,2.408733246553353,-55.0,25.0,50.0,150.0,175.0
156,mouse,VISp,34.06849263879479,172.184644844714,L5,Pvalb,INH,12098,L4,Pvalb,INH,12097,AISynphys,Accessed on 2025-07-07 00:00:007,True,0.007450613097342892,0.815557148879235,3.4684577573816004,-55.0,25.0,50.0,150.0,175.0
157,mouse,VISp,57.088582598531445,4.330128103257705,L23,Sst,INH,12204,L23,,EXC,12209,AISynphys,Accessed on 2025-07-07 00:00:007,True,0.0034737680130988895,1.0408331240164868,12.976016621667343,-55.0,50.0,75.0,0.0,25.0
158,mouse,VISp,57.088582598531445,4.330128103257705,L23,,EXC,12209,L23,Sst,INH,12204,AISynphys,Accessed on 2025-07-07 00:00:007,True,-0.0015122765009264638,1.0252192037442147,1.438949729346471,-70.0,50.0,75.0,0.0,25.0
159,mouse,VISp,14.036961436896032,117.66881092906085,L5,Pvalb,INH,12213,L6a,Sst,INH,12214,AISynphys,Accessed on 2025-07-07 00:00:007,True,0.012267090191254918,0.7978664419476064,2.6231521405585294,-55.0,0.0,25.0,100.0,125.0
160,mouse,VISp,3.5290662973912226,41.548795416096,L5,Pvalb,INH,12263,L5,Sim1,EXC,12264,AISynphys,Accessed on 2025-07-07 00:00:007,True,0.0133824470967756,1.720931143296288,12.01238704097351,-55.0,0.0,25.0,25.0,50.0
161,mouse,VISp,233.29591207645913,39.11002329918979,L6a,Sst,INH,12325,L5,Ntsr1,EXC,12328,AISynphys,Accessed on 2025-07-07 00:00:007,True,0.0008389137006119386,1.8112958438574578,0.9931576797174017,-55.0,225.0,250.0,25.0,50.0
162,mouse,VISp,61.69325016870958,39.52502565958678,L23,,EXC,12329,L23,Sst,INH,12335,AISynphys,Accessed on 2025-07-07 00:00:007,True,-0.006748906925925945,1.4672839690946373,3.745845081275503,-70.0,50.0,75.0,25.0,50.0
163,mouse,VISp,16.00398478611695,33.54661384917587,L23,,EXC,12334,L23,Sst,INH,12335,AISynphys,Accessed on 2025-07-07 00:00:007,True,-0.0014758144084718887,1.2770798878879035,3.1091628271485012,-70.0,0.0,25.0,25.0,50.0
164,mouse,VISp,61.69325016870958,39.52502565958678,L23,Sst,INH,12335,L23,,EXC,12329,AISynphys,Accessed on 2025-07-07 00:00:007,True,0.003227737028016059,3.072864916212971,2.364393401279646,-55.0,50.0,75.0,25.0,50.0
165,mouse,VISp,3.1379586092989467,87.7300152885329,L4,,EXC,12416,L5,,INH,12415,AISynphys,Accessed on 2025-07-07 00:00:007,True,-0.005480885652580298,0.7800270833903474,3.0246826702776923,-70.0,0.0,25.0,75.0,100.0
166,mouse,VISp,22.174613242052978,389.24361958677673,L23,Pvalb,INH,12464,L5,Sim1,EXC,12466,AISynphys,Accessed on 2025-07-07 00:00:007,True,0.002012517669475201,0.8227600069105201,7.2153080925820126,-55.0,0.0,25.0,375.0,400.0
167,mouse,VISp,50.95719936017914,27.4929874261967,L23,Pvalb,INH,12474,L23,Pvalb,INH,12476,AISynphys,Accessed on 2025-07-07 00:00:007,True,0.04525892696045345,0.9587078631817453,2.6641792642667315,-55.0,50.0,75.0,25.0,50.0
168,mouse,VISp,140.8134496812639,22.908253087314208,L23,Pvalb,INH,12474,L23,Pvalb,INH,12477,AISynphys,Accessed on 2025-07-07 00:00:007,True,0.006982466862585785,2.1258919029394616,8.129858151729671,-55.0,125.0,150.0,0.0,25.0
169,mouse,VISp,88.55999782153975,50.42235601247659,L23,Pvalb,INH,12476,L23,Pvalb,INH,12477,AISynphys,Accessed on 2025-07-07 00:00:007,True,0.02292377266505946,0.9929986483177436,2.8581283584063435,-55.0,75.0,100.0,50.0,75.0
170,mouse,VISp,88.55999782153975,50.42235601247659,L23,Pvalb,INH,12477,L23,Pvalb,INH,12476,AISynphys,Accessed on 2025-07-07 00:00:007,True,0.010076765704171075,0.9008045017342512,5.563665328891351,-55.0,75.0,100.0,50.0,75.0
171,mouse,VISp,91.72412638954599,57.10556550612693,L23,Pvalb,INH,12482,L23,,EXC,12487,AISynphys,Accessed on 2025-07-07 00:00:007,True,0.006337896213977429,1.307389951761876,11.854991194330607,-55.0,75.0,100.0,50.0,75.0
172,mouse,VISp,91.72412638954599,57.10556550612693,L23,,EXC,12487,L23,Pvalb,INH,12482,AISynphys,Accessed on 2025-07-07 00:00:007,True,-0.018636633045983238,1.6412007176362047,2.621472796971715,-70.0,75.0,100.0,50.0,75.0
173,mouse,VISp,42.99853286423293,30.064536583381578,L4,Pvalb,INH,12515,L4,Pvalb,INH,12514,AISynphys,Accessed on 2025-07-07 00:00:007,True,0.019334591799184273,0.6970472751872281,4.756061376129813,-55.0,25.0,50.0,25.0,50.0
174,mouse,VISp,66.14944295153093,14.687289893382141,L4,,EXC,12578,L4,Sim1,EXC,12580,AISynphys,Accessed on 2025-07-07 00:00:007,True,-0.01439121139120887,2.9103172062404483,4.573419558859861,-70.0,50.0,75.0,0.0,25.0
175,mouse,VISp,47.7781087522661,77.5043120296328,L5,,INH,12579,L4,Sim1,EXC,12580,AISynphys,Accessed on 2025-07-07 00:00:007,True,0.031513130761059195,0.9878637276146947,5.427887057809758,-55.0,25.0,50.0,75.0,100.0
176,mouse,VISp,66.14944295153093,14.687289893382141,L4,Sim1,EXC,12580,L4,,EXC,12578,AISynphys,Accessed on 2025-07-07 00:00:007,True,-0.0013675759968108639,1.807029772701,7.194266300419128,-70.0,50.0,75.0,0.0,25.0
177,mouse,VISp,21.475730465172198,9.689509885813688,L4,Nr5a1,EXC,12701,L4,Nr5a1,EXC,12702,AISynphys,Accessed on 2025-07-07 00:00:007,True,-0.004951031332053498,1.5284970792465136,3.5140094213509205,-70.0,0.0,25.0,0.0,25.0
178,mouse,VISp,17.99603531687498,17.4931524189841,L4,Sst,INH,12740,L4,Nr5a1,EXC,12745,AISynphys,Accessed on 2025-07-07 00:00:007,True,0.0023795593307718585,1.8112484193884995,6.132435702566169,-55.0,0.0,25.0,0.0,25.0
179,mouse,VISp,12.996220480847699,36.93543388283398,L4,Nr5a1,EXC,12751,L4,Nr5a1,EXC,12747,AISynphys,Accessed on 2025-07-07 00:00:007,True,-0.020034082738454532,1.418641673771686,2.0496704224555886,-70.0,0.0,25.0,25.0,50.0
180,mouse,VISp,13.116358076390233,98.74504446326377,L4,Nr5a1,EXC,12888,L5,Pvalb,INH,12890,AISynphys,Accessed on 2025-07-07 00:00:007,True,-0.019888046555674374,1.9944031095505537,4.038166350105673,-70.0,0.0,25.0,75.0,100.0
181,mouse,VISp,30.608628517675225,3.398266294293125,L5,Nr5a1,EXC,12914,L5,Nr5a1,EXC,12915,AISynphys,Accessed on 2025-07-07 00:00:007,True,-0.012292214305703526,1.4578503046551075,4.336086911535771,-70.0,25.0,50.0,0.0,25.0
182,mouse,VISp,30.608628517675225,3.398266294293125,L5,Nr5a1,EXC,12915,L5,Nr5a1,EXC,12914,AISynphys,Accessed on 2025-07-07 00:00:007,True,-0.005056685336884639,1.4185549514338316,1.0048368583965113,-70.0,25.0,50.0,0.0,25.0
183,mouse,VISp,12.898025932199149,70.66887671904998,L23,Nr5a1,EXC,12921,L4,Pvalb,INH,12919,AISynphys,Accessed on 2025-07-07 00:00:007,True,-0.007497800554220423,1.1947758384299665,1.762321899602513,-70.0,0.0,25.0,50.0,75.0
184,mouse,VISp,109.16407916542033,62.616026702161356,L4,Pvalb,INH,12953,L4,Nr5a1,EXC,12948,AISynphys,Accessed on 2025-07-07 00:00:007,True,0.005582972446452086,1.4741637777699383,15.667870284278921,-55.0,100.0,125.0,50.0,75.0
185,mouse,VISp,170.29180439143835,30.86079885984943,L4,Pvalb,INH,12954,L4,Nr5a1,EXC,12951,AISynphys,Accessed on 2025-07-07 00:00:007,True,0.001317300811159041,1.7499415373704088,6.128430564283044,-55.0,150.0,175.0,25.0,50.0
186,mouse,VISp,211.79622201512387,33.80180491527318,L6a,Sst,INH,12977,L6a,Vip,INH,12982,AISynphys,Accessed on 2025-07-07 00:00:007,True,1.2096261854285309e-05,1.2067249863307752,1.3837931060509112,-55.0,200.0,225.0,25.0,50.0
187,mouse,VISp,211.79622201512387,33.80180491527318,L6a,Vip,INH,12982,L6a,Sst,INH,12977,AISynphys,Accessed on 2025-07-07 00:00:007,True,0.002608131713520531,9.978475263294506,21.698495151259436,-55.0,200.0,225.0,25.0,50.0
188,mouse,VISp,46.98061038205839,81.06562362912652,L5,Sst,INH,13051,L4,Nr5a1,EXC,13049,AISynphys,Accessed on 2025-07-07 00:00:007,True,0.001370817634021336,2.9905224331354563,12.89791337366243,-55.0,25.0,50.0,75.0,100.0
189,mouse,VISp,40.56958551973257,18.691763802730627,L5,Sst,INH,13051,L4,Nr5a1,EXC,13050,AISynphys,Accessed on 2025-07-07 00:00:007,True,0.0025203935074121003,0.3418968512067038,15.975695195864317,-55.0,25.0,50.0,0.0,25.0
190,mouse,VISp,20.89369759024032,84.86131443913439,L5,Sst,INH,13066,L4,Sst,INH,13065,AISynphys,Accessed on 2025-07-07 00:00:007,True,0.002896165994784784,1.2803520115879214,6.417306900729582,-55.0,0.0,25.0,75.0,100.0
191,mouse,VISp,55.148130460368556,69.32392599273425,L5,,EXC,13122,L5,Sst,INH,13121,AISynphys,Accessed on 2025-07-07 00:00:007,True,-0.0031570634238123744,0.6740037635588297,0.8518967580387545,-70.0,50.0,75.0,50.0,75.0
192,mouse,VISp,86.69133051830616,68.02463259280297,L4,Nr5a1,EXC,13146,L5,Pvalb,INH,13148,AISynphys,Accessed on 2025-07-07 00:00:007,True,-0.002753226824020018,1.1363802611902496,1.1609053504831306,-70.0,75.0,100.0,50.0,75.0
193,mouse,VISp,46.244215363550225,99.59638580319849,L4,Nr5a1,EXC,13157,L5,Pvalb,INH,13159,AISynphys,Accessed on 2025-07-07 00:00:007,True,-0.009464992918499282,0.9990559484661902,1.5301200058473592,-70.0,25.0,50.0,75.0,100.0
194,mouse,VISp,72.54151424951704,31.17926286231126,L5,Pvalb,INH,13174,L5,Nr5a1,EXC,13170,AISynphys,Accessed on 2025-07-07 00:00:007,True,0.005862947251914189,1.022071112350535,3.915605700864436,-55.0,50.0,75.0,25.0,50.0
195,mouse,VISp,1.1339409394746747,43.58750756806088,L5,,EXC,13175,L5,Pvalb,INH,13174,AISynphys,Accessed on 2025-07-07 00:00:007,True,-0.050347870587905394,0.7504920830534119,1.09895470831943,-70.0,0.0,25.0,25.0,50.0
196,mouse,VISp,36.53491077387527,65.6841463617743,L5,,EXC,13192,L5,,INH,13193,AISynphys,Accessed on 2025-07-07 00:00:007,True,-0.011059882383479292,0.6248107813053392,2.959607481496401,-70.0,25.0,50.0,50.0,75.0
197,mouse,VISp,131.81463384245689,300.13272320445014,L23,,EXC,13227,L5,Sst,INH,13223,AISynphys,Accessed on 2025-07-07 00:00:007,True,-8.137437077982527e-08,1.724668591927536,2.1387791411206973,-70.0,125.0,150.0,300.0,325.0
198,mouse,VISp,16.85921808570267,40.51972473831372,L23,,EXC,13453,L23,,EXC,13454,AISynphys,Accessed on 2025-07-07 00:00:007,True,-0.002587075957791758,1.3385911888789652,3.501773546297937,-70.0,0.0,25.0,25.0,50.0
199,mouse,VISp,117.54193944728894,52.6786280517999,L23,Vip,INH,13460,L23,,EXC,13453,AISynphys,Accessed on 2025-07-07 00:00:007,True,0.0003090705565813674,3.9821283108007623,20.475400995676726,-55.0,100.0,125.0,50.0,75.0
200,mouse,VISp,29.417013026072564,74.89297164082808,L4,Nr5a1,EXC,13574,L23,Nr5a1,EXC,13575,AISynphys,Accessed on 2025-07-07 00:00:007,True,-0.0014854244337094466,1.7512567008874145,7.581449324611007,-70.0,25.0,50.0,50.0,75.0
201,mouse,VISp,20.227178265671597,52.78649572427356,L23,Sst,INH,13653,L23,,EXC,13652,AISynphys,Accessed on 2025-07-07 00:00:007,True,0.005418094854653341,1.9208499997795618,8.313624925235038,-55.0,0.0,25.0,50.0,75.0
202,mouse,VISp,11.273061480910446,32.953294673030925,L23,,EXC,13655,L23,Sst,INH,13656,AISynphys,Accessed on 2025-07-07 00:00:007,True,-0.0005488503051667246,0.913574628486138,9.144657631457147,-70.0,0.0,25.0,25.0,50.0
203,mouse,VISp,56.10947038312504,19.110201704199568,L23,,EXC,13655,L23,,INH,13657,AISynphys,Accessed on 2025-07-07 00:00:007,True,-0.01151077670231789,1.0639446980740717,0.990514340723061,-70.0,50.0,75.0,0.0,25.0
204,mouse,VISp,56.10947038312504,19.110201704199568,L23,,INH,13657,L23,,EXC,13655,AISynphys,Accessed on 2025-07-07 00:00:007,True,0.002521048997733134,1.2937730984749898,23.000326944292325,-55.0,50.0,75.0,0.0,25.0
205,mouse,VISp,6.299538862756938,15.768238519461095,L23,,EXC,13826,L23,,INH,13827,AISynphys,Accessed on 2025-07-07 00:00:007,True,-0.0020733456259801352,0.8770613875598389,1.0763154051045538,-70.0,0.0,25.0,0.0,25.0
206,mouse,VISp,6.391603358219036,39.8653740562058,L23,,INH,13827,L23,,EXC,13828,AISynphys,Accessed on 2025-07-07 00:00:007,True,0.011546662118702637,2.3837123585892277,6.517823505419536,-55.0,0.0,25.0,25.0,50.0
207,mouse,VISp,0.20177596508016213,55.65403124536372,L23,,EXC,13828,L23,,EXC,13826,AISynphys,Accessed on 2025-07-07 00:00:007,True,-0.00013017446167767,1.0890773553302953,5.970893170776843,-70.0,0.0,25.0,50.0,75.0
208,mouse,VISp,27.6676006247929,48.42682133123013,L23,,EXC,14402,L23,,EXC,14403,AISynphys,Accessed on 2025-07-07 00:00:007,True,-0.0007273661671131311,1.8126801272971063,2.599327413882012,-70.0,25.0,50.0,25.0,50.0
209,mouse,VISp,53.17639182073048,50.65954524675631,L6a,Pvalb,INH,14809,L5,Pvalb,INH,14808,AISynphys,Accessed on 2025-07-07 00:00:007,True,0.02780320698291152,0.3939918100182485,1.9593108068968144,-55.0,50.0,75.0,50.0,75.0
210,mouse,VISp,21.862346570784272,105.1700573455623,L5,Pvalb,INH,14902,L4,Pvalb,INH,14904,AISynphys,Accessed on 2025-07-07 00:00:007,True,0.008058509453837664,0.5851001700241477,1.5788704625117984,-55.0,0.0,25.0,100.0,125.0
211,mouse,VISp,13.220759643333443,89.1497305080794,L5,Pvalb,INH,14903,L4,Pvalb,INH,14904,AISynphys,Accessed on 2025-07-07 00:00:007,True,0.02898929810956665,0.8782511609316084,1.5863523227962522,-55.0,0.0,25.0,75.0,100.0
212,mouse,VISp,13.220759643333443,89.1497305080794,L4,Pvalb,INH,14904,L5,Pvalb,INH,14903,AISynphys,Accessed on 2025-07-07 00:00:007,True,0.04945391596590478,0.7466707994760828,1.5046304635228203,-55.0,0.0,25.0,75.0,100.0
213,mouse,VISp,29.644927327059158,40.89405928069973,L5,Tlx3,EXC,14922,L4,Tlx3,EXC,14921,AISynphys,Accessed on 2025-07-07 00:00:007,True,-0.001152368366343757,1.1768405955465868,7.277877346919342,-70.0,25.0,50.0,25.0,50.0
214,mouse,VISp,23.886548501699238,39.2293801018568,L5,Tlx3,EXC,14926,L5,Fam84b,EXC,14925,AISynphys,Accessed on 2025-07-07 00:00:007,True,-0.03135075255916708,1.844150614205978,2.8189464784846754,-70.0,0.0,25.0,25.0,50.0
215,mouse,VISp,93.6098229330198,104.22287699146774,L4,Tlx3,EXC,14927,L5,Fam84b,EXC,14924,AISynphys,Accessed on 2025-07-07 00:00:007,True,-0.004572054116031022,1.785409271143114,22.504467298360392,-70.0,75.0,100.0,100.0,125.0
216,mouse,VISp,37.066467804060295,70.29580305352914,L5,Sim1,EXC,15013,L5,,EXC,15012,AISynphys,Accessed on 2025-07-07 00:00:007,True,-0.0012871355732105188,1.2285105478141072,12.07249170932266,-70.0,25.0,50.0,50.0,75.0
217,mouse,VISp,93.46356415191258,71.74777990343135,L5,Sim1,EXC,15013,L5,Sim1,EXC,15014,AISynphys,Accessed on 2025-07-07 00:00:007,True,-0.0053375427743583845,2.01316676764267,4.353873211209551,-70.0,75.0,100.0,50.0,75.0
218,mouse,VISp,32.25827092597826,51.93456109601942,L4,Vip,INH,15148,L5,Vip,INH,15141,AISynphys,Accessed on 2025-07-07 00:00:007,True,0.0007938383045975649,2.076941121921574,6.985411889808619,-55.0,25.0,50.0,50.0,75.0
219,mouse,VISp,32.5048258891473,44.12913568739163,L23,Nr5a1,EXC,15171,L4,Sst,INH,15173,AISynphys,Accessed on 2025-07-07 00:00:007,True,-0.0033523929768365566,0.5033371834817926,1.5233757512236907,-70.0,25.0,50.0,25.0,50.0
220,mouse,VISp,23.7936566756596,49.56439808623545,L4,Nr5a1,EXC,15172,L23,Nr5a1,EXC,15171,AISynphys,Accessed on 2025-07-07 00:00:007,True,-0.00860083204799577,1.9002912524034252,1.8348252898018622,-70.0,0.0,25.0,25.0,50.0
221,mouse,VISp,34.779268380457204,48.7234610364465,L6a,Sst,INH,15327,L6a,Ntsr1,EXC,15326,AISynphys,Accessed on 2025-07-07 00:00:007,True,0.0038282924310899477,3.2901029887364674,5.071978981747681,-55.0,25.0,50.0,25.0,50.0
222,mouse,VISp,231.85285697278724,52.23410588271178,L23,,EXC,15672,L23,,EXC,15668,AISynphys,Accessed on 2025-07-07 00:00:007,True,-0.0012110483904157385,0.805310276664062,1.5913876552859405,-70.0,225.0,250.0,50.0,75.0
223,mouse,VISp,40.25508651405675,66.17188962781574,L1,,INH,15679,L23,,EXC,15678,AISynphys,Accessed on 2025-07-07 00:00:007,True,0.006677354587710836,3.891407784012663,29.67048739718799,-55.0,25.0,50.0,50.0,75.0
224,mouse,VISp,9.884147009647888,97.33664700477225,L5,Sst,INH,15715,L4,Vip,INH,15714,AISynphys,Accessed on 2025-07-07 00:00:007,True,0.00042552724456623356,0.10000000000380133,3.657680591557105,-55.0,0.0,25.0,75.0,100.0
225,mouse,VISp,146.04329878015304,157.08710880320822,L5,Sst,INH,15922,L4,Nr5a1,EXC,15925,AISynphys,Accessed on 2025-07-07 00:00:007,True,0.0005160287336433748,1.6038066961953572,18.885350760006595,-55.0,125.0,150.0,150.0,175.0
226,mouse,VISp,27.04236831032937,33.8887488610675,L4,Nr5a1,EXC,15955,L23,Sst,INH,15957,AISynphys,Accessed on 2025-07-07 00:00:007,True,-0.0006140621378563156,2.3538003232950007,4.683817618322878,-70.0,25.0,50.0,25.0,50.0
227,mouse,VISp,66.83889961651954,39.248568677760076,L4,Sst,INH,15963,L23,Vip,INH,15964,AISynphys,Accessed on 2025-07-07 00:00:007,True,0.002000917498111285,5.443911281228757,30.766462988631343,-55.0,50.0,75.0,25.0,50.0
228,mouse,VISp,10.840514500465112,187.17151327842373,L23,Vip,INH,15964,L5,Vip,INH,15961,AISynphys,Accessed on 2025-07-07 00:00:007,True,0.001796712193931696,2.8264810230199795,15.773616794206143,-55.0,0.0,25.0,175.0,200.0
229,mouse,VISp,83.34799557415057,118.25509941267374,L23,Sst,INH,16021,L23,Vip,INH,16027,AISynphys,Accessed on 2025-07-07 00:00:007,True,0.0011168345304126907,3.0973377887837774,12.212330287365003,-55.0,75.0,100.0,100.0,125.0
230,mouse,VISp,9.04316969267341,43.82504158765297,L23,,EXC,16031,L23,Pvalb,INH,16036,AISynphys,Accessed on 2025-07-07 00:00:007,True,-0.00394385785363661,1.114588744679788,1.9990266986101723,-70.0,0.0,25.0,25.0,50.0
231,mouse,VISp,70.59061572924321,39.73711746435942,L23,,EXC,16040,L23,Pvalb,INH,16035,AISynphys,Accessed on 2025-07-07 00:00:007,True,-0.0029234240570438458,1.3880319381056334,3.053389645823236,-70.0,50.0,75.0,25.0,50.0
232,mouse,VISp,40.95673124914659,64.91725048117122,L23,,EXC,16040,L23,Pvalb,INH,16036,AISynphys,Accessed on 2025-07-07 00:00:007,True,-0.0011673340031451733,1.1396124677074329,1.2170819703493163,-70.0,25.0,50.0,50.0,75.0
233,mouse,VISp,13.32258541223444,4.409050517255802,L6a,Pvalb,INH,16045,L6a,Pvalb,INH,16046,AISynphys,Accessed on 2025-07-07 00:00:007,True,0.004716333234562846,0.9314915178569785,11.66160489223097,-55.0,0.0,25.0,0.0,25.0
234,mouse,VISp,97.22868419643719,100.87524129413242,L5,Pvalb,INH,16067,L5,Sim1,EXC,16069,AISynphys,Accessed on 2025-07-07 00:00:007,True,0.0050618438176401,1.9225619658683266,5.9731184206403825,-55.0,75.0,100.0,100.0,125.0
235,mouse,VISp,97.22868419643719,100.87524129413242,L5,Sim1,EXC,16069,L5,Pvalb,INH,16067,AISynphys,Accessed on 2025-07-07 00:00:007,True,-0.01721667864433186,0.903289982211488,1.8026632055834417,-70.0,75.0,100.0,100.0,125.0
236,mouse,VISp,151.31911120619924,10.41796782323165,L23,Pvalb,INH,16078,L23,Pvalb,INH,16081,AISynphys,Accessed on 2025-07-07 00:00:007,True,0.012741282623452341,0.8361563251111949,3.310968374851399,-55.0,150.0,175.0,0.0,25.0
237,mouse,VISp,131.40626435794945,30.35531784957403,L23,Pvalb,INH,16081,L23,Sst,INH,16079,AISynphys,Accessed on 2025-07-07 00:00:007,True,0.0010871207813097615,0.10010867496547367,3.73821521853893,-55.0,125.0,150.0,25.0,50.0
238,mouse,VISp,81.98824689601753,31.233031289929027,L23,Sst,INH,16082,L23,Pvalb,INH,16081,AISynphys,Accessed on 2025-07-07 00:00:007,True,0.009413697135301304,1.5014265934416882,2.560267126525153,-55.0,75.0,100.0,25.0,50.0
239,mouse,VISp,23.512076835925864,17.79579764105869,L23,Vip,INH,16092,L23,Sst,INH,16093,AISynphys,Accessed on 2025-07-07 00:00:007,True,1.1089514597169054e-13,1.1904451541340761,18.52552391694412,-55.0,0.0,25.0,0.0,25.0
240,mouse,VISp,14.251475963836954,28.487505898063038,L4,Pvalb,INH,16216,L4,Pvalb,INH,16217,AISynphys,Accessed on 2025-07-07 00:00:007,True,0.0069102760234823,1.4952233991897037,0.7689930486260145,-55.0,0.0,25.0,25.0,50.0
241,mouse,VISp,68.96219449511047,46.93482096246421,L4,Pvalb,INH,16216,L4,Pvalb,INH,16218,AISynphys,Accessed on 2025-07-07 00:00:007,True,0.018136885043499352,0.8255071507236335,2.2454225062424435,-55.0,50.0,75.0,25.0,50.0
242,mouse,VISp,93.92545402322116,17.034960871741454,L4,Pvalb,INH,16217,L4,Pvalb,INH,16213,AISynphys,Accessed on 2025-07-07 00:00:007,True,0.0076176382814216416,1.1756518856609441,1.76057254353887,-55.0,75.0,100.0,0.0,25.0
243,mouse,VISp,14.251475963836954,28.487505898063038,L4,Pvalb,INH,16217,L4,Pvalb,INH,16216,AISynphys,Accessed on 2025-07-07 00:00:007,True,0.010326152203937372,0.30514855271620367,1.7648312895317746,-55.0,0.0,25.0,25.0,50.0
244,mouse,VISp,62.49881703461871,138.3995234705425,L6b,Sst,INH,16283,L6a,Vip,INH,16286,AISynphys,Accessed on 2025-07-07 00:00:007,True,0.0006633598735885591,1.7731333309039066,6.234068131057076,-55.0,50.0,75.0,125.0,150.0
245,mouse,VISp,64.48272020949182,46.86104070039807,L6a,Sst,INH,16285,L6a,Vip,INH,16286,AISynphys,Accessed on 2025-07-07 00:00:007,True,0.0012094099713881458,1.5811364347214432,4.101601398479353,-55.0,50.0,75.0,25.0,50.0
246,mouse,VISp,10.187415861215953,70.98690439511111,L4,Tlx3,EXC,16295,L5,Pvalb,INH,16296,AISynphys,Accessed on 2025-07-07 00:00:007,True,-0.015114585012700812,0.6168678217399144,1.5566626817160172,-70.0,0.0,25.0,50.0,75.0
247,mouse,VISp,114.72751995564232,65.41633258566084,L5,Pvalb,INH,16296,L4,Tlx3,EXC,16299,AISynphys,Accessed on 2025-07-07 00:00:007,True,0.005258982609476093,0.12712934679452112,0.48866537074811917,-55.0,100.0,125.0,50.0,75.0
248,mouse,VISp,127.62093101147879,85.0774341265854,L5,Pvalb,INH,16296,L4,Tlx3,EXC,16300,AISynphys,Accessed on 2025-07-07 00:00:007,True,0.010133421115145412,1.385889063118538,5.434995147966577,-55.0,125.0,150.0,75.0,100.0
249,mouse,VISp,60.411349799916316,13.68624022119123,L5,Tlx3,EXC,16310,L5,Pvalb,INH,16314,AISynphys,Accessed on 2025-07-07 00:00:007,True,-0.01086480268908451,1.0716445078292767,1.2603261456565449,-70.0,50.0,75.0,0.0,25.0
250,mouse,VISp,13.415260246827897,22.121540465118542,L5,Tlx3,EXC,16313,L5,Pvalb,INH,16314,AISynphys,Accessed on 2025-07-07 00:00:007,True,-0.018930947084889866,0.48200420414774964,1.402980674731077,-70.0,0.0,25.0,0.0,25.0
251,mouse,VISp,22.88998156531201,8.254691419409257,L5,Pvalb,INH,16314,L4,Tlx3,EXC,16315,AISynphys,Accessed on 2025-07-07 00:00:007,True,0.008262867870747698,0.783719118544752,18.439614056977845,-55.0,0.0,25.0,0.0,25.0
252,mouse,VISp,22.88998156531201,8.254691419409257,L4,Tlx3,EXC,16315,L5,Pvalb,INH,16314,AISynphys,Accessed on 2025-07-07 00:00:007,True,-0.009448079441581348,0.7450279428922989,1.7349671067397565,-70.0,0.0,25.0,0.0,25.0
253,mouse,VISp,53.16983285462406,56.70439664921268,L5,,INH,16360,L5,Pvalb,INH,16361,AISynphys,Accessed on 2025-07-07 00:00:007,True,0.002439544208037109,1.330370074843687,1.9221908721304108,-55.0,50.0,75.0,50.0,75.0
254,mouse,VISp,37.64982286480946,2.324865746333374,L4,Nr5a1,EXC,16400,L4,Pvalb,INH,16402,AISynphys,Accessed on 2025-07-07 00:00:007,True,-0.037601703154786004,0.8181636191337286,1.2623744436354634,-70.0,25.0,50.0,0.0,25.0
255,mouse,VISp,22.92402775460518,44.5955937579721,L4,Nr5a1,EXC,16400,L23,Pvalb,INH,16404,AISynphys,Accessed on 2025-07-07 00:00:007,True,-0.0023087306116991034,0.9526931494679756,2.768211496352578,-70.0,0.0,25.0,25.0,50.0
256,mouse,VISp,8.633867510966267,11.471890982879655,L23,Nr5a1,EXC,16403,L23,Pvalb,INH,16404,AISynphys,Accessed on 2025-07-07 00:00:007,True,-0.00176820659192166,0.8827490609154435,3.5050513175476583,-70.0,0.0,25.0,0.0,25.0
257,mouse,VISp,101.7623487107909,7.123327273361582,L4,Nr5a1,EXC,16406,L4,Nr5a1,EXC,16411,AISynphys,Accessed on 2025-07-07 00:00:007,True,-6.419546462514884e-11,2.5887806532970243,6.181035378053138,-70.0,100.0,125.0,0.0,25.0
258,mouse,VISp,63.31263088300969,104.58124694404746,L5,Pvalb,INH,16409,L4,Nr5a1,EXC,16406,AISynphys,Accessed on 2025-07-07 00:00:007,True,0.009040130903875695,1.3050771713738007,6.64883698862795,-55.0,50.0,75.0,100.0,125.0
259,mouse,VISp,34.837635283335025,111.02790587769063,L5,Pvalb,INH,16409,L4,Nr5a1,EXC,16411,AISynphys,Accessed on 2025-07-07 00:00:007,True,0.018785772203598856,1.4238779363008662,4.2559399006232095,-55.0,25.0,50.0,100.0,125.0
260,mouse,VISp,34.837635283335025,111.02790587769063,L4,Nr5a1,EXC,16411,L5,Pvalb,INH,16409,AISynphys,Accessed on 2025-07-07 00:00:007,True,-0.0014075068482329082,2.228176047826291,2.637842887382939,-70.0,25.0,50.0,100.0,125.0
261,mouse,VISp,13.58768731537146,113.62870035690659,L4,Pvalb,INH,16416,L23,Nr5a1,EXC,16413,AISynphys,Accessed on 2025-07-07 00:00:007,True,0.0038188827443962634,2.6832726256956696,8.286865637433413,-55.0,0.0,25.0,100.0,125.0
262,mouse,VISp,79.0130743101961,13.778265925413596,L23,Nr5a1,EXC,16417,L23,Nr5a1,EXC,16413,AISynphys,Accessed on 2025-07-07 00:00:007,True,-0.00010251172373573675,0.11786991616253874,0.9721095461745454,-70.0,75.0,100.0,0.0,25.0
263,mouse,VISp,7.898497223421864,49.78979147919379,L5,Sst,INH,16421,L4,Sim1,EXC,16422,AISynphys,Accessed on 2025-07-07 00:00:007,True,0.004590971451614531,2.6656775294901505,8.789788492367439,-55.0,0.0,25.0,25.0,50.0
264,mouse,VISp,7.898497223421864,49.78979147919379,L4,Sim1,EXC,16422,L5,Sst,INH,16421,AISynphys,Accessed on 2025-07-07 00:00:007,True,-1.82322556479142e-05,1.1304357528139046,1.7074094487133296,-70.0,0.0,25.0,25.0,50.0
265,mouse,VISp,14.807190390290534,7.861230666740641,L6a,Pvalb,INH,16602,L6a,Pvalb,INH,16603,AISynphys,Accessed on 2025-07-07 00:00:007,True,0.014608751898280248,0.7528442977532405,2.2662540298644496,-55.0,0.0,25.0,0.0,25.0
266,mouse,VISp,5.879818685626017,64.24936309469659,L23,,EXC,16609,L23,Sst,INH,16610,AISynphys,Accessed on 2025-07-07 00:00:007,True,-0.013966422811717576,1.2797521651232886,5.013864128418218,-70.0,0.0,25.0,50.0,75.0
267,mouse,VISp,34.19176099959426,87.32304676771551,L23,,EXC,16609,L23,Sst,INH,16611,AISynphys,Accessed on 2025-07-07 00:00:007,True,-0.06565751513591188,1.444432843341234,1.954288004555142,-70.0,25.0,50.0,75.0,100.0
268,mouse,VISp,34.19176099959426,87.32304676771551,L23,Sst,INH,16611,L23,,EXC,16609,AISynphys,Accessed on 2025-07-07 00:00:007,True,0.0073821857385289805,2.409970643807534,9.681402943035973,-55.0,25.0,50.0,75.0,100.0
269,mouse,VISp,143.0076160101647,11.514808273662897,L23,,EXC,16612,L23,Pvalb,INH,16614,AISynphys,Accessed on 2025-07-07 00:00:007,True,-0.010794954023028571,0.9636308710269624,1.465317541365895,-70.0,125.0,150.0,0.0,25.0
270,mouse,VISp,68.99397578018532,38.16365055865647,L23,Sst,INH,16613,L23,,EXC,16609,AISynphys,Accessed on 2025-07-07 00:00:007,True,0.011014677254054245,3.617995360698267,15.015237729419217,-55.0,50.0,75.0,25.0,50.0
271,mouse,VISp,101.94417954354508,49.67509650764067,L23,Sst,INH,16613,L23,Sst,INH,16611,AISynphys,Accessed on 2025-07-07 00:00:007,True,0.004378126944656497,0.9018866161379648,6.014190134019643,-55.0,100.0,125.0,25.0,50.0
272,mouse,VISp,61.478462583196574,9.820766448018801,L23,Pvalb,INH,16616,L23,,EXC,16609,AISynphys,Accessed on 2025-07-07 00:00:007,True,0.01187636487769828,1.6543062592496731,8.049268325494415,-55.0,50.0,75.0,0.0,25.0
273,mouse,VISp,93.98342643216905,97.81032003014343,L23,Pvalb,INH,16616,L23,Sst,INH,16611,AISynphys,Accessed on 2025-07-07 00:00:007,True,0.0019626175918228124,2.8749172768007623,15.017081841412518,-55.0,75.0,100.0,75.0,100.0
274,mouse,VISp,17.651689038149794,4.695234328598198,L23,Sst,INH,16635,L23,Pvalb,INH,16636,AISynphys,Accessed on 2025-07-07 00:00:007,True,0.00962341095270867,2.9630651566203543,6.127730397153409,-55.0,0.0,25.0,0.0,25.0
275,mouse,VISp,17.651689038149794,4.695234328598198,L23,Pvalb,INH,16636,L23,Sst,INH,16635,AISynphys,Accessed on 2025-07-07 00:00:007,True,0.002708807705476974,1.9130972888761184,30.39112249867495,-55.0,0.0,25.0,0.0,25.0
276,mouse,VISp,110.9748059785613,8.616267615429674,L23,Pvalb,INH,16636,L23,Pvalb,INH,16637,AISynphys,Accessed on 2025-07-07 00:00:007,True,0.011875560294398908,0.6178543189049039,3.9346405209798543,-55.0,100.0,125.0,0.0,25.0
277,mouse,VISp,147.6951916771573,24.66748233217073,L23,Pvalb,INH,16638,L23,Pvalb,INH,16636,AISynphys,Accessed on 2025-07-07 00:00:007,True,0.013320912325793863,1.3521297597133766,2.348412587570497,-55.0,125.0,150.0,0.0,25.0
278,mouse,VISp,36.69888702106891,33.204844187781745,L23,Pvalb,INH,16638,L23,Pvalb,INH,16637,AISynphys,Accessed on 2025-07-07 00:00:007,True,0.015231141294148057,0.40681507335999817,6.216942555355169,-55.0,25.0,50.0,25.0,50.0
279,mouse,VISp,112.11508340344663,52.35186460899128,L23,Sst,INH,16650,L23,,EXC,16656,AISynphys,Accessed on 2025-07-07 00:00:007,True,0.0006123473206185587,4.334764118824052,2.7174756047993966,-55.0,100.0,125.0,50.0,75.0
280,mouse,VISp,9.285010638776498,57.716524035044216,L23,Pvalb,INH,16651,L23,Sst,INH,16650,AISynphys,Accessed on 2025-07-07 00:00:007,True,0.0021280622292896892,0.6233290746088176,3.426701815045411,-55.0,0.0,25.0,50.0,75.0
281,mouse,VISp,101.74613499506393,110.48897326980735,L23,Pvalb,INH,16651,L23,,EXC,16656,AISynphys,Accessed on 2025-07-07 00:00:007,True,0.016176239725908446,1.1341377469128306,7.277177426117595,-55.0,100.0,125.0,100.0,125.0
282,mouse,VISp,112.11508340344663,52.35186460899128,L23,,EXC,16656,L23,Sst,INH,16650,AISynphys,Accessed on 2025-07-07 00:00:007,True,-0.002836861744422951,1.9596435223150364,2.44302773934949,-70.0,100.0,125.0,50.0,75.0
283,mouse,VISp,101.74613499506393,110.48897326980735,L23,,EXC,16656,L23,Pvalb,INH,16651,AISynphys,Accessed on 2025-07-07 00:00:007,True,-0.03717650697719382,0.6874198388467786,1.0050585157499297,-70.0,100.0,125.0,100.0,125.0
284,mouse,VISp,23.355279279869322,40.52076068214039,L23,,EXC,16656,L23,Sst,INH,16655,AISynphys,Accessed on 2025-07-07 00:00:007,True,-0.019874350375330776,1.4668618895651815,2.5899586236585472,-70.0,0.0,25.0,25.0,50.0
285,mouse,VISp,124.2954436730297,9.60338361852932,L23,Sst,INH,16666,L23,Pvalb,INH,16660,AISynphys,Accessed on 2025-07-07 00:00:007,True,0.006123839612797111,1.0744633924704163,3.2399709603092104,-55.0,100.0,125.0,0.0,25.0
286,mouse,VISp,67.53454340998988,56.790799364194385,L23,Sst,INH,16669,L1,Sst,INH,16670,AISynphys,Accessed on 2025-07-07 00:00:007,True,0.0034867143840228536,3.403630861012692,11.439744007272349,-55.0,50.0,75.0,50.0,75.0
287,mouse,VISp,64.98608628836793,117.48923323764922,L1,Sst,INH,16670,L23,Pvalb,INH,16660,AISynphys,Accessed on 2025-07-07 00:00:007,True,0.005721269027821051,1.9529417038564914,1.3696081296392206,-55.0,50.0,75.0,100.0,125.0
288,mouse,VISp,30.264504753887017,82.91153908173426,L23,Sst,INH,16680,L23,Pvalb,INH,16683,AISynphys,Accessed on 2025-07-07 00:00:007,True,0.0017389457568396346,0.8560859633195216,1.3451737254322111,-55.0,25.0,50.0,75.0,100.0
289,mouse,VISp,88.93650868228394,129.93995427452663,L23,Pvalb,INH,16683,L23,,,16691,AISynphys,Accessed on 2025-07-07 00:00:007,True,0.003337715514214292,1.6906307464339632,1.410953110751058,-55.0,75.0,100.0,125.0,150.0
290,mouse,VISp,46.24561632514156,11.253165830458604,L23,Sst,INH,16685,L23,Pvalb,INH,16683,AISynphys,Accessed on 2025-07-07 00:00:007,True,0.008713852374073053,2.4117425127388192,5.137324989243588,-55.0,25.0,50.0,0.0,25.0
291,mouse,VISp,91.35028108179621,47.51552883991456,L5,,INH,16748,L5,Sim1,EXC,16753,AISynphys,Accessed on 2025-07-07 00:00:007,True,0.009681287720533217,2.2772390088839827,5.113456219013282,-55.0,75.0,100.0,25.0,50.0
292,mouse,VISp,83.43270439605037,12.470039733747804,L5,Sst,INH,16751,L5,Sim1,EXC,16749,AISynphys,Accessed on 2025-07-07 00:00:007,True,0.016488801364033797,7.257362073090656,15.68298486125259,-55.0,75.0,100.0,0.0,25.0
293,mouse,VISp,8.574670093967951,14.827656462826885,L5,Sst,INH,16751,L5,Sim1,EXC,16752,AISynphys,Accessed on 2025-07-07 00:00:007,True,0.014898817518730284,2.1627150997226585,5.111523116153129,-55.0,0.0,25.0,0.0,25.0
294,mouse,VISp,25.611770046526296,34.42135080562436,L5,Sst,INH,16751,L5,Sim1,EXC,16753,AISynphys,Accessed on 2025-07-07 00:00:007,True,0.021781240962661153,1.7821591589484433,5.48757025733926,-55.0,25.0,50.0,25.0,50.0
295,mouse,VISp,2.6267196196961233,15.04161034196477,L23,Sst,INH,16900,L23,Nr5a1,EXC,16904,AISynphys,Accessed on 2025-07-07 00:00:007,True,0.002136792743869415,1.4516884419682947,10.905583285645925,-55.0,0.0,25.0,0.0,25.0
296,mouse,VISp,2.6267196196961233,15.04161034196477,L23,Nr5a1,EXC,16904,L23,Sst,INH,16900,AISynphys,Accessed on 2025-07-07 00:00:007,True,-0.004246046342439171,1.0247306974132873,3.041094486593678,-70.0,0.0,25.0,0.0,25.0
297,mouse,VISp,90.76950949056393,123.45914434391784,L5,,INH,17016,L23,Pvalb,INH,17021,AISynphys,Accessed on 2025-07-07 00:00:007,True,0.013685464341470017,0.8559873901641827,2.3798601638507986,-55.0,75.0,100.0,100.0,125.0
298,mouse,VISp,103.74939813900065,40.653557803901485,L4,,EXC,17416,L5,Sim1,EXC,17413,AISynphys,Accessed on 2025-07-07 00:00:007,True,-0.0072060594639840395,1.9483044435691625,5.597513372189058,-70.0,100.0,125.0,25.0,50.0
299,mouse,VISp,69.50568992834634,25.186231807766845,L4,Nr5a1,EXC,17480,L23,Pvalb,INH,17482,AISynphys,Accessed on 2025-07-07 00:00:007,True,-0.004762241830802028,0.9685096368840677,0.9700790548353584,-70.0,50.0,75.0,25.0,50.0
300,mouse,VISp,9.734888026929172,18.364637285368808,L23,Pvalb,INH,17482,L4,Nr5a1,EXC,17481,AISynphys,Accessed on 2025-07-07 00:00:007,True,0.012534155168865177,1.426238019352576,2.668022372750668,-55.0,0.0,25.0,0.0,25.0
301,mouse,VISp,43.60915219670032,107.4397239664411,L5,Pvalb,INH,17488,L23,Nr5a1,EXC,17485,AISynphys,Accessed on 2025-07-07 00:00:007,True,0.002256982648925624,1.5027486707064062,25.00667882166081,-55.0,25.0,50.0,100.0,125.0
302,mouse,VISp,16.290155606086966,76.67350500681107,L5,Pvalb,INH,17488,L4,Nr5a1,EXC,17490,AISynphys,Accessed on 2025-07-07 00:00:007,True,0.0073729349954247195,1.9413801987102095,6.011972294491622,-55.0,0.0,25.0,75.0,100.0
303,mouse,VISp,16.290155606086966,76.67350500681107,L4,Nr5a1,EXC,17490,L5,Pvalb,INH,17488,AISynphys,Accessed on 2025-07-07 00:00:007,True,-0.00017038353652125464,0.9062306808597997,0.437669349114562,-70.0,0.0,25.0,75.0,100.0
304,mouse,VISp,22.473989152818557,24.162308964148497,L5,Sst,INH,17602,L5,Sst,INH,17603,AISynphys,Accessed on 2025-07-07 00:00:007,True,0.001439775812887456,3.198055212611263,39.99999839082095,-55.0,0.0,25.0,0.0,25.0
305,mouse,VISp,5.023682615072239,38.480632441177725,L4,Nr5a1,EXC,17615,L5,Nr5a1,EXC,17618,AISynphys,Accessed on 2025-07-07 00:00:007,True,-0.0012174413367458537,2.097564635971785,1.3321542182829151,-70.0,0.0,25.0,25.0,50.0
306,mouse,VISp,116.63842888254308,25.623295862396663,L4,Nr5a1,EXC,17621,L5,Vip,INH,17617,AISynphys,Accessed on 2025-07-07 00:00:007,True,-0.0014890510944137111,1.6205880598259534,2.9345709944051563,-70.0,100.0,125.0,25.0,50.0
307,mouse,VISp,6.649778467790674,81.10141530854615,L5,Pvalb,INH,17652,L4,Nr5a1,EXC,17651,AISynphys,Accessed on 2025-07-07 00:00:007,True,0.005300718021332939,1.0759950374775997,10.011206096110065,-55.0,0.0,25.0,75.0,100.0
308,mouse,VISp,53.729988114197404,88.99740165829682,L4,Pvalb,INH,17675,L23,Nr5a1,EXC,17674,AISynphys,Accessed on 2025-07-07 00:00:007,True,0.009680152746494457,1.558084673065579,5.969592196241199,-55.0,50.0,75.0,75.0,100.0
309,mouse,VISp,41.7832724286538,90.60769331162173,L4,Pvalb,INH,17682,L4,Nr5a1,EXC,17681,AISynphys,Accessed on 2025-07-07 00:00:007,True,0.032532972595850175,0.6203742115239465,2.816781650606809,-55.0,25.0,50.0,75.0,100.0
310,mouse,VISp,70.76782503294824,104.08286403974486,L4,Sim1,EXC,17721,L5,Sst,INH,17724,AISynphys,Accessed on 2025-07-07 00:00:007,True,-0.0009414215330124797,7.064219242044967,27.484997814485556,-70.0,50.0,75.0,100.0,125.0
311,mouse,VISp,99.37076464511131,53.89023645500025,L5,Pvalb,INH,17796,L5,,,17800,AISynphys,Accessed on 2025-07-07 00:00:007,True,0.0020008505836579794,2.262178929956476,39.964134711637534,-55.0,75.0,100.0,50.0,75.0
312,mouse,VISp,25.81930643273739,50.552236203974715,L4,Pvalb,INH,17942,L4,Pvalb,INH,17952,AISynphys,Accessed on 2025-07-07 00:00:007,True,0.007539810160595598,0.7998185021544439,1.5319054442008408,-55.0,25.0,50.0,50.0,75.0
313,mouse,VISp,41.283042008159555,166.34177639764013,L6a,Vip,INH,19108,L6a,Sst,INH,19111,AISynphys,Accessed on 2025-07-07 00:00:007,True,0.003418692746643259,3.907342217284,5.534557187735382,-55.0,25.0,50.0,150.0,175.0
314,mouse,VISp,41.283042008159555,166.34177639764013,L6a,Sst,INH,19111,L6a,Vip,INH,19108,AISynphys,Accessed on 2025-07-07 00:00:007,True,0.0009689062858441517,1.8114494186985564,7.65721635375577,-55.0,25.0,50.0,150.0,175.0
315,mouse,VISp,128.676543487516,95.52095942292121,L4,Sst,INH,19305,L23,Nr5a1,EXC,19301,AISynphys,Accessed on 2025-07-07 00:00:007,True,0.0018154257268096113,1.2604144339623482,9.262917318151462,-55.0,125.0,150.0,75.0,100.0
316,mouse,VISp,18.875798654720366,80.65923728027974,L5,Sst,INH,19325,L4,Nr5a1,EXC,19326,AISynphys,Accessed on 2025-07-07 00:00:007,True,0.0004215191224417155,1.9583200411755446,4.21561484511493,-55.0,0.0,25.0,75.0,100.0
317,mouse,VISp,94.87586363431605,72.72719540311351,L5,Sst,INH,19325,L4,Nr5a1,EXC,19328,AISynphys,Accessed on 2025-07-07 00:00:007,True,3.578040025495256e-08,0.9672024257144028,0.9383055885490424,-55.0,75.0,100.0,50.0,75.0
318,mouse,VISp,18.875798654720366,80.65923728027974,L4,Nr5a1,EXC,19326,L5,Sst,INH,19325,AISynphys,Accessed on 2025-07-07 00:00:007,True,-0.0010447180785958003,1.2488614420079365,0.6439163982237462,-70.0,0.0,25.0,75.0,100.0
319,mouse,VISp,16.98008768023499,4.599802270917726,L23,,EXC,19367,L23,Pvalb,INH,19363,AISynphys,Accessed on 2025-07-07 00:00:007,True,-0.06254066856516705,1.4262031546010552,2.162396512948109,-70.0,0.0,25.0,0.0,25.0
320,mouse,VISp,15.247112961032485,37.31010716432629,L23,,EXC,19368,L23,Pvalb,INH,19363,AISynphys,Accessed on 2025-07-07 00:00:007,True,-0.002700480267591969,1.8778825173050948,3.4230881868699696,-70.0,0.0,25.0,25.0,50.0
321,mouse,VISp,26.984552811598792,23.852804464842873,L23,Nr5a1,EXC,20840,L4,Nr5a1,EXC,20837,AISynphys,Accessed on 2025-07-07 00:00:007,True,-0.0031944207699198743,0.7047275908465357,1.950248456213393,-70.0,25.0,50.0,0.0,25.0
322,mouse,VISp,13.815812078212678,4.815606818407396,L4,Pvalb,INH,21429,L4,Sst,INH,21428,AISynphys,Accessed on 2025-07-07 00:00:007,True,0.006291756539064613,1.2877582591160646,3.5567336029782233,-55.0,0.0,25.0,0.0,25.0
323,mouse,VISp,61.01391541847961,56.62936525784691,L23,Vip,INH,21686,L23,Sst,INH,21691,AISynphys,Accessed on 2025-07-07 00:00:007,True,0.0062155692187954355,0.9642150630315546,12.710273821996108,-55.0,50.0,75.0,50.0,75.0
324,mouse,VISp,49.2214149388678,60.365119443150846,L23,Sst,INH,21687,L23,Vip,INH,21686,AISynphys,Accessed on 2025-07-07 00:00:007,True,0.0011956674502378226,1.1316166641004974,1.7841382480957506,-55.0,25.0,50.0,50.0,75.0
325,mouse,VISp,84.7415957842829,54.9398063260444,L23,Sst,INH,21687,L23,Vip,INH,21692,AISynphys,Accessed on 2025-07-07 00:00:007,True,0.0019746515983632214,1.5438007866111392,4.880109008686828,-55.0,75.0,100.0,50.0,75.0
326,mouse,VISp,30.499422159147898,19.090340843684643,L23,Sst,INH,22093,L23,Vip,INH,22092,AISynphys,Accessed on 2025-07-07 00:00:007,True,0.006896063802551274,1.733809054232453,6.373378058768818,-55.0,25.0,50.0,0.0,25.0
327,mouse,VISp,32.44148675646349,45.99545409483662,L23,Vip,INH,22425,L23,Sst,INH,22423,AISynphys,Accessed on 2025-07-07 00:00:007,True,0.012512052593162957,2.366994153262061,18.68056258406189,-55.0,25.0,50.0,25.0,50.0
328,mouse,VISp,15.041640877728145,59.5805292492884,L4,Vip,INH,22438,L23,Sst,INH,22435,AISynphys,Accessed on 2025-07-07 00:00:007,True,0.0077056619502138815,2.1989448026605833,9.160835636970601,-55.0,0.0,25.0,50.0,75.0
329,mouse,VISp,12.695829997908618,10.432323224680205,L23,,INH,22525,L23,Sst,INH,22526,AISynphys,Accessed on 2025-07-07 00:00:007,True,0.0009323907598068347,1.7752464936141716,2.7336404483072076,-55.0,0.0,25.0,0.0,25.0
330,mouse,VISp,124.54559473040075,7.991190620979225,L23,Sst,INH,22542,L23,,,22549,AISynphys,Accessed on 2025-07-07 00:00:007,True,0.0005990541632199015,1.9566506670730837,2.497043690924032,-55.0,100.0,125.0,0.0,25.0
331,mouse,VISp,117.37105677128922,4.640922111041288,L23,,INH,22543,L23,Vip,INH,22548,AISynphys,Accessed on 2025-07-07 00:00:007,True,0.002063134292166342,1.4912239757131645,4.27945428520929,-55.0,100.0,125.0,0.0,25.0
332,mouse,VISp,39.5899747121589,70.72465720482913,L23,Sst,INH,22546,L23,Vip,INH,22548,AISynphys,Accessed on 2025-07-07 00:00:007,True,0.008574617943946624,0.5156590096951323,8.273742338414307,-55.0,25.0,50.0,50.0,75.0
333,mouse,VISp,49.05712758794125,34.271050342243164,L23,,EXC,22737,L23,Sst,INH,22738,AISynphys,Accessed on 2025-07-07 00:00:007,True,-0.002136936483890397,0.8789428565228763,0.9932241698513736,-70.0,25.0,50.0,25.0,50.0
334,mouse,VISp,77.87555624227318,57.548971359760586,L23,Pvalb,INH,23094,L23,Pvalb,INH,23093,AISynphys,Accessed on 2025-07-07 00:00:007,True,0.009455968606187134,2.787088790344875,1.3488467818851197,-55.0,75.0,100.0,50.0,75.0
335,mouse,VISp,54.35205848120576,170.30287743436887,L4,Pvalb,INH,23140,L23,Pvalb,INH,23139,AISynphys,Accessed on 2025-07-07 00:00:007,True,0.022168902375515855,1.2584605858846027,2.5760224769805786,-55.0,50.0,75.0,150.0,175.0
336,mouse,VISp,83.92784624510413,1.9241451785512933,L23,Pvalb,INH,23346,L23,Pvalb,INH,23342,AISynphys,Accessed on 2025-07-07 00:00:007,True,0.004125090496928841,1.095437022979195,2.796945871325054,-55.0,75.0,100.0,0.0,25.0
337,mouse,VISp,12.246108036557168,81.99795721459769,L23,Pvalb,INH,23346,L23,Sst,INH,23345,AISynphys,Accessed on 2025-07-07 00:00:007,True,0.011637169467036954,1.229274465248195,6.7126500926010815,-55.0,0.0,25.0,75.0,100.0
338,mouse,VISp,74.72456490675896,26.114034530030114,L4,Pvalb,INH,23560,L4,Pvalb,INH,23564,AISynphys,Accessed on 2025-07-07 00:00:007,True,0.008337371670225014,1.3741831076006659,5.993113062315374,-55.0,50.0,75.0,25.0,50.0
339,mouse,VISp,56.28434863503406,32.2298385844551,L4,Sst,INH,23561,L4,Pvalb,INH,23560,AISynphys,Accessed on 2025-07-07 00:00:007,True,0.008352360713449756,2.372599771090903,4.698244362108708,-55.0,50.0,75.0,25.0,50.0
340,mouse,VISp,68.5831643711781,1.0072152331747268,L4,Sst,INH,23561,L4,Sst,INH,23562,AISynphys,Accessed on 2025-07-07 00:00:007,True,0.0034472751610052435,5.46914995080275,2.782926910697433,-55.0,50.0,75.0,0.0,25.0
341,mouse,VISp,17.43458019360392,58.32799470993985,L4,Sst,INH,23561,L4,Pvalb,INH,23564,AISynphys,Accessed on 2025-07-07 00:00:007,True,0.006438851383840994,4.5186511878557125,17.167232892352384,-55.0,0.0,25.0,50.0,75.0
342,mouse,VISp,153.19605372369128,27.482732723258863,L4,Sst,INH,23563,L4,Pvalb,INH,23560,AISynphys,Accessed on 2025-07-07 00:00:007,True,0.0031246939482899526,2.0703655145338744,3.581692804426011,-55.0,150.0,175.0,25.0,50.0
343,mouse,VISp,74.72456490675896,26.114034530030114,L4,Pvalb,INH,23564,L4,Pvalb,INH,23560,AISynphys,Accessed on 2025-07-07 00:00:007,True,0.016108550784877117,0.8044356046315869,4.786704174193229,-55.0,50.0,75.0,25.0,50.0
344,mouse,VISp,98.8957220230598,16.530071251741337,L23,Sst,INH,23636,L23,,INH,23633,AISynphys,Accessed on 2025-07-07 00:00:007,True,0.002719459961678821,2.2200636204182165,1.030626624306488,-55.0,75.0,100.0,0.0,25.0
345,mouse,VISp,120.3976442779565,32.10204716850156,L23,Vip,INH,23652,L4,Sst,INH,23654,AISynphys,Accessed on 2025-07-07 00:00:007,True,0.0017832728064841679,2.54412384415518,10.622330177130321,-55.0,100.0,125.0,25.0,50.0
346,mouse,VISp,65.09977282023434,23.112526111263485,L23,Pvalb,INH,23805,L23,Sst,INH,23806,AISynphys,Accessed on 2025-07-07 00:00:007,True,0.0014730140747553561,0.701442162518373,14.571258782415088,-55.0,50.0,75.0,0.0,25.0
347,mouse,VISp,65.09977282023434,23.112526111263485,L23,Sst,INH,23806,L23,Pvalb,INH,23805,AISynphys,Accessed on 2025-07-07 00:00:007,True,0.000390236262933515,2.2905021464187367,25.651277833044926,-55.0,50.0,75.0,0.0,25.0
348,mouse,VISp,54.817646171129745,11.262275059100464,L5,Tlx3,EXC,24114,L5,Tlx3,EXC,24118,AISynphys,Accessed on 2025-07-07 00:00:007,True,-0.0017771574213984547,1.689881297827402,1.2290603585493196,-70.0,50.0,75.0,0.0,25.0
349,mouse,VISp,43.92520180765729,4.4165150658164425,L5,Tlx3,EXC,24119,L5,Fam84b,EXC,24115,AISynphys,Accessed on 2025-07-07 00:00:007,True,-0.005788612151398603,1.4783919207927285,2.8863811077377437,-70.0,25.0,50.0,0.0,25.0
350,mouse,VISp,118.08971535664419,20.75217900816692,L23,Sst,INH,24136,L23,Vip,INH,24134,AISynphys,Accessed on 2025-07-07 00:00:007,True,0.0009898043353231767,0.8411056153044282,5.422292424509256,-55.0,100.0,125.0,0.0,25.0
351,mouse,VISp,2.4002240742187433,21.069453247617567,L23,Vip,INH,24137,L23,Sst,INH,24136,AISynphys,Accessed on 2025-07-07 00:00:007,True,0.013064336218337637,2.8791593144671106,39.999984524046425,-55.0,0.0,25.0,0.0,25.0
352,mouse,VISp,30.908689733027437,33.51131898161314,L23,Sst,INH,24246,L23,Pvalb,INH,24248,AISynphys,Accessed on 2025-07-07 00:00:007,True,0.00322281170381243,1.6876442704425951,3.6862758290569726,-55.0,25.0,50.0,25.0,50.0
353,mouse,VISp,27.000896623308765,3.602825554672533,L5,Tlx3,EXC,631,L5,,,632,AISynphys,Accessed on 2025-07-07 00:00:007,True,-0.008581588905792812,1.9786620471935918,13.047675942040305,-70.0,25.0,50.0,0.0,25.0
354,mouse,VISp,59.23154053750609,19.4970706880217,L5,Tlx3,EXC,1024,L5,Sst,INH,1022,AISynphys,Accessed on 2025-07-07 00:00:007,True,-0.006742702651711461,1.1422280935871203,1.7476229900203906,-70.0,50.0,75.0,0.0,25.0
355,mouse,VISp,3.9634524045076454,19.30882188035309,L4,Pvalb,INH,1976,L4,Tlx3,EXC,1979,AISynphys,Accessed on 2025-07-07 00:00:007,True,0.021191820010105104,0.8544408576319662,3.4235584371158274,-55.0,0.0,25.0,0.0,25.0
356,mouse,VISp,3.9634524045076454,19.30882188035309,L4,Tlx3,EXC,1979,L4,Pvalb,INH,1976,AISynphys,Accessed on 2025-07-07 00:00:007,True,-0.014564609147511115,1.2211243197328474,2.4343078840893977,-70.0,0.0,25.0,0.0,25.0
357,mouse,VISp,14.709254161053298,48.551434852900705,L5,Sst,INH,2191,L4,Tlx3,EXC,2192,AISynphys,Accessed on 2025-07-07 00:00:007,True,0.0058448298542268405,1.9376992997011704,7.87723109276597,-55.0,0.0,25.0,25.0,50.0
358,mouse,VISp,33.59419927462957,41.99990348175202,L5,Tlx3,EXC,2328,L5,Sst,INH,2327,AISynphys,Accessed on 2025-07-07 00:00:007,True,-0.02196845514346982,0.946029694870515,1.2401708603240502,-70.0,25.0,50.0,25.0,50.0
359,mouse,VISp,31.68105595133925,50.91381332023874,L5,Tlx3,EXC,2335,L5,Sst,INH,2337,AISynphys,Accessed on 2025-07-07 00:00:007,True,-0.0027437603126019973,1.3043074841713511,4.1338259428164905,-70.0,25.0,50.0,50.0,75.0
360,mouse,VISp,50.35842957957254,24.529236954688272,L5,Tlx3,EXC,2338,L5,Sst,INH,2337,AISynphys,Accessed on 2025-07-07 00:00:007,True,-0.0019275070415880194,2.518638538948598,3.7283024086297956,-70.0,50.0,75.0,0.0,25.0
361,mouse,VISp,14.818312943365267,65.33115514677887,L5,Pvalb,INH,2519,L5,Sst,INH,2521,AISynphys,Accessed on 2025-07-07 00:00:007,True,0.004928538891201926,0.7547265498437952,1.0293034036822573,-55.0,0.0,25.0,50.0,75.0
362,mouse,VISp,61.096005298455374,3.5131918508868023,L5,Sst,INH,2666,L5,Tlx3,EXC,2670,AISynphys,Accessed on 2025-07-07 00:00:007,True,0.0007039671420892883,2.733050060736685,8.81366734766167,-55.0,50.0,75.0,0.0,25.0
363,mouse,VISp,126.1845987669838,50.45525817856107,L5,Tlx3,EXC,2668,L5,Tlx3,EXC,2670,AISynphys,Accessed on 2025-07-07 00:00:007,True,-0.011287100994195668,0.7319941976179885,1.5205208562854162,-70.0,125.0,150.0,50.0,75.0
364,mouse,VISp,124.67274878175174,135.14891525373812,L5,Tlx3,EXC,2671,L5,Tlx3,EXC,2668,AISynphys,Accessed on 2025-07-07 00:00:007,True,-0.0014163794830639783,1.8596553002815004,1.2734077776184394,-70.0,100.0,125.0,125.0,150.0
365,mouse,VISp,88.01095905344248,18.875452621413313,L5,Tlx3,EXC,2744,L4,Sst,INH,2749,AISynphys,Accessed on 2025-07-07 00:00:007,True,-0.0027778359177513365,1.549667676952107,6.111742774384694,-70.0,75.0,100.0,0.0,25.0
366,mouse,VISp,11.631737095151458,22.854999542534983,L5,Tlx3,EXC,2796,L5,Tlx3,EXC,2803,AISynphys,Accessed on 2025-07-07 00:00:007,True,-0.007212948478354066,1.9761137387228904,10.28837537860042,-70.0,0.0,25.0,0.0,25.0
367,mouse,VISp,12.931624395788814,28.447314802389442,L5,Tlx3,EXC,2798,L5,Tlx3,EXC,2800,AISynphys,Accessed on 2025-07-07 00:00:007,True,-0.0011267330113677377,0.5870729402821759,14.49476072291602,-70.0,0.0,25.0,25.0,50.0
368,mouse,VISp,79.56143747725727,58.91267277320262,L5,Tlx3,EXC,2799,L5,Tlx3,EXC,2802,AISynphys,Accessed on 2025-07-07 00:00:007,True,-0.000934710763973023,2.533787228152983,2.152032348559466,-70.0,75.0,100.0,50.0,75.0
369,mouse,VISp,66.89882386191742,67.06388985722656,L5,Pvalb,INH,3029,L5,Pvalb,INH,3031,AISynphys,Accessed on 2025-07-07 00:00:007,True,0.03236860318558616,0.7992571194088469,1.9780407793182435,-55.0,50.0,75.0,50.0,75.0
370,mouse,VISp,112.50080932462976,38.337519049010446,L5,Pvalb,INH,3033,L5,Pvalb,INH,3029,AISynphys,Accessed on 2025-07-07 00:00:007,True,0.004807198476286446,0.8935067906021463,1.7439001401001604,-55.0,100.0,125.0,25.0,50.0
371,mouse,VISp,17.739960746305396,52.17357172064752,L5,Pvalb,INH,3033,L5,Pvalb,INH,3034,AISynphys,Accessed on 2025-07-07 00:00:007,True,0.010070386285197032,1.3286689156512863,2.781393008610564,-55.0,0.0,25.0,50.0,75.0
372,mouse,VISp,54.76195099496581,23.436341333597817,L4,,EXC,3100,L4,,,3099,AISynphys,Accessed on 2025-07-07 00:00:007,True,-0.002538519501377427,1.6629272135195214,5.06166403570792,-70.0,50.0,75.0,0.0,25.0
373,mouse,VISp,7.982748387955991,72.36750742663818,L5,Pvalb,INH,3191,L5,Tlx3,EXC,3194,AISynphys,Accessed on 2025-07-07 00:00:007,True,0.015942002176588786,1.502629831135713,5.545077206446691,-55.0,0.0,25.0,50.0,75.0
374,mouse,VISp,8.294013767656507,63.00110169728715,L5,Tlx3,EXC,3199,L4,Tlx3,EXC,3203,AISynphys,Accessed on 2025-07-07 00:00:007,True,-0.0006651113326173888,0.7489944861861828,3.944145312835408,-70.0,0.0,25.0,50.0,75.0
375,mouse,VISp,86.64164168944033,33.68714004599602,L5,Tlx3,EXC,3428,L5,Pvalb,INH,3425,AISynphys,Accessed on 2025-07-07 00:00:007,True,-2.1965199554977449e-13,0.8551137078305814,1.5072284565248057,-70.0,75.0,100.0,25.0,50.0
376,mouse,VISp,75.68110461126227,41.99913264139066,L5,Sst,INH,3766,L5,Sst,INH,3762,AISynphys,Accessed on 2025-07-07 00:00:007,True,0.0028797190757407737,1.0474892048901776,2.4691757700588024,-55.0,75.0,100.0,25.0,50.0
377,mouse,VISp,31.407237130169502,37.301833418470494,L5,Rorb,EXC,3862,L5,,INH,3863,AISynphys,Accessed on 2025-07-07 00:00:007,True,-0.023415033834464097,1.550894330656143,1.8779158037137589,-70.0,25.0,50.0,25.0,50.0
378,mouse,VISp,31.407237130169502,37.301833418470494,L5,,INH,3863,L5,Rorb,EXC,3862,AISynphys,Accessed on 2025-07-07 00:00:007,True,0.024320184558668936,1.0888469197549928,7.992119161282615,-55.0,25.0,50.0,25.0,50.0
379,mouse,VISp,24.51458203974824,11.138138536867096,L5,Rorb,EXC,3864,L5,Rorb,EXC,3865,AISynphys,Accessed on 2025-07-07 00:00:007,True,-0.002702792954246628,1.360976080640786,14.842391968148458,-70.0,0.0,25.0,0.0,25.0
380,mouse,VISp,32.84472709953535,68.5024644153554,L5,Rorb,EXC,3864,L5,,,3866,AISynphys,Accessed on 2025-07-07 00:00:007,True,-0.033593769793731916,0.8562026658398517,1.7147663028086844,-70.0,25.0,50.0,50.0,75.0
381,mouse,VISp,8.670919946134477,57.41088040169492,L5,Rorb,EXC,3865,L5,,,3866,AISynphys,Accessed on 2025-07-07 00:00:007,True,-0.0430674037862252,1.4950477094496855,1.4424243441149616,-70.0,0.0,25.0,50.0,75.0
382,mouse,VISp,11.610577031079744,116.19636766683088,L5,,INH,3867,L5,Rorb,EXC,3865,AISynphys,Accessed on 2025-07-07 00:00:007,True,0.005005088410206974,1.7095528256000154,11.275848591952096,-55.0,0.0,25.0,100.0,125.0
383,mouse,VISp,30.62445649527425,23.751101567486558,L5,Sst,INH,3874,L5,Sst,INH,3875,AISynphys,Accessed on 2025-07-07 00:00:007,True,0.0014844670802475794,0.34752906179138465,4.464524538846506,-55.0,25.0,50.0,0.0,25.0
384,mouse,VISp,11.052412592332608,18.55460555384717,L6a,Slc17a8,EXC,4000,L6a,Slc17a8,EXC,4007,AISynphys,Accessed on 2025-07-07 00:00:007,True,-0.003565623531590112,2.372529182497436,6.158250718599041,-70.0,0.0,25.0,0.0,25.0
385,mouse,VISp,64.47479679302626,92.61727164788418,L6a,Slc17a8,EXC,4048,L6a,,,4042,AISynphys,Accessed on 2025-07-07 00:00:007,True,-0.0014893211952615914,1.6731906059266073,0.9873415945945498,-70.0,50.0,75.0,75.0,100.0
386,mouse,VISp,66.20407268927205,68.36022976734039,L5,,INH,4105,L5,Rorb,EXC,4103,AISynphys,Accessed on 2025-07-07 00:00:007,True,0.006303631650432218,1.961411747546155,3.0064919330716666,-55.0,50.0,75.0,50.0,75.0
387,mouse,VISp,32.144308203808244,41.4495556255864,L5,,INH,4376,L4,Rorb,EXC,4375,AISynphys,Accessed on 2025-07-07 00:00:007,True,0.006602031092862499,0.10000000006064015,3.35047758340124,-55.0,25.0,50.0,25.0,50.0
388,mouse,VISp,29.20366778277968,38.520584211990375,L5,Tlx3,EXC,4432,L5,Sst,INH,4441,AISynphys,Accessed on 2025-07-07 00:00:007,True,-0.003252955270363907,1.8564882173034103,5.450571770491464,-70.0,25.0,50.0,25.0,50.0
389,mouse,VISp,76.56498387816764,14.300299916642276,L5,Tlx3,EXC,4435,L5,Sst,INH,4441,AISynphys,Accessed on 2025-07-07 00:00:007,True,-0.0028704022796085327,1.2636239362710042,7.180391610293002,-70.0,75.0,100.0,0.0,25.0
390,mouse,VISp,29.20366778277968,38.520584211990375,L5,Sst,INH,4441,L5,Tlx3,EXC,4432,AISynphys,Accessed on 2025-07-07 00:00:007,True,0.005004035426176638,3.5562390477863155,8.998520161978552,-55.0,25.0,50.0,25.0,50.0
391,mouse,VISp,54.94603640970746,103.07383127444677,L5,,INH,4501,L5,Rorb,EXC,4499,AISynphys,Accessed on 2025-07-07 00:00:007,True,0.013170899641503822,1.4008996748916618,2.5319593822268844,-55.0,50.0,75.0,100.0,125.0
392,mouse,VISp,39.07586823984224,79.39510734360451,L5,Tlx3,EXC,4593,L5,Sst,INH,4598,AISynphys,Accessed on 2025-07-07 00:00:007,True,-0.000936126455594575,2.4626050952557867,7.312164686444431,-70.0,25.0,50.0,75.0,100.0
393,mouse,VISp,27.727504916929462,32.69544092395223,L4,Rorb,EXC,4687,L4,Rorb,EXC,4691,AISynphys,Accessed on 2025-07-07 00:00:007,True,-0.015757680358613333,1.6426949622051799,2.900589044262385,-70.0,25.0,50.0,25.0,50.0
394,mouse,VISp,91.51349436089576,18.30385959923136,L4,Rorb,EXC,4688,L4,Rorb,EXC,4692,AISynphys,Accessed on 2025-07-07 00:00:007,True,-0.0036493440247240805,1.9301985917858,0.9998215394140769,-70.0,75.0,100.0,0.0,25.0
395,mouse,VISp,37.226688774452946,34.531883910091224,L4,Rorb,EXC,4690,L4,Rorb,EXC,4688,AISynphys,Accessed on 2025-07-07 00:00:007,True,-0.0032058512354161714,0.522217588509672,2.550614716240908,-70.0,25.0,50.0,25.0,50.0
396,mouse,VISp,82.25270806223527,10.620618865148149,L4,Rorb,EXC,4691,L4,Rorb,EXC,4688,AISynphys,Accessed on 2025-07-07 00:00:007,True,-0.0008435216880457435,3.5440609881503615,1.1643402661740225,-70.0,75.0,100.0,0.0,25.0
397,mouse,VISp,91.51349436089576,18.30385959923136,L4,Rorb,EXC,4692,L4,Rorb,EXC,4688,AISynphys,Accessed on 2025-07-07 00:00:007,True,-0.0021255661421287282,1.2397294202045859,2.108258468401973,-70.0,75.0,100.0,0.0,25.0
398,mouse,VISp,113.70894002149852,9.225989281768268,L5,Rorb,EXC,4796,L5,Rorb,EXC,4791,AISynphys,Accessed on 2025-07-07 00:00:007,True,-0.0001516645685410131,1.5913786970116686,13.743073763594474,-70.0,100.0,125.0,0.0,25.0
399,mouse,VISp,124.99172605642404,180.02397692853555,L5,Pvalb,INH,4906,L5,Pvalb,INH,4903,AISynphys,Accessed on 2025-07-07 00:00:007,True,0.0034278369511557424,0.9583944717087974,1.1182596593769047,-55.0,100.0,125.0,175.0,200.0
400,mouse,VISp,94.67327557119792,105.06742528448119,L5,Sst,INH,5188,L5,Sst,INH,5186,AISynphys,Accessed on 2025-07-07 00:00:007,True,0.0024236653752034362,2.3061549851026895,4.161366583788571,-55.0,75.0,100.0,100.0,125.0
401,mouse,VISp,96.68468441989833,25.647158740583905,L4,Tlx3,EXC,5632,L5,Pvalb,INH,5633,AISynphys,Accessed on 2025-07-07 00:00:007,True,-0.01011446541903856,0.8433567504053464,0.7088597275185664,-70.0,75.0,100.0,25.0,50.0
402,mouse,VISp,96.68468441989833,25.647158740583905,L5,Pvalb,INH,5633,L4,Tlx3,EXC,5632,AISynphys,Accessed on 2025-07-07 00:00:007,True,0.005017955765125314,1.4565106824353748,6.298761021592907,-55.0,75.0,100.0,25.0,50.0
403,mouse,VISp,17.262114409096018,54.47396932469009,L5,Pvalb,INH,5757,L5,Pvalb,INH,5755,AISynphys,Accessed on 2025-07-07 00:00:007,True,0.011955821484214932,0.8698539456087094,1.9492564741335068,-55.0,0.0,25.0,50.0,75.0
404,mouse,VISp,4.550121940750509,126.05017916724393,L5,Tlx3,EXC,5858,L5,,,5859,AISynphys,Accessed on 2025-07-07 00:00:007,True,-0.0006928263361381375,0.9967470494226934,1.1438014178983547,-70.0,0.0,25.0,125.0,150.0
405,mouse,VISp,53.546906665489956,74.97861268339986,L1,,EXC,5982,L23,,EXC,5985,AISynphys,Accessed on 2025-07-07 00:00:007,True,-0.003797737532641486,2.8366317619604633,7.041048759634716,-70.0,50.0,75.0,50.0,75.0
406,mouse,VISp,53.546906665489956,74.97861268339986,L23,,EXC,5985,L1,,EXC,5982,AISynphys,Accessed on 2025-07-07 00:00:007,True,-0.005150903515739067,1.550436614380712,3.767626197620828,-70.0,50.0,75.0,50.0,75.0
407,mouse,VISp,0.6034665315128502,9.166039856194052,L5,Tlx3,EXC,6013,L5,Sst,INH,6026,AISynphys,Accessed on 2025-07-07 00:00:007,True,-0.00128683379858658,1.1983715847930503,2.8113296441912805,-70.0,0.0,25.0,0.0,25.0
408,mouse,VISp,0.6034665315128502,9.166039856194052,L5,Sst,INH,6026,L5,Tlx3,EXC,6013,AISynphys,Accessed on 2025-07-07 00:00:007,True,0.0019613274894083434,3.1687394590048186,8.64261242190418,-55.0,0.0,25.0,0.0,25.0
409,mouse,VISp,117.4209799241598,30.014567147638452,L23,,EXC,6042,L23,,,6039,AISynphys,Accessed on 2025-07-07 00:00:007,True,-0.002386721521456041,1.9871313211440542,4.887841806173972,-70.0,100.0,125.0,25.0,50.0
410,mouse,VISp,20.60870898904145,4.590159786433372,L4,Rorb,EXC,6139,L4,Rorb,EXC,6138,AISynphys,Accessed on 2025-07-07 00:00:007,True,-0.018919644071015537,1.5504953222650713,2.1097883179833543,-70.0,0.0,25.0,0.0,25.0
411,mouse,VISp,72.00956848328204,21.78539811092543,L23,,EXC,6202,L23,,INH,6207,AISynphys,Accessed on 2025-07-07 00:00:007,True,-0.013219761854418286,1.0503425506783473,1.9682239304169196,-70.0,50.0,75.0,0.0,25.0
412,mouse,VISp,150.5162156928355,5.896957194839259,L4,,EXC,6362,L4,Sim1,EXC,6357,AISynphys,Accessed on 2025-07-07 00:00:007,True,-0.0013515165287453829,0.8580436712976873,3.643265134345706,-70.0,150.0,175.0,0.0,25.0
413,mouse,VISp,81.04378274805237,6.851552817904137,L6a,,EXC,6382,L6a,,,6380,AISynphys,Accessed on 2025-07-07 00:00:007,True,-6.410600966243681e-05,2.1168636225826596,8.699173346010502,-70.0,75.0,100.0,0.0,25.0
414,mouse,VISp,7.335183153614262,58.632146854289054,L6a,Sst,INH,6383,L6a,Sst,INH,6381,AISynphys,Accessed on 2025-07-07 00:00:007,True,0.00930874062688071,1.499067016377758,5.9467297526924074,-55.0,0.0,25.0,50.0,75.0
415,mouse,VISp,20.866001198191167,5.652248932688025,L23,,EXC,6391,L23,,EXC,6394,AISynphys,Accessed on 2025-07-07 00:00:007,True,-0.0058400892355081006,2.0371567044122108,5.417874868869575,-70.0,0.0,25.0,0.0,25.0
416,mouse,VISp,17.395671927357952,24.420626966679873,L23,,EXC,6396,L23,,EXC,6394,AISynphys,Accessed on 2025-07-07 00:00:007,True,-0.006211834223034392,1.9440154644158236,5.390299938515086,-70.0,0.0,25.0,0.0,25.0
417,mouse,VISp,81.5547400046961,43.889551301266174,L4,,EXC,6417,L5,Tlx3,EXC,6423,AISynphys,Accessed on 2025-07-07 00:00:007,True,-1.1653224165680613e-05,1.283197450714451,1.3412977049278798,-70.0,75.0,100.0,25.0,50.0
418,mouse,VISp,78.58315313482615,93.6394010427686,L4,Pvalb,INH,6418,L5,Tlx3,EXC,6424,AISynphys,Accessed on 2025-07-07 00:00:007,True,0.02736280515816718,1.0502761227153943,3.2393773269348753,-55.0,75.0,100.0,75.0,100.0
419,mouse,VISp,13.945085228634769,91.22209218147826,L5,,EXC,6535,L5,,,6538,AISynphys,Accessed on 2025-07-07 00:00:007,True,-0.02421938904076421,2.3256699091814292,2.7562488604914495,-70.0,0.0,25.0,75.0,100.0
420,mouse,VISp,69.39888792976043,8.532181409380371,L5,Sst,INH,6555,L5,Tlx3,EXC,6556,AISynphys,Accessed on 2025-07-07 00:00:007,True,0.006243823215601378,1.9498316442870387,14.758592524292105,-55.0,50.0,75.0,0.0,25.0
421,mouse,VISp,131.73485088282055,100.96119548153652,L4,,EXC,6577,L4,,,6578,AISynphys,Accessed on 2025-07-07 00:00:007,True,-0.0287065250902114,1.843992467352785,4.926770871971786,-70.0,125.0,150.0,100.0,125.0
422,mouse,VISp,38.62131767826583,71.86323390492852,L4,Pvalb,INH,6607,L5,Tlx3,EXC,6608,AISynphys,Accessed on 2025-07-07 00:00:007,True,0.034815974127196336,0.8916775091873446,3.7549999312003406,-55.0,25.0,50.0,50.0,75.0
423,mouse,VISp,67.96056293039307,47.98579519632902,L5,Sim1,EXC,6771,L5,,EXC,6769,AISynphys,Accessed on 2025-07-07 00:00:007,True,-0.0018014314821282607,1.2048038902617744,0.6115996270273426,-70.0,50.0,75.0,25.0,50.0
424,mouse,VISp,8.239709100137203,22.55261513960458,L4,Pvalb,INH,6777,L4,Tlx3,EXC,6778,AISynphys,Accessed on 2025-07-07 00:00:007,True,0.017365008846816167,0.9940136370353203,6.172079529938167,-55.0,0.0,25.0,0.0,25.0
425,mouse,VISp,23.912910410963025,0.11221464806349205,L4,Pvalb,INH,6777,L4,Tlx3,EXC,6779,AISynphys,Accessed on 2025-07-07 00:00:007,True,0.014461660304758945,1.2877241351545607,5.919190467785103,-55.0,0.0,25.0,0.0,25.0
426,mouse,VISp,50.62646788481734,7.80598338952187,L4,Pvalb,INH,6777,L4,Pvalb,INH,6782,AISynphys,Accessed on 2025-07-07 00:00:007,True,0.006886673886734031,0.7384605221297564,2.695153371162661,-55.0,50.0,75.0,0.0,25.0
427,mouse,VISp,50.62646788481734,7.80598338952187,L4,Pvalb,INH,6782,L4,Pvalb,INH,6777,AISynphys,Accessed on 2025-07-07 00:00:007,True,0.0021975696831045624,0.965616430809923,1.8308812145695916,-55.0,50.0,75.0,0.0,25.0
428,mouse,VISp,55.877549766364986,9.031087050150399,L4,Rorb,EXC,7448,L4,Rorb,EXC,7450,AISynphys,Accessed on 2025-07-07 00:00:007,True,-0.012586563950195041,1.2118567755742202,2.81809219947208,-70.0,50.0,75.0,0.0,25.0
429,mouse,VISp,22.686272987336224,16.766205582779836,L5,Tlx3,EXC,7743,L5,Sst,INH,7744,AISynphys,Accessed on 2025-07-07 00:00:007,True,-0.00031321441266612976,1.1871280991867796,5.489991393520544,-70.0,0.0,25.0,0.0,25.0
430,mouse,VISp,48.645821101062616,49.89343579924489,L5,Sst,INH,7744,L5,Tlx3,EXC,7742,AISynphys,Accessed on 2025-07-07 00:00:007,True,0.002152833344848292,0.6028524165327516,7.3487987679587095,-55.0,25.0,50.0,25.0,50.0
431,mouse,VISp,81.58449168916358,48.037921626885876,L5,Pvalb,INH,7901,L4,Tlx3,EXC,7907,AISynphys,Accessed on 2025-07-07 00:00:007,True,0.00045317131382989023,0.8039836294508901,0.927760135109471,-55.0,75.0,100.0,25.0,50.0
432,mouse,VISp,188.96198129960624,6.6873619108901,L5,Tlx3,EXC,7906,L5,Pvalb,INH,7903,AISynphys,Accessed on 2025-07-07 00:00:007,True,-0.002214248093624909,0.9713469155190931,2.5000488686731503,-70.0,175.0,200.0,0.0,25.0
433,mouse,VISp,22.83300262795958,30.644493852755815,L4,Tlx3,EXC,7907,L5,Tlx3,EXC,7906,AISynphys,Accessed on 2025-07-07 00:00:007,True,-0.0051213470895630124,2.166263562320607,5.364076691745906,-70.0,0.0,25.0,25.0,50.0
434,mouse,VISp,13.668955330391682,64.00446363977878,L4,Rorb,EXC,8051,L5,,INH,8049,AISynphys,Accessed on 2025-07-07 00:00:007,True,-0.016829789938086103,3.023920464075388,6.201526828858636,-70.0,0.0,25.0,50.0,75.0
435,mouse,VISp,83.80411221078266,93.27483903691568,L5,Tlx3,EXC,8086,L4,Pvalb,INH,8082,AISynphys,Accessed on 2025-07-07 00:00:007,True,-0.0041291818815190106,1.0884863681559955,2.77050857044493,-70.0,75.0,100.0,75.0,100.0
436,mouse,VISp,16.74768303604635,54.92225733392737,L5,Tlx3,EXC,8237,L5,Sst,INH,8238,AISynphys,Accessed on 2025-07-07 00:00:007,True,-0.0074932440388893115,1.2002431874622115,2.2017403888829654,-70.0,0.0,25.0,50.0,75.0
437,mouse,VISp,48.34183879457934,107.82432593046352,L4,Rorb,EXC,8244,L5,,INH,8249,AISynphys,Accessed on 2025-07-07 00:00:007,True,-0.024987957103496553,0.4161185648919217,1.099621328542039,-70.0,25.0,50.0,100.0,125.0
438,mouse,VISp,35.51264532120484,1.1460792033265201,L5,Rorb,EXC,10005,L4,Rorb,EXC,10004,AISynphys,Accessed on 2025-07-07 00:00:007,True,-0.0030948373173899538,1.3246280376352286,3.368517973293541,-70.0,25.0,50.0,0.0,25.0
439,mouse,VISp,73.60235853713783,51.4085987922312,L4,Rorb,EXC,10024,L4,Rorb,EXC,10026,AISynphys,Accessed on 2025-07-07 00:00:007,True,-0.005481872763277787,1.9800100940362189,3.8481912780484024,-70.0,50.0,75.0,50.0,75.0
440,mouse,VISp,3.6299931949363526,38.341906495957005,L4,Pvalb,INH,10045,L4,Tlx3,EXC,10050,AISynphys,Accessed on 2025-07-07 00:00:007,True,0.017781159591320036,1.126441433232865,6.211363982256384,-55.0,0.0,25.0,25.0,50.0
441,mouse,VISp,56.309511033760295,9.939165451831455,L6a,,EXC,10850,L6a,,INH,10841,AISynphys,Accessed on 2025-07-07 00:00:007,True,-0.00023347669757151166,2.001892665870074,12.428459513596762,-70.0,50.0,75.0,0.0,25.0
442,mouse,VISp,103.64992192500222,60.39202521617314,L6a,,EXC,10897,L6b,Ntsr1,EXC,10892,AISynphys,Accessed on 2025-07-07 00:00:007,True,-0.004830113234422066,5.11456216466399,2.489678594981532,-70.0,100.0,125.0,50.0,75.0
443,mouse,VISp,56.84936223817088,23.353988606728606,L6a,,EXC,11085,L6a,,EXC,11083,AISynphys,Accessed on 2025-07-07 00:00:007,True,-0.0022701679370761793,0.47171425358744545,0.9788650488872697,-70.0,50.0,75.0,0.0,25.0
444,mouse,VISp,22.88956527923679,16.558294678122877,L6a,,EXC,11086,L6a,Ntsr1,EXC,11087,AISynphys,Accessed on 2025-07-07 00:00:007,True,-0.02924478094870815,1.1193407209526378,2.0361589656809533,-70.0,0.0,25.0,0.0,25.0
445,mouse,VISp,53.54702499932228,13.192705190444446,L6a,,EXC,11104,L6a,Ntsr1,EXC,11102,AISynphys,Accessed on 2025-07-07 00:00:007,True,-0.004596227047227924,3.5623244844856057,4.5486450074822615,-70.0,50.0,75.0,0.0,25.0
446,mouse,VISp,185.50927320867171,36.92727931476063,L6a,,EXC,11104,L6b,,INH,11105,AISynphys,Accessed on 2025-07-07 00:00:007,True,-0.01693814753024267,1.1478470821585414,2.0933505608947294,-70.0,175.0,200.0,25.0,50.0
447,mouse,VISp,133.3229222186871,44.8938896908019,L6a,,EXC,11108,L6a,Ntsr1,EXC,11102,AISynphys,Accessed on 2025-07-07 00:00:007,True,-0.0024832930523461297,1.5568984716354213,4.959271691052733,-70.0,125.0,150.0,25.0,50.0
448,mouse,VISp,178.3176651577208,56.326446869114456,L4,Sim1,EXC,11329,L4,Sim1,EXC,11334,AISynphys,Accessed on 2025-07-07 00:00:007,True,-0.014783945895558395,3.7101193091949405,9.264294613637958,-70.0,175.0,200.0,50.0,75.0
449,mouse,VISp,141.0726609644818,14.53618245520112,L4,Sim1,EXC,11333,L4,Sim1,EXC,11334,AISynphys,Accessed on 2025-07-07 00:00:007,True,-0.006039371497180208,3.4158179848727963,23.680345158028505,-70.0,125.0,150.0,0.0,25.0
450,mouse,VISp,97.09955486871132,22.071683546755118,L5,Sim1,EXC,11342,L5,Sim1,EXC,11339,AISynphys,Accessed on 2025-07-07 00:00:007,True,-0.002306086184502825,0.994669710364526,2.83773171096466,-70.0,75.0,100.0,0.0,25.0
