sample size,Presynaptic layer,Postsynaptic layer,Presynaptic mtype,Postsynaptic mtype,connection probability,dataset,notes,column radius (um),region
52,L1,L1,SAC,SAC,0.0576923076923076,Jiang2015,"We assume that SBC-like cells correspond to SAC, eNGCs to NGC-DA or NGC-SA, HECs to NBCs, BCs to LBCs SCs to SBCs (small basket), BPCs to BP (bipolar) and DC to BP as well",75,VISp
35,L1,L1,SAC,NGC,0.0,Jiang2015,"We assume that SBC-like cells correspond to SAC, eNGCs to NGC-DA or NGC-SA, HECs to NBCs, BCs to LBCs SCs to SBCs (small basket), BPCs to BP (bipolar) and DC to BP as well",75,VISp
47,L1,L23,SAC,MC,0.0,Jiang2015,"We assume that SBC-like cells correspond to SAC, eNGCs to NGC-DA or NGC-SA, HECs to NBCs, BCs to LBCs SCs to SBCs (small basket), BPCs to BP (bipolar) and DC to BP as well",75,VISp
38,L1,L23,SAC,NGC,0.0,Jiang2015,"We assume that SBC-like cells correspond to SAC, eNGCs to NGC-DA or NGC-SA, HECs to NBCs, BCs to LBCs SCs to SBCs (small basket), BPCs to BP (bipolar) and DC to BP as well",75,VISp
35,L1,L23,SAC,BTC,0.171428571428571,Jiang2015,"We assume that SBC-like cells correspond to SAC, eNGCs to NGC-DA or NGC-SA, HECs to NBCs, BCs to LBCs SCs to SBCs (small basket), BPCs to BP (bipolar) and DC to BP as well",75,VISp
20,L1,L23,SAC,BP,0.2,Jiang2015,"We assume that SBC-like cells correspond to SAC, eNGCs to NGC-DA or NGC-SA, HECs to NBCs, BCs to LBCs SCs to SBCs (small basket), BPCs to BP (bipolar) and DC to BP as well",75,VISp
28,L1,L23,SAC,DBC,0.0357142857142857,Jiang2015,"We assume that SBC-like cells correspond to SAC, eNGCs to NGC-DA or NGC-SA, HECs to NBCs, BCs to LBCs SCs to SBCs (small basket), BPCs to BP (bipolar) and DC to BP as well",75,VISp
72,L1,L23,SAC,LBC,0.0,Jiang2015,"We assume that SBC-like cells correspond to SAC, eNGCs to NGC-DA or NGC-SA, HECs to NBCs, BCs to LBCs SCs to SBCs (small basket), BPCs to BP (bipolar) and DC to BP as well",75,VISp
28,L1,L23,SAC,CHC,0.214285714285714,Jiang2015,"We assume that SBC-like cells correspond to SAC, eNGCs to NGC-DA or NGC-SA, HECs to NBCs, BCs to LBCs SCs to SBCs (small basket), BPCs to BP (bipolar) and DC to BP as well",75,VISp
73,L1,L23,SAC,PC,0.0,Jiang2015,"We assume that SBC-like cells correspond to SAC, eNGCs to NGC-DA or NGC-SA, HECs to NBCs, BCs to LBCs SCs to SBCs (small basket), BPCs to BP (bipolar) and DC to BP as well",75,VISp
43,L1,L5,SAC,MC,0.0,Jiang2015,"We assume that SBC-like cells correspond to SAC, eNGCs to NGC-DA or NGC-SA, HECs to NBCs, BCs to LBCs SCs to SBCs (small basket), BPCs to BP (bipolar) and DC to BP as well",75,VISp
12,L1,L5,SAC,NGC,0.0,Jiang2015,"We assume that SBC-like cells correspond to SAC, eNGCs to NGC-DA or NGC-SA, HECs to NBCs, BCs to LBCs SCs to SBCs (small basket), BPCs to BP (bipolar) and DC to BP as well",75,VISp
53,L1,L5,SAC,LBC,0.0,Jiang2015,"We assume that SBC-like cells correspond to SAC, eNGCs to NGC-DA or NGC-SA, HECs to NBCs, BCs to LBCs SCs to SBCs (small basket), BPCs to BP (bipolar) and DC to BP as well",75,VISp
34,L1,L5,SAC,SBC,0.0,Jiang2015,"We assume that SBC-like cells correspond to SAC, eNGCs to NGC-DA or NGC-SA, HECs to NBCs, BCs to LBCs SCs to SBCs (small basket), BPCs to BP (bipolar) and DC to BP as well",75,VISp
21,L1,L5,SAC,NBC,0.0,Jiang2015,"We assume that SBC-like cells correspond to SAC, eNGCs to NGC-DA or NGC-SA, HECs to NBCs, BCs to LBCs SCs to SBCs (small basket), BPCs to BP (bipolar) and DC to BP as well",75,VISp
18,L1,L5,SAC,BP,0.0,Jiang2015,"We assume that SBC-like cells correspond to SAC, eNGCs to NGC-DA or NGC-SA, HECs to NBCs, BCs to LBCs SCs to SBCs (small basket), BPCs to BP (bipolar) and DC to BP as well",75,VISp
79,L1,L5,SAC,PC,0.0,Jiang2015,"We assume that SBC-like cells correspond to SAC, eNGCs to NGC-DA or NGC-SA, HECs to NBCs, BCs to LBCs SCs to SBCs (small basket), BPCs to BP (bipolar) and DC to BP as well",75,VISp
29,L1,L1,NGC,SAC,0.551724137931034,Jiang2015,"We assume that SBC-like cells correspond to SAC, eNGCs to NGC-DA or NGC-SA, HECs to NBCs, BCs to LBCs SCs to SBCs (small basket), BPCs to BP (bipolar) and DC to BP as well",75,VISp
32,L1,L1,NGC,NGC,0.65625,Jiang2015,"We assume that SBC-like cells correspond to SAC, eNGCs to NGC-DA or NGC-SA, HECs to NBCs, BCs to LBCs SCs to SBCs (small basket), BPCs to BP (bipolar) and DC to BP as well",75,VISp
31,L1,L23,NGC,MC,0.0,Jiang2015,"We assume that SBC-like cells correspond to SAC, eNGCs to NGC-DA or NGC-SA, HECs to NBCs, BCs to LBCs SCs to SBCs (small basket), BPCs to BP (bipolar) and DC to BP as well",75,VISp
31,L1,L23,NGC,NGC,0.354838709677419,Jiang2015,"We assume that SBC-like cells correspond to SAC, eNGCs to NGC-DA or NGC-SA, HECs to NBCs, BCs to LBCs SCs to SBCs (small basket), BPCs to BP (bipolar) and DC to BP as well",75,VISp
44,L1,L23,NGC,BTC,0.454545454545454,Jiang2015,"We assume that SBC-like cells correspond to SAC, eNGCs to NGC-DA or NGC-SA, HECs to NBCs, BCs to LBCs SCs to SBCs (small basket), BPCs to BP (bipolar) and DC to BP as well",75,VISp
21,L1,L23,NGC,BP,0.476190476190476,Jiang2015,"We assume that SBC-like cells correspond to SAC, eNGCs to NGC-DA or NGC-SA, HECs to NBCs, BCs to LBCs SCs to SBCs (small basket), BPCs to BP (bipolar) and DC to BP as well",75,VISp
13,L1,L23,NGC,DBC,0.0,Jiang2015,"We assume that SBC-like cells correspond to SAC, eNGCs to NGC-DA or NGC-SA, HECs to NBCs, BCs to LBCs SCs to SBCs (small basket), BPCs to BP (bipolar) and DC to BP as well",75,VISp
42,L1,L23,NGC,LBC,0.0952380952380952,Jiang2015,"We assume that SBC-like cells correspond to SAC, eNGCs to NGC-DA or NGC-SA, HECs to NBCs, BCs to LBCs SCs to SBCs (small basket), BPCs to BP (bipolar) and DC to BP as well",75,VISp
19,L1,L23,NGC,CHC,0.0,Jiang2015,"We assume that SBC-like cells correspond to SAC, eNGCs to NGC-DA or NGC-SA, HECs to NBCs, BCs to LBCs SCs to SBCs (small basket), BPCs to BP (bipolar) and DC to BP as well",75,VISp
59,L1,L23,NGC,PC,0.35593220338983,Jiang2015,"We assume that SBC-like cells correspond to SAC, eNGCs to NGC-DA or NGC-SA, HECs to NBCs, BCs to LBCs SCs to SBCs (small basket), BPCs to BP (bipolar) and DC to BP as well",75,VISp
51,L1,L5,NGC,MC,0.0,Jiang2015,"We assume that SBC-like cells correspond to SAC, eNGCs to NGC-DA or NGC-SA, HECs to NBCs, BCs to LBCs SCs to SBCs (small basket), BPCs to BP (bipolar) and DC to BP as well",75,VISp
7,L1,L5,NGC,NGC,0.0,Jiang2015,"We assume that SBC-like cells correspond to SAC, eNGCs to NGC-DA or NGC-SA, HECs to NBCs, BCs to LBCs SCs to SBCs (small basket), BPCs to BP (bipolar) and DC to BP as well",75,VISp
51,L1,L5,NGC,LBC,0.0,Jiang2015,"We assume that SBC-like cells correspond to SAC, eNGCs to NGC-DA or NGC-SA, HECs to NBCs, BCs to LBCs SCs to SBCs (small basket), BPCs to BP (bipolar) and DC to BP as well",75,VISp
26,L1,L5,NGC,SBC,0.0,Jiang2015,"We assume that SBC-like cells correspond to SAC, eNGCs to NGC-DA or NGC-SA, HECs to NBCs, BCs to LBCs SCs to SBCs (small basket), BPCs to BP (bipolar) and DC to BP as well",75,VISp
19,L1,L5,NGC,NBC,0.0,Jiang2015,"We assume that SBC-like cells correspond to SAC, eNGCs to NGC-DA or NGC-SA, HECs to NBCs, BCs to LBCs SCs to SBCs (small basket), BPCs to BP (bipolar) and DC to BP as well",75,VISp
18,L1,L5,NGC,BP,0.0,Jiang2015,"We assume that SBC-like cells correspond to SAC, eNGCs to NGC-DA or NGC-SA, HECs to NBCs, BCs to LBCs SCs to SBCs (small basket), BPCs to BP (bipolar) and DC to BP as well",75,VISp
61,L1,L5,NGC,PC,0.147540983606557,Jiang2015,"We assume that SBC-like cells correspond to SAC, eNGCs to NGC-DA or NGC-SA, HECs to NBCs, BCs to LBCs SCs to SBCs (small basket), BPCs to BP (bipolar) and DC to BP as well",75,VISp
47,L23,L1,MC,SAC,0.468085106382979,Jiang2015,"We assume that SBC-like cells correspond to SAC, eNGCs to NGC-DA or NGC-SA, HECs to NBCs, BCs to LBCs SCs to SBCs (small basket), BPCs to BP (bipolar) and DC to BP as well",75,VISp
29,L23,L1,MC,NGC,0.413793103448276,Jiang2015,"We assume that SBC-like cells correspond to SAC, eNGCs to NGC-DA or NGC-SA, HECs to NBCs, BCs to LBCs SCs to SBCs (small basket), BPCs to BP (bipolar) and DC to BP as well",75,VISp
130,L23,L23,MC,MC,0.0,Jiang2015,"We assume that SBC-like cells correspond to SAC, eNGCs to NGC-DA or NGC-SA, HECs to NBCs, BCs to LBCs SCs to SBCs (small basket), BPCs to BP (bipolar) and DC to BP as well",75,VISp
24,L23,L23,MC,NGC,0.5,Jiang2015,"We assume that SBC-like cells correspond to SAC, eNGCs to NGC-DA or NGC-SA, HECs to NBCs, BCs to LBCs SCs to SBCs (small basket), BPCs to BP (bipolar) and DC to BP as well",75,VISp
46,L23,L23,MC,BTC,0.478260869565217,Jiang2015,"We assume that SBC-like cells correspond to SAC, eNGCs to NGC-DA or NGC-SA, HECs to NBCs, BCs to LBCs SCs to SBCs (small basket), BPCs to BP (bipolar) and DC to BP as well",75,VISp
16,L23,L23,MC,BP,0.4375,Jiang2015,"We assume that SBC-like cells correspond to SAC, eNGCs to NGC-DA or NGC-SA, HECs to NBCs, BCs to LBCs SCs to SBCs (small basket), BPCs to BP (bipolar) and DC to BP as well",75,VISp
22,L23,L23,MC,DBC,0.5,Jiang2015,"We assume that SBC-like cells correspond to SAC, eNGCs to NGC-DA or NGC-SA, HECs to NBCs, BCs to LBCs SCs to SBCs (small basket), BPCs to BP (bipolar) and DC to BP as well",75,VISp
88,L23,L23,MC,LBC,0.488636363636364,Jiang2015,"We assume that SBC-like cells correspond to SAC, eNGCs to NGC-DA or NGC-SA, HECs to NBCs, BCs to LBCs SCs to SBCs (small basket), BPCs to BP (bipolar) and DC to BP as well",75,VISp
11,L23,L23,MC,CHC,0.454545454545454,Jiang2015,"We assume that SBC-like cells correspond to SAC, eNGCs to NGC-DA or NGC-SA, HECs to NBCs, BCs to LBCs SCs to SBCs (small basket), BPCs to BP (bipolar) and DC to BP as well",75,VISp
101,L23,L23,MC,PC,0.435643564356436,Jiang2015,"We assume that SBC-like cells correspond to SAC, eNGCs to NGC-DA or NGC-SA, HECs to NBCs, BCs to LBCs SCs to SBCs (small basket), BPCs to BP (bipolar) and DC to BP as well",75,VISp
133,L23,L5,MC,MC,0.0,Jiang2015,"We assume that SBC-like cells correspond to SAC, eNGCs to NGC-DA or NGC-SA, HECs to NBCs, BCs to LBCs SCs to SBCs (small basket), BPCs to BP (bipolar) and DC to BP as well",75,VISp
22,L23,L5,MC,NGC,0.0454545454545454,Jiang2015,"We assume that SBC-like cells correspond to SAC, eNGCs to NGC-DA or NGC-SA, HECs to NBCs, BCs to LBCs SCs to SBCs (small basket), BPCs to BP (bipolar) and DC to BP as well",75,VISp
40,L23,L5,MC,LBC,0.05,Jiang2015,"We assume that SBC-like cells correspond to SAC, eNGCs to NGC-DA or NGC-SA, HECs to NBCs, BCs to LBCs SCs to SBCs (small basket), BPCs to BP (bipolar) and DC to BP as well",75,VISp
16,L23,L5,MC,SBC,0.0,Jiang2015,"We assume that SBC-like cells correspond to SAC, eNGCs to NGC-DA or NGC-SA, HECs to NBCs, BCs to LBCs SCs to SBCs (small basket), BPCs to BP (bipolar) and DC to BP as well",75,VISp
13,L23,L5,MC,NBC,0.0,Jiang2015,"We assume that SBC-like cells correspond to SAC, eNGCs to NGC-DA or NGC-SA, HECs to NBCs, BCs to LBCs SCs to SBCs (small basket), BPCs to BP (bipolar) and DC to BP as well",75,VISp
12,L23,L5,MC,BP,0.0,Jiang2015,"We assume that SBC-like cells correspond to SAC, eNGCs to NGC-DA or NGC-SA, HECs to NBCs, BCs to LBCs SCs to SBCs (small basket), BPCs to BP (bipolar) and DC to BP as well",75,VISp
74,L23,L5,MC,PC,0.081081081081081,Jiang2015,"We assume that SBC-like cells correspond to SAC, eNGCs to NGC-DA or NGC-SA, HECs to NBCs, BCs to LBCs SCs to SBCs (small basket), BPCs to BP (bipolar) and DC to BP as well",75,VISp
40,L23,L1,NGC,SAC,0.475,Jiang2015,"We assume that SBC-like cells correspond to SAC, eNGCs to NGC-DA or NGC-SA, HECs to NBCs, BCs to LBCs SCs to SBCs (small basket), BPCs to BP (bipolar) and DC to BP as well",75,VISp
30,L23,L1,NGC,NGC,0.6,Jiang2015,"We assume that SBC-like cells correspond to SAC, eNGCs to NGC-DA or NGC-SA, HECs to NBCs, BCs to LBCs SCs to SBCs (small basket), BPCs to BP (bipolar) and DC to BP as well",75,VISp
23,L23,L23,NGC,MC,0.565217391304348,Jiang2015,"We assume that SBC-like cells correspond to SAC, eNGCs to NGC-DA or NGC-SA, HECs to NBCs, BCs to LBCs SCs to SBCs (small basket), BPCs to BP (bipolar) and DC to BP as well",75,VISp
52,L23,L23,NGC,NGC,0.634615384615385,Jiang2015,"We assume that SBC-like cells correspond to SAC, eNGCs to NGC-DA or NGC-SA, HECs to NBCs, BCs to LBCs SCs to SBCs (small basket), BPCs to BP (bipolar) and DC to BP as well",75,VISp
23,L23,L23,NGC,BTC,0.652173913043478,Jiang2015,"We assume that SBC-like cells correspond to SAC, eNGCs to NGC-DA or NGC-SA, HECs to NBCs, BCs to LBCs SCs to SBCs (small basket), BPCs to BP (bipolar) and DC to BP as well",75,VISp
27,L23,L23,NGC,BP,0.62962962962963,Jiang2015,"We assume that SBC-like cells correspond to SAC, eNGCs to NGC-DA or NGC-SA, HECs to NBCs, BCs to LBCs SCs to SBCs (small basket), BPCs to BP (bipolar) and DC to BP as well",75,VISp
24,L23,L23,NGC,DBC,0.625,Jiang2015,"We assume that SBC-like cells correspond to SAC, eNGCs to NGC-DA or NGC-SA, HECs to NBCs, BCs to LBCs SCs to SBCs (small basket), BPCs to BP (bipolar) and DC to BP as well",75,VISp
86,L23,L23,NGC,LBC,0.616279069767442,Jiang2015,"We assume that SBC-like cells correspond to SAC, eNGCs to NGC-DA or NGC-SA, HECs to NBCs, BCs to LBCs SCs to SBCs (small basket), BPCs to BP (bipolar) and DC to BP as well",75,VISp
15,L23,L23,NGC,CHC,0.6,Jiang2015,"We assume that SBC-like cells correspond to SAC, eNGCs to NGC-DA or NGC-SA, HECs to NBCs, BCs to LBCs SCs to SBCs (small basket), BPCs to BP (bipolar) and DC to BP as well",75,VISp
68,L23,L23,NGC,PC,0.602941176470588,Jiang2015,"We assume that SBC-like cells correspond to SAC, eNGCs to NGC-DA or NGC-SA, HECs to NBCs, BCs to LBCs SCs to SBCs (small basket), BPCs to BP (bipolar) and DC to BP as well",75,VISp
44,L23,L5,NGC,MC,0.25,Jiang2015,"We assume that SBC-like cells correspond to SAC, eNGCs to NGC-DA or NGC-SA, HECs to NBCs, BCs to LBCs SCs to SBCs (small basket), BPCs to BP (bipolar) and DC to BP as well",75,VISp
13,L23,L5,NGC,NGC,0.307692307692308,Jiang2015,"We assume that SBC-like cells correspond to SAC, eNGCs to NGC-DA or NGC-SA, HECs to NBCs, BCs to LBCs SCs to SBCs (small basket), BPCs to BP (bipolar) and DC to BP as well",75,VISp
51,L23,L5,NGC,LBC,0.294117647058823,Jiang2015,"We assume that SBC-like cells correspond to SAC, eNGCs to NGC-DA or NGC-SA, HECs to NBCs, BCs to LBCs SCs to SBCs (small basket), BPCs to BP (bipolar) and DC to BP as well",75,VISp
35,L23,L5,NGC,SBC,0.285714285714286,Jiang2015,"We assume that SBC-like cells correspond to SAC, eNGCs to NGC-DA or NGC-SA, HECs to NBCs, BCs to LBCs SCs to SBCs (small basket), BPCs to BP (bipolar) and DC to BP as well",75,VISp
30,L23,L5,NGC,NBC,0.266666666666667,Jiang2015,"We assume that SBC-like cells correspond to SAC, eNGCs to NGC-DA or NGC-SA, HECs to NBCs, BCs to LBCs SCs to SBCs (small basket), BPCs to BP (bipolar) and DC to BP as well",75,VISp
18,L23,L5,NGC,BP,0.277777777777778,Jiang2015,"We assume that SBC-like cells correspond to SAC, eNGCs to NGC-DA or NGC-SA, HECs to NBCs, BCs to LBCs SCs to SBCs (small basket), BPCs to BP (bipolar) and DC to BP as well",75,VISp
76,L23,L5,NGC,PC,0.355263157894737,Jiang2015,"We assume that SBC-like cells correspond to SAC, eNGCs to NGC-DA or NGC-SA, HECs to NBCs, BCs to LBCs SCs to SBCs (small basket), BPCs to BP (bipolar) and DC to BP as well",75,VISp
35,L23,L1,BTC,SAC,0.0,Jiang2015,"We assume that SBC-like cells correspond to SAC, eNGCs to NGC-DA or NGC-SA, HECs to NBCs, BCs to LBCs SCs to SBCs (small basket), BPCs to BP (bipolar) and DC to BP as well",75,VISp
44,L23,L1,BTC,NGC,0.0,Jiang2015,"We assume that SBC-like cells correspond to SAC, eNGCs to NGC-DA or NGC-SA, HECs to NBCs, BCs to LBCs SCs to SBCs (small basket), BPCs to BP (bipolar) and DC to BP as well",75,VISp
46,L23,L23,BTC,MC,0.260869565217391,Jiang2015,"We assume that SBC-like cells correspond to SAC, eNGCs to NGC-DA or NGC-SA, HECs to NBCs, BCs to LBCs SCs to SBCs (small basket), BPCs to BP (bipolar) and DC to BP as well",75,VISp
23,L23,L23,BTC,NGC,0.0,Jiang2015,"We assume that SBC-like cells correspond to SAC, eNGCs to NGC-DA or NGC-SA, HECs to NBCs, BCs to LBCs SCs to SBCs (small basket), BPCs to BP (bipolar) and DC to BP as well",75,VISp
56,L23,L23,BTC,BTC,0.142857142857143,Jiang2015,"We assume that SBC-like cells correspond to SAC, eNGCs to NGC-DA or NGC-SA, HECs to NBCs, BCs to LBCs SCs to SBCs (small basket), BPCs to BP (bipolar) and DC to BP as well",75,VISp
55,L23,L23,BTC,BP,0.0909090909090909,Jiang2015,"We assume that SBC-like cells correspond to SAC, eNGCs to NGC-DA or NGC-SA, HECs to NBCs, BCs to LBCs SCs to SBCs (small basket), BPCs to BP (bipolar) and DC to BP as well",75,VISp
20,L23,L23,BTC,DBC,0.0,Jiang2015,"We assume that SBC-like cells correspond to SAC, eNGCs to NGC-DA or NGC-SA, HECs to NBCs, BCs to LBCs SCs to SBCs (small basket), BPCs to BP (bipolar) and DC to BP as well",75,VISp
70,L23,L23,BTC,LBC,0.0285714285714285,Jiang2015,"We assume that SBC-like cells correspond to SAC, eNGCs to NGC-DA or NGC-SA, HECs to NBCs, BCs to LBCs SCs to SBCs (small basket), BPCs to BP (bipolar) and DC to BP as well",75,VISp
15,L23,L23,BTC,CHC,0.0,Jiang2015,"We assume that SBC-like cells correspond to SAC, eNGCs to NGC-DA or NGC-SA, HECs to NBCs, BCs to LBCs SCs to SBCs (small basket), BPCs to BP (bipolar) and DC to BP as well",75,VISp
60,L23,L23,BTC,PC,0.183333333333333,Jiang2015,"We assume that SBC-like cells correspond to SAC, eNGCs to NGC-DA or NGC-SA, HECs to NBCs, BCs to LBCs SCs to SBCs (small basket), BPCs to BP (bipolar) and DC to BP as well",75,VISp
64,L23,L5,BTC,MC,0.0,Jiang2015,"We assume that SBC-like cells correspond to SAC, eNGCs to NGC-DA or NGC-SA, HECs to NBCs, BCs to LBCs SCs to SBCs (small basket), BPCs to BP (bipolar) and DC to BP as well",75,VISp
9,L23,L5,BTC,NGC,0.0,Jiang2015,"We assume that SBC-like cells correspond to SAC, eNGCs to NGC-DA or NGC-SA, HECs to NBCs, BCs to LBCs SCs to SBCs (small basket), BPCs to BP (bipolar) and DC to BP as well",75,VISp
62,L23,L5,BTC,LBC,0.0,Jiang2015,"We assume that SBC-like cells correspond to SAC, eNGCs to NGC-DA or NGC-SA, HECs to NBCs, BCs to LBCs SCs to SBCs (small basket), BPCs to BP (bipolar) and DC to BP as well",75,VISp
32,L23,L5,BTC,SBC,0.0,Jiang2015,"We assume that SBC-like cells correspond to SAC, eNGCs to NGC-DA or NGC-SA, HECs to NBCs, BCs to LBCs SCs to SBCs (small basket), BPCs to BP (bipolar) and DC to BP as well",75,VISp
18,L23,L5,BTC,NBC,0.0,Jiang2015,"We assume that SBC-like cells correspond to SAC, eNGCs to NGC-DA or NGC-SA, HECs to NBCs, BCs to LBCs SCs to SBCs (small basket), BPCs to BP (bipolar) and DC to BP as well",75,VISp
15,L23,L5,BTC,BP,0.0,Jiang2015,"We assume that SBC-like cells correspond to SAC, eNGCs to NGC-DA or NGC-SA, HECs to NBCs, BCs to LBCs SCs to SBCs (small basket), BPCs to BP (bipolar) and DC to BP as well",75,VISp
84,L23,L5,BTC,PC,0.0,Jiang2015,"We assume that SBC-like cells correspond to SAC, eNGCs to NGC-DA or NGC-SA, HECs to NBCs, BCs to LBCs SCs to SBCs (small basket), BPCs to BP (bipolar) and DC to BP as well",75,VISp
19,L23,L1,BP,SAC,0.0,Jiang2015,"We assume that SBC-like cells correspond to SAC, eNGCs to NGC-DA or NGC-SA, HECs to NBCs, BCs to LBCs SCs to SBCs (small basket), BPCs to BP (bipolar) and DC to BP as well",75,VISp
21,L23,L1,BP,NGC,0.0,Jiang2015,"We assume that SBC-like cells correspond to SAC, eNGCs to NGC-DA or NGC-SA, HECs to NBCs, BCs to LBCs SCs to SBCs (small basket), BPCs to BP (bipolar) and DC to BP as well",75,VISp
17,L23,L23,BP,MC,0.0,Jiang2015,"We assume that SBC-like cells correspond to SAC, eNGCs to NGC-DA or NGC-SA, HECs to NBCs, BCs to LBCs SCs to SBCs (small basket), BPCs to BP (bipolar) and DC to BP as well",75,VISp
29,L23,L23,BP,NGC,0.0,Jiang2015,"We assume that SBC-like cells correspond to SAC, eNGCs to NGC-DA or NGC-SA, HECs to NBCs, BCs to LBCs SCs to SBCs (small basket), BPCs to BP (bipolar) and DC to BP as well",75,VISp
55,L23,L23,BP,BTC,0.0,Jiang2015,"We assume that SBC-like cells correspond to SAC, eNGCs to NGC-DA or NGC-SA, HECs to NBCs, BCs to LBCs SCs to SBCs (small basket), BPCs to BP (bipolar) and DC to BP as well",75,VISp
32,L23,L23,BP,BP,0.0,Jiang2015,"We assume that SBC-like cells correspond to SAC, eNGCs to NGC-DA or NGC-SA, HECs to NBCs, BCs to LBCs SCs to SBCs (small basket), BPCs to BP (bipolar) and DC to BP as well",75,VISp
14,L23,L23,BP,DBC,0.0,Jiang2015,"We assume that SBC-like cells correspond to SAC, eNGCs to NGC-DA or NGC-SA, HECs to NBCs, BCs to LBCs SCs to SBCs (small basket), BPCs to BP (bipolar) and DC to BP as well",75,VISp
47,L23,L23,BP,LBC,0.0,Jiang2015,"We assume that SBC-like cells correspond to SAC, eNGCs to NGC-DA or NGC-SA, HECs to NBCs, BCs to LBCs SCs to SBCs (small basket), BPCs to BP (bipolar) and DC to BP as well",75,VISp
5,L23,L23,BP,CHC,0.0,Jiang2015,"We assume that SBC-like cells correspond to SAC, eNGCs to NGC-DA or NGC-SA, HECs to NBCs, BCs to LBCs SCs to SBCs (small basket), BPCs to BP (bipolar) and DC to BP as well",75,VISp
47,L23,L23,BP,PC,0.0,Jiang2015,"We assume that SBC-like cells correspond to SAC, eNGCs to NGC-DA or NGC-SA, HECs to NBCs, BCs to LBCs SCs to SBCs (small basket), BPCs to BP (bipolar) and DC to BP as well",75,VISp
29,L23,L5,BP,MC,0.310344827586207,Jiang2015,"We assume that SBC-like cells correspond to SAC, eNGCs to NGC-DA or NGC-SA, HECs to NBCs, BCs to LBCs SCs to SBCs (small basket), BPCs to BP (bipolar) and DC to BP as well",75,VISp
7,L23,L5,BP,NGC,0.0,Jiang2015,"We assume that SBC-like cells correspond to SAC, eNGCs to NGC-DA or NGC-SA, HECs to NBCs, BCs to LBCs SCs to SBCs (small basket), BPCs to BP (bipolar) and DC to BP as well",75,VISp
35,L23,L5,BP,LBC,0.0285714285714285,Jiang2015,"We assume that SBC-like cells correspond to SAC, eNGCs to NGC-DA or NGC-SA, HECs to NBCs, BCs to LBCs SCs to SBCs (small basket), BPCs to BP (bipolar) and DC to BP as well",75,VISp
33,L23,L5,BP,SBC,0.0,Jiang2015,"We assume that SBC-like cells correspond to SAC, eNGCs to NGC-DA or NGC-SA, HECs to NBCs, BCs to LBCs SCs to SBCs (small basket), BPCs to BP (bipolar) and DC to BP as well",75,VISp
17,L23,L5,BP,NBC,0.0,Jiang2015,"We assume that SBC-like cells correspond to SAC, eNGCs to NGC-DA or NGC-SA, HECs to NBCs, BCs to LBCs SCs to SBCs (small basket), BPCs to BP (bipolar) and DC to BP as well",75,VISp
17,L23,L5,BP,BP,0.0,Jiang2015,"We assume that SBC-like cells correspond to SAC, eNGCs to NGC-DA or NGC-SA, HECs to NBCs, BCs to LBCs SCs to SBCs (small basket), BPCs to BP (bipolar) and DC to BP as well",75,VISp
68,L23,L5,BP,PC,0.0,Jiang2015,"We assume that SBC-like cells correspond to SAC, eNGCs to NGC-DA or NGC-SA, HECs to NBCs, BCs to LBCs SCs to SBCs (small basket), BPCs to BP (bipolar) and DC to BP as well",75,VISp
28,L23,L1,DBC,SAC,0.0,Jiang2015,"We assume that SBC-like cells correspond to SAC, eNGCs to NGC-DA or NGC-SA, HECs to NBCs, BCs to LBCs SCs to SBCs (small basket), BPCs to BP (bipolar) and DC to BP as well",75,VISp
13,L23,L1,DBC,NGC,0.0,Jiang2015,"We assume that SBC-like cells correspond to SAC, eNGCs to NGC-DA or NGC-SA, HECs to NBCs, BCs to LBCs SCs to SBCs (small basket), BPCs to BP (bipolar) and DC to BP as well",75,VISp
22,L23,L23,DBC,MC,0.0,Jiang2015,"We assume that SBC-like cells correspond to SAC, eNGCs to NGC-DA or NGC-SA, HECs to NBCs, BCs to LBCs SCs to SBCs (small basket), BPCs to BP (bipolar) and DC to BP as well",75,VISp
23,L23,L23,DBC,NGC,0.0,Jiang2015,"We assume that SBC-like cells correspond to SAC, eNGCs to NGC-DA or NGC-SA, HECs to NBCs, BCs to LBCs SCs to SBCs (small basket), BPCs to BP (bipolar) and DC to BP as well",75,VISp
20,L23,L23,DBC,BTC,0.05,Jiang2015,"We assume that SBC-like cells correspond to SAC, eNGCs to NGC-DA or NGC-SA, HECs to NBCs, BCs to LBCs SCs to SBCs (small basket), BPCs to BP (bipolar) and DC to BP as well",75,VISp
14,L23,L23,DBC,BP,0.214285714285714,Jiang2015,"We assume that SBC-like cells correspond to SAC, eNGCs to NGC-DA or NGC-SA, HECs to NBCs, BCs to LBCs SCs to SBCs (small basket), BPCs to BP (bipolar) and DC to BP as well",75,VISp
38,L23,L23,DBC,DBC,0.447368421052632,Jiang2015,"We assume that SBC-like cells correspond to SAC, eNGCs to NGC-DA or NGC-SA, HECs to NBCs, BCs to LBCs SCs to SBCs (small basket), BPCs to BP (bipolar) and DC to BP as well",75,VISp
45,L23,L23,DBC,LBC,0.177777777777778,Jiang2015,"We assume that SBC-like cells correspond to SAC, eNGCs to NGC-DA or NGC-SA, HECs to NBCs, BCs to LBCs SCs to SBCs (small basket), BPCs to BP (bipolar) and DC to BP as well",75,VISp
5,L23,L23,DBC,CHC,0.0,Jiang2015,"We assume that SBC-like cells correspond to SAC, eNGCs to NGC-DA or NGC-SA, HECs to NBCs, BCs to LBCs SCs to SBCs (small basket), BPCs to BP (bipolar) and DC to BP as well",75,VISp
34,L23,L23,DBC,PC,0.38235294117647,Jiang2015,"We assume that SBC-like cells correspond to SAC, eNGCs to NGC-DA or NGC-SA, HECs to NBCs, BCs to LBCs SCs to SBCs (small basket), BPCs to BP (bipolar) and DC to BP as well",75,VISp
30,L23,L5,DBC,MC,0.0,Jiang2015,"We assume that SBC-like cells correspond to SAC, eNGCs to NGC-DA or NGC-SA, HECs to NBCs, BCs to LBCs SCs to SBCs (small basket), BPCs to BP (bipolar) and DC to BP as well",75,VISp
7,L23,L5,DBC,NGC,0.0,Jiang2015,"We assume that SBC-like cells correspond to SAC, eNGCs to NGC-DA or NGC-SA, HECs to NBCs, BCs to LBCs SCs to SBCs (small basket), BPCs to BP (bipolar) and DC to BP as well",75,VISp
10,L23,L5,DBC,LBC,0.0,Jiang2015,"We assume that SBC-like cells correspond to SAC, eNGCs to NGC-DA or NGC-SA, HECs to NBCs, BCs to LBCs SCs to SBCs (small basket), BPCs to BP (bipolar) and DC to BP as well",75,VISp
7,L23,L5,DBC,SBC,0.0,Jiang2015,"We assume that SBC-like cells correspond to SAC, eNGCs to NGC-DA or NGC-SA, HECs to NBCs, BCs to LBCs SCs to SBCs (small basket), BPCs to BP (bipolar) and DC to BP as well",75,VISp
10,L23,L5,DBC,NBC,0.0,Jiang2015,"We assume that SBC-like cells correspond to SAC, eNGCs to NGC-DA or NGC-SA, HECs to NBCs, BCs to LBCs SCs to SBCs (small basket), BPCs to BP (bipolar) and DC to BP as well",75,VISp
6,L23,L5,DBC,BP,0.0,Jiang2015,"We assume that SBC-like cells correspond to SAC, eNGCs to NGC-DA or NGC-SA, HECs to NBCs, BCs to LBCs SCs to SBCs (small basket), BPCs to BP (bipolar) and DC to BP as well",75,VISp
37,L23,L5,DBC,PC,0.135135135135135,Jiang2015,"We assume that SBC-like cells correspond to SAC, eNGCs to NGC-DA or NGC-SA, HECs to NBCs, BCs to LBCs SCs to SBCs (small basket), BPCs to BP (bipolar) and DC to BP as well",75,VISp
72,L23,L1,LBC,SAC,0.0,Jiang2015,"We assume that SBC-like cells correspond to SAC, eNGCs to NGC-DA or NGC-SA, HECs to NBCs, BCs to LBCs SCs to SBCs (small basket), BPCs to BP (bipolar) and DC to BP as well",75,VISp
41,L23,L1,LBC,NGC,0.024390243902439,Jiang2015,"We assume that SBC-like cells correspond to SAC, eNGCs to NGC-DA or NGC-SA, HECs to NBCs, BCs to LBCs SCs to SBCs (small basket), BPCs to BP (bipolar) and DC to BP as well",75,VISp
88,L23,L23,LBC,MC,0.181818181818182,Jiang2015,"We assume that SBC-like cells correspond to SAC, eNGCs to NGC-DA or NGC-SA, HECs to NBCs, BCs to LBCs SCs to SBCs (small basket), BPCs to BP (bipolar) and DC to BP as well",75,VISp
87,L23,L23,LBC,NGC,0.0114942528735632,Jiang2015,"We assume that SBC-like cells correspond to SAC, eNGCs to NGC-DA or NGC-SA, HECs to NBCs, BCs to LBCs SCs to SBCs (small basket), BPCs to BP (bipolar) and DC to BP as well",75,VISp
70,L23,L23,LBC,BTC,0.114285714285714,Jiang2015,"We assume that SBC-like cells correspond to SAC, eNGCs to NGC-DA or NGC-SA, HECs to NBCs, BCs to LBCs SCs to SBCs (small basket), BPCs to BP (bipolar) and DC to BP as well",75,VISp
47,L23,L23,LBC,BP,0.0425531914893617,Jiang2015,"We assume that SBC-like cells correspond to SAC, eNGCs to NGC-DA or NGC-SA, HECs to NBCs, BCs to LBCs SCs to SBCs (small basket), BPCs to BP (bipolar) and DC to BP as well",75,VISp
45,L23,L23,LBC,DBC,0.133333333333333,Jiang2015,"We assume that SBC-like cells correspond to SAC, eNGCs to NGC-DA or NGC-SA, HECs to NBCs, BCs to LBCs SCs to SBCs (small basket), BPCs to BP (bipolar) and DC to BP as well",75,VISp
359,L23,L23,LBC,LBC,0.467966573816156,Jiang2015,"We assume that SBC-like cells correspond to SAC, eNGCs to NGC-DA or NGC-SA, HECs to NBCs, BCs to LBCs SCs to SBCs (small basket), BPCs to BP (bipolar) and DC to BP as well",75,VISp
22,L23,L23,LBC,CHC,0.136363636363636,Jiang2015,"We assume that SBC-like cells correspond to SAC, eNGCs to NGC-DA or NGC-SA, HECs to NBCs, BCs to LBCs SCs to SBCs (small basket), BPCs to BP (bipolar) and DC to BP as well",75,VISp
213,L23,L23,LBC,PC,0.352112676056338,Jiang2015,"We assume that SBC-like cells correspond to SAC, eNGCs to NGC-DA or NGC-SA, HECs to NBCs, BCs to LBCs SCs to SBCs (small basket), BPCs to BP (bipolar) and DC to BP as well",75,VISp
123,L23,L5,LBC,MC,0.008130081300813,Jiang2015,"We assume that SBC-like cells correspond to SAC, eNGCs to NGC-DA or NGC-SA, HECs to NBCs, BCs to LBCs SCs to SBCs (small basket), BPCs to BP (bipolar) and DC to BP as well",75,VISp
18,L23,L5,LBC,NGC,0.0,Jiang2015,"We assume that SBC-like cells correspond to SAC, eNGCs to NGC-DA or NGC-SA, HECs to NBCs, BCs to LBCs SCs to SBCs (small basket), BPCs to BP (bipolar) and DC to BP as well",75,VISp
110,L23,L5,LBC,LBC,0.136363636363636,Jiang2015,"We assume that SBC-like cells correspond to SAC, eNGCs to NGC-DA or NGC-SA, HECs to NBCs, BCs to LBCs SCs to SBCs (small basket), BPCs to BP (bipolar) and DC to BP as well",75,VISp
52,L23,L5,LBC,SBC,0.0192307692307692,Jiang2015,"We assume that SBC-like cells correspond to SAC, eNGCs to NGC-DA or NGC-SA, HECs to NBCs, BCs to LBCs SCs to SBCs (small basket), BPCs to BP (bipolar) and DC to BP as well",75,VISp
72,L23,L5,LBC,NBC,0.0416666666666666,Jiang2015,"We assume that SBC-like cells correspond to SAC, eNGCs to NGC-DA or NGC-SA, HECs to NBCs, BCs to LBCs SCs to SBCs (small basket), BPCs to BP (bipolar) and DC to BP as well",75,VISp
24,L23,L5,LBC,BP,0.0,Jiang2015,"We assume that SBC-like cells correspond to SAC, eNGCs to NGC-DA or NGC-SA, HECs to NBCs, BCs to LBCs SCs to SBCs (small basket), BPCs to BP (bipolar) and DC to BP as well",75,VISp
185,L23,L5,LBC,PC,0.0594594594594594,Jiang2015,"We assume that SBC-like cells correspond to SAC, eNGCs to NGC-DA or NGC-SA, HECs to NBCs, BCs to LBCs SCs to SBCs (small basket), BPCs to BP (bipolar) and DC to BP as well",75,VISp
23,L23,L1,CHC,SAC,0.0,Jiang2015,"We assume that SBC-like cells correspond to SAC, eNGCs to NGC-DA or NGC-SA, HECs to NBCs, BCs to LBCs SCs to SBCs (small basket), BPCs to BP (bipolar) and DC to BP as well",75,VISp
19,L23,L1,CHC,NGC,0.0,Jiang2015,"We assume that SBC-like cells correspond to SAC, eNGCs to NGC-DA or NGC-SA, HECs to NBCs, BCs to LBCs SCs to SBCs (small basket), BPCs to BP (bipolar) and DC to BP as well",75,VISp
11,L23,L23,CHC,MC,0.0,Jiang2015,"We assume that SBC-like cells correspond to SAC, eNGCs to NGC-DA or NGC-SA, HECs to NBCs, BCs to LBCs SCs to SBCs (small basket), BPCs to BP (bipolar) and DC to BP as well",75,VISp
15,L23,L23,CHC,NGC,0.0,Jiang2015,"We assume that SBC-like cells correspond to SAC, eNGCs to NGC-DA or NGC-SA, HECs to NBCs, BCs to LBCs SCs to SBCs (small basket), BPCs to BP (bipolar) and DC to BP as well",75,VISp
15,L23,L23,CHC,BTC,0.0,Jiang2015,"We assume that SBC-like cells correspond to SAC, eNGCs to NGC-DA or NGC-SA, HECs to NBCs, BCs to LBCs SCs to SBCs (small basket), BPCs to BP (bipolar) and DC to BP as well",75,VISp
5,L23,L23,CHC,BP,0.0,Jiang2015,"We assume that SBC-like cells correspond to SAC, eNGCs to NGC-DA or NGC-SA, HECs to NBCs, BCs to LBCs SCs to SBCs (small basket), BPCs to BP (bipolar) and DC to BP as well",75,VISp
5,L23,L23,CHC,DBC,0.0,Jiang2015,"We assume that SBC-like cells correspond to SAC, eNGCs to NGC-DA or NGC-SA, HECs to NBCs, BCs to LBCs SCs to SBCs (small basket), BPCs to BP (bipolar) and DC to BP as well",75,VISp
23,L23,L23,CHC,LBC,0.0,Jiang2015,"We assume that SBC-like cells correspond to SAC, eNGCs to NGC-DA or NGC-SA, HECs to NBCs, BCs to LBCs SCs to SBCs (small basket), BPCs to BP (bipolar) and DC to BP as well",75,VISp
16,L23,L23,CHC,CHC,0.375,Jiang2015,"We assume that SBC-like cells correspond to SAC, eNGCs to NGC-DA or NGC-SA, HECs to NBCs, BCs to LBCs SCs to SBCs (small basket), BPCs to BP (bipolar) and DC to BP as well",75,VISp
16,L23,L23,CHC,PC,0.3125,Jiang2015,"We assume that SBC-like cells correspond to SAC, eNGCs to NGC-DA or NGC-SA, HECs to NBCs, BCs to LBCs SCs to SBCs (small basket), BPCs to BP (bipolar) and DC to BP as well",75,VISp
12,L23,L5,CHC,MC,0.0,Jiang2015,"We assume that SBC-like cells correspond to SAC, eNGCs to NGC-DA or NGC-SA, HECs to NBCs, BCs to LBCs SCs to SBCs (small basket), BPCs to BP (bipolar) and DC to BP as well",75,VISp
10,L23,L5,CHC,NGC,0.0,Jiang2015,"We assume that SBC-like cells correspond to SAC, eNGCs to NGC-DA or NGC-SA, HECs to NBCs, BCs to LBCs SCs to SBCs (small basket), BPCs to BP (bipolar) and DC to BP as well",75,VISp
11,L23,L5,CHC,LBC,0.0,Jiang2015,"We assume that SBC-like cells correspond to SAC, eNGCs to NGC-DA or NGC-SA, HECs to NBCs, BCs to LBCs SCs to SBCs (small basket), BPCs to BP (bipolar) and DC to BP as well",75,VISp
6,L23,L5,CHC,SBC,0.0,Jiang2015,"We assume that SBC-like cells correspond to SAC, eNGCs to NGC-DA or NGC-SA, HECs to NBCs, BCs to LBCs SCs to SBCs (small basket), BPCs to BP (bipolar) and DC to BP as well",75,VISp
4,L23,L5,CHC,NBC,0.0,Jiang2015,"We assume that SBC-like cells correspond to SAC, eNGCs to NGC-DA or NGC-SA, HECs to NBCs, BCs to LBCs SCs to SBCs (small basket), BPCs to BP (bipolar) and DC to BP as well",75,VISp
8,L23,L5,CHC,BP,0.0,Jiang2015,"We assume that SBC-like cells correspond to SAC, eNGCs to NGC-DA or NGC-SA, HECs to NBCs, BCs to LBCs SCs to SBCs (small basket), BPCs to BP (bipolar) and DC to BP as well",75,VISp
14,L23,L5,CHC,PC,0.0,Jiang2015,"We assume that SBC-like cells correspond to SAC, eNGCs to NGC-DA or NGC-SA, HECs to NBCs, BCs to LBCs SCs to SBCs (small basket), BPCs to BP (bipolar) and DC to BP as well",75,VISp
69,L23,L1,PC,SAC,0.0144927536231884,Jiang2015,"We assume that SBC-like cells correspond to SAC, eNGCs to NGC-DA or NGC-SA, HECs to NBCs, BCs to LBCs SCs to SBCs (small basket), BPCs to BP (bipolar) and DC to BP as well",75,VISp
57,L23,L1,PC,NGC,0.0,Jiang2015,"We assume that SBC-like cells correspond to SAC, eNGCs to NGC-DA or NGC-SA, HECs to NBCs, BCs to LBCs SCs to SBCs (small basket), BPCs to BP (bipolar) and DC to BP as well",75,VISp
106,L23,L23,PC,MC,0.188679245283019,Jiang2015,"We assume that SBC-like cells correspond to SAC, eNGCs to NGC-DA or NGC-SA, HECs to NBCs, BCs to LBCs SCs to SBCs (small basket), BPCs to BP (bipolar) and DC to BP as well",75,VISp
68,L23,L23,PC,NGC,0.0,Jiang2015,"We assume that SBC-like cells correspond to SAC, eNGCs to NGC-DA or NGC-SA, HECs to NBCs, BCs to LBCs SCs to SBCs (small basket), BPCs to BP (bipolar) and DC to BP as well",75,VISp
60,L23,L23,PC,BTC,0.2,Jiang2015,"We assume that SBC-like cells correspond to SAC, eNGCs to NGC-DA or NGC-SA, HECs to NBCs, BCs to LBCs SCs to SBCs (small basket), BPCs to BP (bipolar) and DC to BP as well",75,VISp
47,L23,L23,PC,BP,0.0,Jiang2015,"We assume that SBC-like cells correspond to SAC, eNGCs to NGC-DA or NGC-SA, HECs to NBCs, BCs to LBCs SCs to SBCs (small basket), BPCs to BP (bipolar) and DC to BP as well",75,VISp
32,L23,L23,PC,DBC,0.0,Jiang2015,"We assume that SBC-like cells correspond to SAC, eNGCs to NGC-DA or NGC-SA, HECs to NBCs, BCs to LBCs SCs to SBCs (small basket), BPCs to BP (bipolar) and DC to BP as well",75,VISp
211,L23,L23,PC,LBC,0.194312796208531,Jiang2015,"We assume that SBC-like cells correspond to SAC, eNGCs to NGC-DA or NGC-SA, HECs to NBCs, BCs to LBCs SCs to SBCs (small basket), BPCs to BP (bipolar) and DC to BP as well",75,VISp
9,L23,L23,PC,CHC,0.0,Jiang2015,"We assume that SBC-like cells correspond to SAC, eNGCs to NGC-DA or NGC-SA, HECs to NBCs, BCs to LBCs SCs to SBCs (small basket), BPCs to BP (bipolar) and DC to BP as well",75,VISp
112,L23,L23,PC,PC,0.0178571428571428,Jiang2015,"We assume that SBC-like cells correspond to SAC, eNGCs to NGC-DA or NGC-SA, HECs to NBCs, BCs to LBCs SCs to SBCs (small basket), BPCs to BP (bipolar) and DC to BP as well",75,VISp
89,L23,L5,PC,MC,0.112359550561798,Jiang2015,"We assume that SBC-like cells correspond to SAC, eNGCs to NGC-DA or NGC-SA, HECs to NBCs, BCs to LBCs SCs to SBCs (small basket), BPCs to BP (bipolar) and DC to BP as well",75,VISp
11,L23,L5,PC,NGC,0.0,Jiang2015,"We assume that SBC-like cells correspond to SAC, eNGCs to NGC-DA or NGC-SA, HECs to NBCs, BCs to LBCs SCs to SBCs (small basket), BPCs to BP (bipolar) and DC to BP as well",75,VISp
63,L23,L5,PC,LBC,0.0793650793650793,Jiang2015,"We assume that SBC-like cells correspond to SAC, eNGCs to NGC-DA or NGC-SA, HECs to NBCs, BCs to LBCs SCs to SBCs (small basket), BPCs to BP (bipolar) and DC to BP as well",75,VISp
35,L23,L5,PC,SBC,0.0,Jiang2015,"We assume that SBC-like cells correspond to SAC, eNGCs to NGC-DA or NGC-SA, HECs to NBCs, BCs to LBCs SCs to SBCs (small basket), BPCs to BP (bipolar) and DC to BP as well",75,VISp
40,L23,L5,PC,NBC,0.075,Jiang2015,"We assume that SBC-like cells correspond to SAC, eNGCs to NGC-DA or NGC-SA, HECs to NBCs, BCs to LBCs SCs to SBCs (small basket), BPCs to BP (bipolar) and DC to BP as well",75,VISp
19,L23,L5,PC,BP,0.157894736842105,Jiang2015,"We assume that SBC-like cells correspond to SAC, eNGCs to NGC-DA or NGC-SA, HECs to NBCs, BCs to LBCs SCs to SBCs (small basket), BPCs to BP (bipolar) and DC to BP as well",75,VISp
149,L23,L5,PC,PC,0.0402684563758389,Jiang2015,"We assume that SBC-like cells correspond to SAC, eNGCs to NGC-DA or NGC-SA, HECs to NBCs, BCs to LBCs SCs to SBCs (small basket), BPCs to BP (bipolar) and DC to BP as well",75,VISp
43,L5,L1,MC,SAC,0.27906976744186,Jiang2015,"We assume that SBC-like cells correspond to SAC, eNGCs to NGC-DA or NGC-SA, HECs to NBCs, BCs to LBCs SCs to SBCs (small basket), BPCs to BP (bipolar) and DC to BP as well",75,VISp
51,L5,L1,MC,NGC,0.254901960784314,Jiang2015,"We assume that SBC-like cells correspond to SAC, eNGCs to NGC-DA or NGC-SA, HECs to NBCs, BCs to LBCs SCs to SBCs (small basket), BPCs to BP (bipolar) and DC to BP as well",75,VISp
133,L5,L23,MC,MC,0.0,Jiang2015,"We assume that SBC-like cells correspond to SAC, eNGCs to NGC-DA or NGC-SA, HECs to NBCs, BCs to LBCs SCs to SBCs (small basket), BPCs to BP (bipolar) and DC to BP as well",75,VISp
44,L5,L23,MC,NGC,0.25,Jiang2015,"We assume that SBC-like cells correspond to SAC, eNGCs to NGC-DA or NGC-SA, HECs to NBCs, BCs to LBCs SCs to SBCs (small basket), BPCs to BP (bipolar) and DC to BP as well",75,VISp
64,L5,L23,MC,BTC,0.296875,Jiang2015,"We assume that SBC-like cells correspond to SAC, eNGCs to NGC-DA or NGC-SA, HECs to NBCs, BCs to LBCs SCs to SBCs (small basket), BPCs to BP (bipolar) and DC to BP as well",75,VISp
29,L5,L23,MC,BP,0.310344827586207,Jiang2015,"We assume that SBC-like cells correspond to SAC, eNGCs to NGC-DA or NGC-SA, HECs to NBCs, BCs to LBCs SCs to SBCs (small basket), BPCs to BP (bipolar) and DC to BP as well",75,VISp
30,L5,L23,MC,DBC,0.3,Jiang2015,"We assume that SBC-like cells correspond to SAC, eNGCs to NGC-DA or NGC-SA, HECs to NBCs, BCs to LBCs SCs to SBCs (small basket), BPCs to BP (bipolar) and DC to BP as well",75,VISp
123,L5,L23,MC,LBC,0.252032520325203,Jiang2015,"We assume that SBC-like cells correspond to SAC, eNGCs to NGC-DA or NGC-SA, HECs to NBCs, BCs to LBCs SCs to SBCs (small basket), BPCs to BP (bipolar) and DC to BP as well",75,VISp
11,L5,L23,MC,CHC,0.272727272727273,Jiang2015,"We assume that SBC-like cells correspond to SAC, eNGCs to NGC-DA or NGC-SA, HECs to NBCs, BCs to LBCs SCs to SBCs (small basket), BPCs to BP (bipolar) and DC to BP as well",75,VISp
100,L5,L23,MC,PC,0.21,Jiang2015,"We assume that SBC-like cells correspond to SAC, eNGCs to NGC-DA or NGC-SA, HECs to NBCs, BCs to LBCs SCs to SBCs (small basket), BPCs to BP (bipolar) and DC to BP as well",75,VISp
92,L5,L5,MC,MC,0.0,Jiang2015,"We assume that SBC-like cells correspond to SAC, eNGCs to NGC-DA or NGC-SA, HECs to NBCs, BCs to LBCs SCs to SBCs (small basket), BPCs to BP (bipolar) and DC to BP as well",75,VISp
11,L5,L5,MC,NGC,0.363636363636364,Jiang2015,"We assume that SBC-like cells correspond to SAC, eNGCs to NGC-DA or NGC-SA, HECs to NBCs, BCs to LBCs SCs to SBCs (small basket), BPCs to BP (bipolar) and DC to BP as well",75,VISp
75,L5,L5,MC,LBC,0.346666666666667,Jiang2015,"We assume that SBC-like cells correspond to SAC, eNGCs to NGC-DA or NGC-SA, HECs to NBCs, BCs to LBCs SCs to SBCs (small basket), BPCs to BP (bipolar) and DC to BP as well",75,VISp
44,L5,L5,MC,SBC,0.340909090909091,Jiang2015,"We assume that SBC-like cells correspond to SAC, eNGCs to NGC-DA or NGC-SA, HECs to NBCs, BCs to LBCs SCs to SBCs (small basket), BPCs to BP (bipolar) and DC to BP as well",75,VISp
33,L5,L5,MC,NBC,0.333333333333333,Jiang2015,"We assume that SBC-like cells correspond to SAC, eNGCs to NGC-DA or NGC-SA, HECs to NBCs, BCs to LBCs SCs to SBCs (small basket), BPCs to BP (bipolar) and DC to BP as well",75,VISp
23,L5,L5,MC,BP,0.347826086956522,Jiang2015,"We assume that SBC-like cells correspond to SAC, eNGCs to NGC-DA or NGC-SA, HECs to NBCs, BCs to LBCs SCs to SBCs (small basket), BPCs to BP (bipolar) and DC to BP as well",75,VISp
114,L5,L5,MC,PC,0.210526315789474,Jiang2015,"We assume that SBC-like cells correspond to SAC, eNGCs to NGC-DA or NGC-SA, HECs to NBCs, BCs to LBCs SCs to SBCs (small basket), BPCs to BP (bipolar) and DC to BP as well",75,VISp
12,L5,L1,NGC,SAC,0.0,Jiang2015,"We assume that SBC-like cells correspond to SAC, eNGCs to NGC-DA or NGC-SA, HECs to NBCs, BCs to LBCs SCs to SBCs (small basket), BPCs to BP (bipolar) and DC to BP as well",75,VISp
7,L5,L1,NGC,NGC,0.0,Jiang2015,"We assume that SBC-like cells correspond to SAC, eNGCs to NGC-DA or NGC-SA, HECs to NBCs, BCs to LBCs SCs to SBCs (small basket), BPCs to BP (bipolar) and DC to BP as well",75,VISp
22,L5,L23,NGC,MC,0.272727272727273,Jiang2015,"We assume that SBC-like cells correspond to SAC, eNGCs to NGC-DA or NGC-SA, HECs to NBCs, BCs to LBCs SCs to SBCs (small basket), BPCs to BP (bipolar) and DC to BP as well",75,VISp
13,L5,L23,NGC,NGC,0.307692307692308,Jiang2015,"We assume that SBC-like cells correspond to SAC, eNGCs to NGC-DA or NGC-SA, HECs to NBCs, BCs to LBCs SCs to SBCs (small basket), BPCs to BP (bipolar) and DC to BP as well",75,VISp
9,L5,L23,NGC,BTC,0.333333333333333,Jiang2015,"We assume that SBC-like cells correspond to SAC, eNGCs to NGC-DA or NGC-SA, HECs to NBCs, BCs to LBCs SCs to SBCs (small basket), BPCs to BP (bipolar) and DC to BP as well",75,VISp
10,L5,L23,NGC,BP,0.3,Jiang2015,"We assume that SBC-like cells correspond to SAC, eNGCs to NGC-DA or NGC-SA, HECs to NBCs, BCs to LBCs SCs to SBCs (small basket), BPCs to BP (bipolar) and DC to BP as well",75,VISp
7,L5,L23,NGC,DBC,0.285714285714286,Jiang2015,"We assume that SBC-like cells correspond to SAC, eNGCs to NGC-DA or NGC-SA, HECs to NBCs, BCs to LBCs SCs to SBCs (small basket), BPCs to BP (bipolar) and DC to BP as well",75,VISp
18,L5,L23,NGC,LBC,0.333333333333333,Jiang2015,"We assume that SBC-like cells correspond to SAC, eNGCs to NGC-DA or NGC-SA, HECs to NBCs, BCs to LBCs SCs to SBCs (small basket), BPCs to BP (bipolar) and DC to BP as well",75,VISp
7,L5,L23,NGC,CHC,0.285714285714286,Jiang2015,"We assume that SBC-like cells correspond to SAC, eNGCs to NGC-DA or NGC-SA, HECs to NBCs, BCs to LBCs SCs to SBCs (small basket), BPCs to BP (bipolar) and DC to BP as well",75,VISp
10,L5,L23,NGC,PC,0.3,Jiang2015,"We assume that SBC-like cells correspond to SAC, eNGCs to NGC-DA or NGC-SA, HECs to NBCs, BCs to LBCs SCs to SBCs (small basket), BPCs to BP (bipolar) and DC to BP as well",75,VISp
11,L5,L5,NGC,MC,0.545454545454545,Jiang2015,"We assume that SBC-like cells correspond to SAC, eNGCs to NGC-DA or NGC-SA, HECs to NBCs, BCs to LBCs SCs to SBCs (small basket), BPCs to BP (bipolar) and DC to BP as well",75,VISp
6,L5,L5,NGC,NGC,0.666666666666667,Jiang2015,"We assume that SBC-like cells correspond to SAC, eNGCs to NGC-DA or NGC-SA, HECs to NBCs, BCs to LBCs SCs to SBCs (small basket), BPCs to BP (bipolar) and DC to BP as well",75,VISp
15,L5,L5,NGC,LBC,0.666666666666667,Jiang2015,"We assume that SBC-like cells correspond to SAC, eNGCs to NGC-DA or NGC-SA, HECs to NBCs, BCs to LBCs SCs to SBCs (small basket), BPCs to BP (bipolar) and DC to BP as well",75,VISp
8,L5,L5,NGC,SBC,0.625,Jiang2015,"We assume that SBC-like cells correspond to SAC, eNGCs to NGC-DA or NGC-SA, HECs to NBCs, BCs to LBCs SCs to SBCs (small basket), BPCs to BP (bipolar) and DC to BP as well",75,VISp
8,L5,L5,NGC,NBC,0.625,Jiang2015,"We assume that SBC-like cells correspond to SAC, eNGCs to NGC-DA or NGC-SA, HECs to NBCs, BCs to LBCs SCs to SBCs (small basket), BPCs to BP (bipolar) and DC to BP as well",75,VISp
10,L5,L5,NGC,BP,0.6,Jiang2015,"We assume that SBC-like cells correspond to SAC, eNGCs to NGC-DA or NGC-SA, HECs to NBCs, BCs to LBCs SCs to SBCs (small basket), BPCs to BP (bipolar) and DC to BP as well",75,VISp
11,L5,L5,NGC,PC,0.636363636363636,Jiang2015,"We assume that SBC-like cells correspond to SAC, eNGCs to NGC-DA or NGC-SA, HECs to NBCs, BCs to LBCs SCs to SBCs (small basket), BPCs to BP (bipolar) and DC to BP as well",75,VISp
53,L5,L1,LBC,SAC,0.0,Jiang2015,"We assume that SBC-like cells correspond to SAC, eNGCs to NGC-DA or NGC-SA, HECs to NBCs, BCs to LBCs SCs to SBCs (small basket), BPCs to BP (bipolar) and DC to BP as well",75,VISp
51,L5,L1,LBC,NGC,0.0,Jiang2015,"We assume that SBC-like cells correspond to SAC, eNGCs to NGC-DA or NGC-SA, HECs to NBCs, BCs to LBCs SCs to SBCs (small basket), BPCs to BP (bipolar) and DC to BP as well",75,VISp
40,L5,L23,LBC,MC,0.025,Jiang2015,"We assume that SBC-like cells correspond to SAC, eNGCs to NGC-DA or NGC-SA, HECs to NBCs, BCs to LBCs SCs to SBCs (small basket), BPCs to BP (bipolar) and DC to BP as well",75,VISp
51,L5,L23,LBC,NGC,0.0196078431372549,Jiang2015,"We assume that SBC-like cells correspond to SAC, eNGCs to NGC-DA or NGC-SA, HECs to NBCs, BCs to LBCs SCs to SBCs (small basket), BPCs to BP (bipolar) and DC to BP as well",75,VISp
62,L5,L23,LBC,BTC,0.032258064516129,Jiang2015,"We assume that SBC-like cells correspond to SAC, eNGCs to NGC-DA or NGC-SA, HECs to NBCs, BCs to LBCs SCs to SBCs (small basket), BPCs to BP (bipolar) and DC to BP as well",75,VISp
35,L5,L23,LBC,BP,0.0,Jiang2015,"We assume that SBC-like cells correspond to SAC, eNGCs to NGC-DA or NGC-SA, HECs to NBCs, BCs to LBCs SCs to SBCs (small basket), BPCs to BP (bipolar) and DC to BP as well",75,VISp
10,L5,L23,LBC,DBC,0.0,Jiang2015,"We assume that SBC-like cells correspond to SAC, eNGCs to NGC-DA or NGC-SA, HECs to NBCs, BCs to LBCs SCs to SBCs (small basket), BPCs to BP (bipolar) and DC to BP as well",75,VISp
110,L5,L23,LBC,LBC,0.218181818181818,Jiang2015,"We assume that SBC-like cells correspond to SAC, eNGCs to NGC-DA or NGC-SA, HECs to NBCs, BCs to LBCs SCs to SBCs (small basket), BPCs to BP (bipolar) and DC to BP as well",75,VISp
11,L5,L23,LBC,CHC,0.0,Jiang2015,"We assume that SBC-like cells correspond to SAC, eNGCs to NGC-DA or NGC-SA, HECs to NBCs, BCs to LBCs SCs to SBCs (small basket), BPCs to BP (bipolar) and DC to BP as well",75,VISp
69,L5,L23,LBC,PC,0.101449275362319,Jiang2015,"We assume that SBC-like cells correspond to SAC, eNGCs to NGC-DA or NGC-SA, HECs to NBCs, BCs to LBCs SCs to SBCs (small basket), BPCs to BP (bipolar) and DC to BP as well",75,VISp
76,L5,L5,LBC,MC,0.157894736842105,Jiang2015,"We assume that SBC-like cells correspond to SAC, eNGCs to NGC-DA or NGC-SA, HECs to NBCs, BCs to LBCs SCs to SBCs (small basket), BPCs to BP (bipolar) and DC to BP as well",75,VISp
20,L5,L5,LBC,NGC,0.15,Jiang2015,"We assume that SBC-like cells correspond to SAC, eNGCs to NGC-DA or NGC-SA, HECs to NBCs, BCs to LBCs SCs to SBCs (small basket), BPCs to BP (bipolar) and DC to BP as well",75,VISp
67,L5,L5,LBC,LBC,0.477611940298507,Jiang2015,"We assume that SBC-like cells correspond to SAC, eNGCs to NGC-DA or NGC-SA, HECs to NBCs, BCs to LBCs SCs to SBCs (small basket), BPCs to BP (bipolar) and DC to BP as well",75,VISp
32,L5,L5,LBC,SBC,0.125,Jiang2015,"We assume that SBC-like cells correspond to SAC, eNGCs to NGC-DA or NGC-SA, HECs to NBCs, BCs to LBCs SCs to SBCs (small basket), BPCs to BP (bipolar) and DC to BP as well",75,VISp
26,L5,L5,LBC,NBC,0.0384615384615384,Jiang2015,"We assume that SBC-like cells correspond to SAC, eNGCs to NGC-DA or NGC-SA, HECs to NBCs, BCs to LBCs SCs to SBCs (small basket), BPCs to BP (bipolar) and DC to BP as well",75,VISp
22,L5,L5,LBC,BP,0.0,Jiang2015,"We assume that SBC-like cells correspond to SAC, eNGCs to NGC-DA or NGC-SA, HECs to NBCs, BCs to LBCs SCs to SBCs (small basket), BPCs to BP (bipolar) and DC to BP as well",75,VISp
132,L5,L5,LBC,PC,0.25,Jiang2015,"We assume that SBC-like cells correspond to SAC, eNGCs to NGC-DA or NGC-SA, HECs to NBCs, BCs to LBCs SCs to SBCs (small basket), BPCs to BP (bipolar) and DC to BP as well",75,VISp
34,L5,L1,SBC,SAC,0.0,Jiang2015,"We assume that SBC-like cells correspond to SAC, eNGCs to NGC-DA or NGC-SA, HECs to NBCs, BCs to LBCs SCs to SBCs (small basket), BPCs to BP (bipolar) and DC to BP as well",75,VISp
26,L5,L1,SBC,NGC,0.0,Jiang2015,"We assume that SBC-like cells correspond to SAC, eNGCs to NGC-DA or NGC-SA, HECs to NBCs, BCs to LBCs SCs to SBCs (small basket), BPCs to BP (bipolar) and DC to BP as well",75,VISp
16,L5,L23,SBC,MC,0.0,Jiang2015,"We assume that SBC-like cells correspond to SAC, eNGCs to NGC-DA or NGC-SA, HECs to NBCs, BCs to LBCs SCs to SBCs (small basket), BPCs to BP (bipolar) and DC to BP as well",75,VISp
35,L5,L23,SBC,NGC,0.0,Jiang2015,"We assume that SBC-like cells correspond to SAC, eNGCs to NGC-DA or NGC-SA, HECs to NBCs, BCs to LBCs SCs to SBCs (small basket), BPCs to BP (bipolar) and DC to BP as well",75,VISp
32,L5,L23,SBC,BTC,0.0,Jiang2015,"We assume that SBC-like cells correspond to SAC, eNGCs to NGC-DA or NGC-SA, HECs to NBCs, BCs to LBCs SCs to SBCs (small basket), BPCs to BP (bipolar) and DC to BP as well",75,VISp
33,L5,L23,SBC,BP,0.0,Jiang2015,"We assume that SBC-like cells correspond to SAC, eNGCs to NGC-DA or NGC-SA, HECs to NBCs, BCs to LBCs SCs to SBCs (small basket), BPCs to BP (bipolar) and DC to BP as well",75,VISp
7,L5,L23,SBC,DBC,0.0,Jiang2015,"We assume that SBC-like cells correspond to SAC, eNGCs to NGC-DA or NGC-SA, HECs to NBCs, BCs to LBCs SCs to SBCs (small basket), BPCs to BP (bipolar) and DC to BP as well",75,VISp
52,L5,L23,SBC,LBC,0.0,Jiang2015,"We assume that SBC-like cells correspond to SAC, eNGCs to NGC-DA or NGC-SA, HECs to NBCs, BCs to LBCs SCs to SBCs (small basket), BPCs to BP (bipolar) and DC to BP as well",75,VISp
6,L5,L23,SBC,CHC,0.0,Jiang2015,"We assume that SBC-like cells correspond to SAC, eNGCs to NGC-DA or NGC-SA, HECs to NBCs, BCs to LBCs SCs to SBCs (small basket), BPCs to BP (bipolar) and DC to BP as well",75,VISp
35,L5,L23,SBC,PC,0.0,Jiang2015,"We assume that SBC-like cells correspond to SAC, eNGCs to NGC-DA or NGC-SA, HECs to NBCs, BCs to LBCs SCs to SBCs (small basket), BPCs to BP (bipolar) and DC to BP as well",75,VISp
44,L5,L5,SBC,MC,0.0,Jiang2015,"We assume that SBC-like cells correspond to SAC, eNGCs to NGC-DA or NGC-SA, HECs to NBCs, BCs to LBCs SCs to SBCs (small basket), BPCs to BP (bipolar) and DC to BP as well",75,VISp
8,L5,L5,SBC,NGC,0.125,Jiang2015,"We assume that SBC-like cells correspond to SAC, eNGCs to NGC-DA or NGC-SA, HECs to NBCs, BCs to LBCs SCs to SBCs (small basket), BPCs to BP (bipolar) and DC to BP as well",75,VISp
31,L5,L5,SBC,LBC,0.032258064516129,Jiang2015,"We assume that SBC-like cells correspond to SAC, eNGCs to NGC-DA or NGC-SA, HECs to NBCs, BCs to LBCs SCs to SBCs (small basket), BPCs to BP (bipolar) and DC to BP as well",75,VISp
24,L5,L5,SBC,SBC,0.625,Jiang2015,"We assume that SBC-like cells correspond to SAC, eNGCs to NGC-DA or NGC-SA, HECs to NBCs, BCs to LBCs SCs to SBCs (small basket), BPCs to BP (bipolar) and DC to BP as well",75,VISp
14,L5,L5,SBC,NBC,0.0,Jiang2015,"We assume that SBC-like cells correspond to SAC, eNGCs to NGC-DA or NGC-SA, HECs to NBCs, BCs to LBCs SCs to SBCs (small basket), BPCs to BP (bipolar) and DC to BP as well",75,VISp
10,L5,L5,SBC,BP,0.0,Jiang2015,"We assume that SBC-like cells correspond to SAC, eNGCs to NGC-DA or NGC-SA, HECs to NBCs, BCs to LBCs SCs to SBCs (small basket), BPCs to BP (bipolar) and DC to BP as well",75,VISp
53,L5,L5,SBC,PC,0.30188679245283,Jiang2015,"We assume that SBC-like cells correspond to SAC, eNGCs to NGC-DA or NGC-SA, HECs to NBCs, BCs to LBCs SCs to SBCs (small basket), BPCs to BP (bipolar) and DC to BP as well",75,VISp
21,L5,L1,NBC,SAC,0.0,Jiang2015,"We assume that SBC-like cells correspond to SAC, eNGCs to NGC-DA or NGC-SA, HECs to NBCs, BCs to LBCs SCs to SBCs (small basket), BPCs to BP (bipolar) and DC to BP as well",75,VISp
19,L5,L1,NBC,NGC,0.0,Jiang2015,"We assume that SBC-like cells correspond to SAC, eNGCs to NGC-DA or NGC-SA, HECs to NBCs, BCs to LBCs SCs to SBCs (small basket), BPCs to BP (bipolar) and DC to BP as well",75,VISp
13,L5,L23,NBC,MC,0.0,Jiang2015,"We assume that SBC-like cells correspond to SAC, eNGCs to NGC-DA or NGC-SA, HECs to NBCs, BCs to LBCs SCs to SBCs (small basket), BPCs to BP (bipolar) and DC to BP as well",75,VISp
30,L5,L23,NBC,NGC,0.0,Jiang2015,"We assume that SBC-like cells correspond to SAC, eNGCs to NGC-DA or NGC-SA, HECs to NBCs, BCs to LBCs SCs to SBCs (small basket), BPCs to BP (bipolar) and DC to BP as well",75,VISp
18,L5,L23,NBC,BTC,0.0,Jiang2015,"We assume that SBC-like cells correspond to SAC, eNGCs to NGC-DA or NGC-SA, HECs to NBCs, BCs to LBCs SCs to SBCs (small basket), BPCs to BP (bipolar) and DC to BP as well",75,VISp
17,L5,L23,NBC,BP,0.0,Jiang2015,"We assume that SBC-like cells correspond to SAC, eNGCs to NGC-DA or NGC-SA, HECs to NBCs, BCs to LBCs SCs to SBCs (small basket), BPCs to BP (bipolar) and DC to BP as well",75,VISp
10,L5,L23,NBC,DBC,0.0,Jiang2015,"We assume that SBC-like cells correspond to SAC, eNGCs to NGC-DA or NGC-SA, HECs to NBCs, BCs to LBCs SCs to SBCs (small basket), BPCs to BP (bipolar) and DC to BP as well",75,VISp
72,L5,L23,NBC,LBC,0.0,Jiang2015,"We assume that SBC-like cells correspond to SAC, eNGCs to NGC-DA or NGC-SA, HECs to NBCs, BCs to LBCs SCs to SBCs (small basket), BPCs to BP (bipolar) and DC to BP as well",75,VISp
4,L5,L23,NBC,CHC,0.0,Jiang2015,"We assume that SBC-like cells correspond to SAC, eNGCs to NGC-DA or NGC-SA, HECs to NBCs, BCs to LBCs SCs to SBCs (small basket), BPCs to BP (bipolar) and DC to BP as well",75,VISp
40,L5,L23,NBC,PC,0.0,Jiang2015,"We assume that SBC-like cells correspond to SAC, eNGCs to NGC-DA or NGC-SA, HECs to NBCs, BCs to LBCs SCs to SBCs (small basket), BPCs to BP (bipolar) and DC to BP as well",75,VISp
33,L5,L5,NBC,MC,0.0,Jiang2015,"We assume that SBC-like cells correspond to SAC, eNGCs to NGC-DA or NGC-SA, HECs to NBCs, BCs to LBCs SCs to SBCs (small basket), BPCs to BP (bipolar) and DC to BP as well",75,VISp
8,L5,L5,NBC,NGC,0.0,Jiang2015,"We assume that SBC-like cells correspond to SAC, eNGCs to NGC-DA or NGC-SA, HECs to NBCs, BCs to LBCs SCs to SBCs (small basket), BPCs to BP (bipolar) and DC to BP as well",75,VISp
26,L5,L5,NBC,LBC,0.0,Jiang2015,"We assume that SBC-like cells correspond to SAC, eNGCs to NGC-DA or NGC-SA, HECs to NBCs, BCs to LBCs SCs to SBCs (small basket), BPCs to BP (bipolar) and DC to BP as well",75,VISp
16,L5,L5,NBC,SBC,0.0,Jiang2015,"We assume that SBC-like cells correspond to SAC, eNGCs to NGC-DA or NGC-SA, HECs to NBCs, BCs to LBCs SCs to SBCs (small basket), BPCs to BP (bipolar) and DC to BP as well",75,VISp
22,L5,L5,NBC,NBC,0.5,Jiang2015,"We assume that SBC-like cells correspond to SAC, eNGCs to NGC-DA or NGC-SA, HECs to NBCs, BCs to LBCs SCs to SBCs (small basket), BPCs to BP (bipolar) and DC to BP as well",75,VISp
10,L5,L5,NBC,BP,0.0,Jiang2015,"We assume that SBC-like cells correspond to SAC, eNGCs to NGC-DA or NGC-SA, HECs to NBCs, BCs to LBCs SCs to SBCs (small basket), BPCs to BP (bipolar) and DC to BP as well",75,VISp
53,L5,L5,NBC,PC,0.30188679245283,Jiang2015,"We assume that SBC-like cells correspond to SAC, eNGCs to NGC-DA or NGC-SA, HECs to NBCs, BCs to LBCs SCs to SBCs (small basket), BPCs to BP (bipolar) and DC to BP as well",75,VISp
18,L5,L1,BP,SAC,0.0,Jiang2015,"We assume that SBC-like cells correspond to SAC, eNGCs to NGC-DA or NGC-SA, HECs to NBCs, BCs to LBCs SCs to SBCs (small basket), BPCs to BP (bipolar) and DC to BP as well",75,VISp
18,L5,L1,BP,NGC,0.0,Jiang2015,"We assume that SBC-like cells correspond to SAC, eNGCs to NGC-DA or NGC-SA, HECs to NBCs, BCs to LBCs SCs to SBCs (small basket), BPCs to BP (bipolar) and DC to BP as well",75,VISp
12,L5,L23,BP,MC,0.0,Jiang2015,"We assume that SBC-like cells correspond to SAC, eNGCs to NGC-DA or NGC-SA, HECs to NBCs, BCs to LBCs SCs to SBCs (small basket), BPCs to BP (bipolar) and DC to BP as well",75,VISp
18,L5,L23,BP,NGC,0.0,Jiang2015,"We assume that SBC-like cells correspond to SAC, eNGCs to NGC-DA or NGC-SA, HECs to NBCs, BCs to LBCs SCs to SBCs (small basket), BPCs to BP (bipolar) and DC to BP as well",75,VISp
15,L5,L23,BP,BTC,0.0,Jiang2015,"We assume that SBC-like cells correspond to SAC, eNGCs to NGC-DA or NGC-SA, HECs to NBCs, BCs to LBCs SCs to SBCs (small basket), BPCs to BP (bipolar) and DC to BP as well",75,VISp
17,L5,L23,BP,BP,0.0,Jiang2015,"We assume that SBC-like cells correspond to SAC, eNGCs to NGC-DA or NGC-SA, HECs to NBCs, BCs to LBCs SCs to SBCs (small basket), BPCs to BP (bipolar) and DC to BP as well",75,VISp
6,L5,L23,BP,DBC,0.0,Jiang2015,"We assume that SBC-like cells correspond to SAC, eNGCs to NGC-DA or NGC-SA, HECs to NBCs, BCs to LBCs SCs to SBCs (small basket), BPCs to BP (bipolar) and DC to BP as well",75,VISp
24,L5,L23,BP,LBC,0.0,Jiang2015,"We assume that SBC-like cells correspond to SAC, eNGCs to NGC-DA or NGC-SA, HECs to NBCs, BCs to LBCs SCs to SBCs (small basket), BPCs to BP (bipolar) and DC to BP as well",75,VISp
8,L5,L23,BP,CHC,0.0,Jiang2015,"We assume that SBC-like cells correspond to SAC, eNGCs to NGC-DA or NGC-SA, HECs to NBCs, BCs to LBCs SCs to SBCs (small basket), BPCs to BP (bipolar) and DC to BP as well",75,VISp
19,L5,L23,BP,PC,0.0,Jiang2015,"We assume that SBC-like cells correspond to SAC, eNGCs to NGC-DA or NGC-SA, HECs to NBCs, BCs to LBCs SCs to SBCs (small basket), BPCs to BP (bipolar) and DC to BP as well",75,VISp
24,L5,L5,BP,MC,0.0833333333333333,Jiang2015,"We assume that SBC-like cells correspond to SAC, eNGCs to NGC-DA or NGC-SA, HECs to NBCs, BCs to LBCs SCs to SBCs (small basket), BPCs to BP (bipolar) and DC to BP as well",75,VISp
9,L5,L5,BP,NGC,0.0,Jiang2015,"We assume that SBC-like cells correspond to SAC, eNGCs to NGC-DA or NGC-SA, HECs to NBCs, BCs to LBCs SCs to SBCs (small basket), BPCs to BP (bipolar) and DC to BP as well",75,VISp
22,L5,L5,BP,LBC,0.0,Jiang2015,"We assume that SBC-like cells correspond to SAC, eNGCs to NGC-DA or NGC-SA, HECs to NBCs, BCs to LBCs SCs to SBCs (small basket), BPCs to BP (bipolar) and DC to BP as well",75,VISp
11,L5,L5,BP,SBC,0.0,Jiang2015,"We assume that SBC-like cells correspond to SAC, eNGCs to NGC-DA or NGC-SA, HECs to NBCs, BCs to LBCs SCs to SBCs (small basket), BPCs to BP (bipolar) and DC to BP as well",75,VISp
6,L5,L5,BP,NBC,0.0,Jiang2015,"We assume that SBC-like cells correspond to SAC, eNGCs to NGC-DA or NGC-SA, HECs to NBCs, BCs to LBCs SCs to SBCs (small basket), BPCs to BP (bipolar) and DC to BP as well",75,VISp
11,L5,L5,BP,BP,0.0,Jiang2015,"We assume that SBC-like cells correspond to SAC, eNGCs to NGC-DA or NGC-SA, HECs to NBCs, BCs to LBCs SCs to SBCs (small basket), BPCs to BP (bipolar) and DC to BP as well",75,VISp
27,L5,L5,BP,PC,0.0,Jiang2015,"We assume that SBC-like cells correspond to SAC, eNGCs to NGC-DA or NGC-SA, HECs to NBCs, BCs to LBCs SCs to SBCs (small basket), BPCs to BP (bipolar) and DC to BP as well",75,VISp
67,L5,L1,PC,SAC,0.0,Jiang2015,"We assume that SBC-like cells correspond to SAC, eNGCs to NGC-DA or NGC-SA, HECs to NBCs, BCs to LBCs SCs to SBCs (small basket), BPCs to BP (bipolar) and DC to BP as well",75,VISp
60,L5,L1,PC,NGC,0.0166666666666666,Jiang2015,"We assume that SBC-like cells correspond to SAC, eNGCs to NGC-DA or NGC-SA, HECs to NBCs, BCs to LBCs SCs to SBCs (small basket), BPCs to BP (bipolar) and DC to BP as well",75,VISp
74,L5,L23,PC,MC,0.0,Jiang2015,"We assume that SBC-like cells correspond to SAC, eNGCs to NGC-DA or NGC-SA, HECs to NBCs, BCs to LBCs SCs to SBCs (small basket), BPCs to BP (bipolar) and DC to BP as well",75,VISp
74,L5,L23,PC,NGC,0.027027027027027,Jiang2015,"We assume that SBC-like cells correspond to SAC, eNGCs to NGC-DA or NGC-SA, HECs to NBCs, BCs to LBCs SCs to SBCs (small basket), BPCs to BP (bipolar) and DC to BP as well",75,VISp
73,L5,L23,PC,BTC,0.0,Jiang2015,"We assume that SBC-like cells correspond to SAC, eNGCs to NGC-DA or NGC-SA, HECs to NBCs, BCs to LBCs SCs to SBCs (small basket), BPCs to BP (bipolar) and DC to BP as well",75,VISp
65,L5,L23,PC,BP,0.0,Jiang2015,"We assume that SBC-like cells correspond to SAC, eNGCs to NGC-DA or NGC-SA, HECs to NBCs, BCs to LBCs SCs to SBCs (small basket), BPCs to BP (bipolar) and DC to BP as well",75,VISp
34,L5,L23,PC,DBC,0.0,Jiang2015,"We assume that SBC-like cells correspond to SAC, eNGCs to NGC-DA or NGC-SA, HECs to NBCs, BCs to LBCs SCs to SBCs (small basket), BPCs to BP (bipolar) and DC to BP as well",75,VISp
173,L5,L23,PC,LBC,0.0289017341040462,Jiang2015,"We assume that SBC-like cells correspond to SAC, eNGCs to NGC-DA or NGC-SA, HECs to NBCs, BCs to LBCs SCs to SBCs (small basket), BPCs to BP (bipolar) and DC to BP as well",75,VISp
14,L5,L23,PC,CHC,0.0,Jiang2015,"We assume that SBC-like cells correspond to SAC, eNGCs to NGC-DA or NGC-SA, HECs to NBCs, BCs to LBCs SCs to SBCs (small basket), BPCs to BP (bipolar) and DC to BP as well",75,VISp
149,L5,L23,PC,PC,0.0,Jiang2015,"We assume that SBC-like cells correspond to SAC, eNGCs to NGC-DA or NGC-SA, HECs to NBCs, BCs to LBCs SCs to SBCs (small basket), BPCs to BP (bipolar) and DC to BP as well",75,VISp
102,L5,L5,PC,MC,0.0784313725490196,Jiang2015,"We assume that SBC-like cells correspond to SAC, eNGCs to NGC-DA or NGC-SA, HECs to NBCs, BCs to LBCs SCs to SBCs (small basket), BPCs to BP (bipolar) and DC to BP as well",75,VISp
12,L5,L5,PC,NGC,0.0,Jiang2015,"We assume that SBC-like cells correspond to SAC, eNGCs to NGC-DA or NGC-SA, HECs to NBCs, BCs to LBCs SCs to SBCs (small basket), BPCs to BP (bipolar) and DC to BP as well",75,VISp
115,L5,L5,PC,LBC,0.11304347826087,Jiang2015,"We assume that SBC-like cells correspond to SAC, eNGCs to NGC-DA or NGC-SA, HECs to NBCs, BCs to LBCs SCs to SBCs (small basket), BPCs to BP (bipolar) and DC to BP as well",75,VISp
48,L5,L5,PC,SBC,0.0,Jiang2015,"We assume that SBC-like cells correspond to SAC, eNGCs to NGC-DA or NGC-SA, HECs to NBCs, BCs to LBCs SCs to SBCs (small basket), BPCs to BP (bipolar) and DC to BP as well",75,VISp
48,L5,L5,PC,NBC,0.166666666666667,Jiang2015,"We assume that SBC-like cells correspond to SAC, eNGCs to NGC-DA or NGC-SA, HECs to NBCs, BCs to LBCs SCs to SBCs (small basket), BPCs to BP (bipolar) and DC to BP as well",75,VISp
26,L5,L5,PC,BP,0.0,Jiang2015,"We assume that SBC-like cells correspond to SAC, eNGCs to NGC-DA or NGC-SA, HECs to NBCs, BCs to LBCs SCs to SBCs (small basket), BPCs to BP (bipolar) and DC to BP as well",75,VISp
150,L5,L5,PC,PC,0.0,Jiang2015,"We assume that SBC-like cells correspond to SAC, eNGCs to NGC-DA or NGC-SA, HECs to NBCs, BCs to LBCs SCs to SBCs (small basket), BPCs to BP (bipolar) and DC to BP as well",75,VISp
