cell_id,depth (um),Schneider-Mizell type,region
262825,374.743205549537,L4c,VISp
298868,377.83368867378334,L4a,VISp
298828,382.2315837316938,L4a,VISp
298945,382.3273051555263,L4a,VISp
299071,381.5982098941446,L4c,VISp
267207,446.21971811508985,L5b,VISp
294715,219.0175010360028,L3b,VISp
302840,477.20188974539775,L5b,VISp
256304,155.3248259931195,L2a,VISp
292861,123.78771847528296,L2b,VISp
294489,198.42511803465035,L3c,VISp
292708,168.50845384744403,L3a,VISp
299070,379.0925752073165,L4a,VISp
294500,189.048005035682,L3b,VISp
262936,375.2549913645288,L4b,VISp
299075,382.72897663998464,L4c,VISp
262895,376.9678321511744,L4a,VISp
291110,110.61669157621353,L2a,VISp
4,298.57677819713194,L4a,VISp
300823,383.6726069511434,L4a,VISp
264934,380.6342909517968,L4c,VISp
300984,385.1390055467344,L4c,VISp
264822,380.4001319590453,L4b,VISp
300966,385.0920986324182,L4a,VISp
258361,223.86542003961517,L3b,VISp
291342,96.10614296226076,L2b,VISp
256516,174.35537808443385,L3a,VISp
292825,178.79315706894127,L3a,VISp
300796,385.1232254417269,L4a,VISp
260303,310.5407387563056,L4b,VISp
256473,142.44327518714326,L2b,VISp
298899,375.54469874513046,L4c,VISp
300817,387.8798108457912,L4a,VISp
264989,382.0158063016751,L4c,VISp
260263,303.9300955419209,L4b,VISp
300975,388.7237602513964,L5b,VISp
291326,112.7914342269805,L2b,VISp
260743,268.7258067133704,L3c,VISp
260639,263.28575634954547,L3c,VISp
256676,123.49405161296018,L2b,VISp
260552,306.07035876799563,L4a,VISp
291111,118.99505927687925,L2a,VISp
256471,125.03140312257968,L2b,VISp
3,179.15396218163602,L3a,VISp
255221,91.43420498500188,L2b,VISp
264751,386.3643378056088,L4c,VISp
298913,344.9774064208736,L4b,VISp
256530,121.16647848657304,L2a,VISp
296734,295.3383487022761,L4a,VISp
264624,382.6986015150781,L4c,VISp
262821,334.3614934063631,L4a,VISp
260450,269.8232791196264,L4a,VISp
291120,108.58902796789964,L2b,VISp
296800,310.80761386986984,L4a,VISp
260556,301.12998448649086,L4a,VISp
291203,115.5200141496113,L2b,VISp
296730,250.45703735668388,L3c,VISp
292838,128.14648129099888,L2a,VISp
291339,113.7659022380624,L2a,VISp
292740,162.55170438930602,L3b,VISp
292739,184.50305958288504,L4a,VISp
260706,262.3232824273812,L4a,VISp
255289,109.53696469204216,L2a,VISp
260699,311.5568826454303,L4b,VISp
258403,230.47823078427487,L3c,VISp
256339,129.63001854233707,L2b,VISp
296598,285.9988942777524,L3c,VISp
256465,176.07963474122622,L3b,VISp
294589,253.5511330313888,L3c,VISp
256675,172.88857473570317,L3b,VISp
292671,135.00171692311497,L2b,VISp
2,244.3233827756468,L4a,VISp
291333,107.86935451202083,L2b,VISp
291345,123.95973949317134,L2a,VISp
256521,161.37053382244554,L2a,VISp
291112,117.77570973868032,L2b,VISp
294570,245.7021232021684,L3b,VISp
258399,199.97877004617115,L3a,VISp
258375,185.6743462959698,L3b,VISp
294651,219.81801178642968,L3c,VISp
260555,269.63669172940564,L4a,VISp
294661,250.52625614114328,L3b,VISp
296687,305.15236376805336,L4a,VISp
296783,299.54910732550536,L3c,VISp
258319,247.7602489315764,L3a,VISp
260615,272.91884898882535,L4a,VISp
260855,298.13415334472256,L4a,VISp
258150,236.7711033147473,L3b,VISp
260598,289.6821161552927,L4b,VISp
262710,349.45821983416346,L4a,VISp
263078,328.223301124834,L4a,VISp
299056,328.9155181437398,L4b,VISp
296668,316.3863330901222,L4b,VISp
296508,315.5690597895213,L4a,VISp
260625,312.03965135951154,L4a,VISp
260628,314.07985810120346,L4a,VISp
292575,185.6260230090369,L3b,VISp
258166,203.816093953884,L3a,VISp
256650,143.9838636683922,L3a,VISp
256647,171.48766673035897,L3a,VISp
256620,154.67281065776257,L3c,VISp
292664,179.12922231939865,L2b,VISp
296750,311.7331809019919,L4a,VISp
256472,132.03423819404264,L2b,VISp
294591,253.04348016374945,L4a,VISp
260651,304.36555258854645,L4b,VISp
256651,119.83929779186992,L2a,VISp
291311,111.85511601292644,L2a,VISp
291179,116.25575681988302,L2a,VISp
256525,179.49170373978512,L3a,VISp
291341,103.36244321249764,L2b,VISp
258398,221.6671226117193,L3b,VISp
291335,114.47765673049896,L2a,VISp
301192,407.3098090694116,L5a,VISp
258230,199.9485970344625,L3c,VISp
296642,278.59482112253727,L3c,VISp
300986,391.8485493347037,L4a,VISp
301112,393.1228403944152,L5a,VISp
294534,226.12282058394257,L3c,VISp
294359,238.2316926552941,L3b,VISp
296648,265.750264202791,L3c,VISp
296509,274.24845714887874,L4a,VISp
292647,128.39520665608276,L2b,VISp
296386,293.5156248726052,L4a,VISp
294822,217.17677174917225,L3b,VISp
255219,105.68620167522823,L2a,VISp
258390,220.22627285790105,L4a,VISp
262823,327.266173882697,L4a,VISp
256615,179.2453771924848,L3a,VISp
256551,180.869346077386,L3a,VISp
256617,137.72876535611857,L2b,VISp
296513,298.8607919664435,L4a,VISp
292744,130.38810173031885,L2b,VISp
298791,353.6037191546544,L4a,VISp
264893,433.23131912452,L5a,VISp
291334,74.74388479720673,L2a,VISp
294499,218.6023326205664,L3c,VISp
292709,167.5943318597792,L3a,VISp
296611,275.33951343375304,L4a,VISp
296546,309.19624594022395,L4a,VISp
262879,313.9056117311629,L4a,VISp
258363,228.73958122078145,L3c,VISp
260623,267.78708968153285,L3c,VISp
256458,119.18505710436072,L2a,VISp
256657,152.11758112944943,L3a,VISp
296928,274.2735434156348,L3c,VISp
300907,388.2020035864412,L4c,VISp
296615,292.92748164168034,L4a,VISp
260648,311.7541633957061,L4a,VISp
256451,171.14345122895088,L3a,VISp
256331,179.5513850749878,L3b,VISp
260548,276.4068706501777,L3c,VISp
260621,300.8870683764512,L4a,VISp
292871,166.72682767704515,L3a,VISp
256461,168.34524776872095,L3a,VISp
262925,350.1796274196112,L4b,VISp
258232,209.3383109886861,L3a,VISp
262800,323.951069214956,L4a,VISp
292714,136.8979081283519,L3a,VISp
294493,206.6408865229305,L3a,VISp
292856,175.86324991812603,L3b,VISp
292945,139.88079138360243,L3a,VISp
296650,268.4200587659424,L3c,VISp
256422,118.9933543216209,L2b,VISp
260722,251.7626865132124,L3c,VISp
294860,204.8714279070805,L3b,VISp
258285,211.3875639570516,L3c,VISp
298863,335.1535069745768,L4a,VISp
294677,251.82988205871757,L3c,VISp
262655,320.5927858271118,L4a,VISp
292680,143.37121186273836,L3a,VISp
294535,228.34631992234875,L3c,VISp
291124,90.9346731940026,L2a,VISp
291109,118.4085345317691,L2b,VISp
296416,283.27051646831933,L4a,VISp
294684,221.44192284945376,L3c,VISp
296551,262.2443235537227,L3c,VISp
258322,207.3306182546092,L3c,VISp
292648,133.2295417325293,L2b,VISp
262547,328.1253543488492,L4b,VISp
258243,222.285612319984,L3b,VISp
296641,282.1954715759608,L3c,VISp
292842,148.62580209957378,L3a,VISp
258382,208.4488996889482,L3c,VISp
264843,438.6463118691555,L5a,VISp
260603,263.7706639463352,L3c,VISp
298916,323.8819947218173,L4a,VISp
296661,290.489331609743,L4a,VISp
299084,350.2441928598244,L4a,VISp
291099,110.3792956118326,L2a,VISp
298669,347.573068920244,L4b,VISp
256519,140.35003451913897,L2b,VISp
298814,337.73208864007705,L4b,VISp
292659,156.50287523210469,L3a,VISp
256766,133.28159321367502,L2a,VISp
255117,111.69795047675592,L2a,VISp
256517,140.10856342928275,L2a,VISp
294557,207.3885654602429,L3c,VISp
294582,189.9039485302047,L3c,VISp
291177,98.48923582893144,L2a,VISp
262820,328.8417908330987,L4a,VISp
292878,182.9631936117278,L3a,VISp
291175,90.14031862988251,L2a,VISp
292736,164.67797946181918,L3a,VISp
256371,168.45278981583974,L2b,VISp
258290,183.7825771474708,L3c,VISp
294576,204.03880790217823,L3a,VISp
258250,194.42392335999975,L3b,VISp
296628,272.82896546760367,L3b,VISp
260549,294.5192834502291,L3c,VISp
298806,322.4680810080783,L4b,VISp
296554,274.3555944428578,L3c,VISp
296510,297.09078430613306,L4b,VISp
262937,345.027232549867,L4b,VISp
301003,394.39239164043687,L4a,VISp
300931,392.7732782129798,L5b,VISp
301246,396.62375212040826,L4c,VISp
291295,103.31270407969173,L2a,VISp
301224,395.4866848969408,L4c,VISp
262782,326.29104118340047,L4b,VISp
292734,131.2855476372532,L2b,VISp
291119,117.90628616603423,L2b,VISp
260521,281.360973150169,L3c,VISp
256550,155.01133254788047,L2a,VISp
260526,301.28243938328177,L3c,VISp
264719,394.7404801541224,L5a,VISp
264889,392.72209405999047,L4c,VISp
301119,401.58086030452046,L5b,VISp
301220,401.1778016217558,L4c,VISp
260559,282.33136603577566,L4a,VISp
300955,400.8519385087701,L5a,VISp
300958,400.99378651495,L5b,VISp
264928,398.8384078720824,L4c,VISp
301189,400.4241691380786,L4c,VISp
294375,211.1772483240706,L3b,VISp
292676,165.12895667837722,L3a,VISp
296519,293.3992100644441,L4a,VISp
256652,180.23339995642192,L3a,VISp
258372,206.10514170441397,L3c,VISp
255215,113.72838848168246,L2a,VISp
256531,127.4161722969421,L2a,VISp
294669,228.22805534086456,L3b,VISp
296548,274.2162608982157,L4a,VISp
296503,300.1615278436509,L4b,VISp
301240,439.0808151181809,L5b,VISp
294505,217.06492328906975,L3b,VISp
258224,183.35925848108369,L3a,VISp
256532,138.23803670957278,L2b,VISp
258289,242.60507966521945,L3b,VISp
256510,124.11378422821046,L2a,VISp
260643,264.6094687851108,L3c,VISp
262686,332.8976670941869,L4a,VISp
292820,131.03962584309247,L2b,VISp
258299,205.0898937910121,L3a,VISp
256469,119.44794408863744,L2b,VISp
256600,175.24646569186356,L3a,VISp
255214,104.6670521019824,L2b,VISp
256436,144.18819658069768,L2a,VISp
262698,316.6962139849027,L4a,VISp
296742,274.7066886406642,L4b,VISp
256466,154.09241292464873,L3a,VISp
260543,293.8172398726808,L4b,VISp
258113,204.07548403145617,L3b,VISp
262886,326.4169356189416,L4a,VISp
258225,199.19557141712272,L3c,VISp
294584,229.00417316031644,L3b,VISp
256664,153.12730889719236,L3a,VISp
296785,274.08874797686,L4a,VISp
291208,116.36714270496876,L2a,VISp
292829,138.47826489244343,L2b,VISp
296377,280.52609861880416,L4a,VISp
260617,312.0597378775027,L4a,VISp
294579,246.5715058057923,L3c,VISp
260649,273.3759532173796,L3c,VISp
262881,348.2663267329375,L4a,VISp
256423,148.3523952208734,L2a,VISp
262775,325.9269126296326,L4a,VISp
292655,174.94126678889606,L3a,VISp
258316,239.73095218976275,L3b,VISp
300969,392.4081380397347,L5b,VISp
292743,158.73423571207607,L3a,VISp
262959,317.5472442001043,L4b,VISp
256607,124.4046188720435,L2a,VISp
256511,154.83720182159405,L3a,VISp
260647,285.6969036988476,L4a,VISp
296612,278.2308660344008,L4a,VISp
258231,229.58179649681773,L3b,VISp
292727,155.57123900986358,L2a,VISp
292860,166.1953600972018,L3a,VISp
292881,165.74415159313543,L2a,VISp
256609,123.21873713905964,L2a,VISp
292837,147.74520573900116,L2b,VISp
294667,191.00549606193627,L3b,VISp
292577,124.35042850818922,L2a,VISp
292643,180.23640564054296,L3b,VISp
258229,216.15389398171368,L3c,VISp
258213,244.02769267436955,L3c,VISp
258217,235.04511252838608,L3c,VISp
291299,88.29802867911437,L2a,VISp
296788,299.11073106420264,L4b,VISp
291221,71.86507532993721,L2a,VISp
260542,253.2402410438751,L3c,VISp
291316,105.67547914086282,L2b,VISp
260712,251.54520360119145,L4a,VISp
292682,171.02556222629593,L3a,VISp
258402,213.1428317793984,L3b,VISp
260433,277.6326941316354,L3c,VISp
292747,158.41137828321138,L3a,VISp
258277,236.9452053934671,L3c,VISp
256536,123.39783896654444,L2b,VISp
294546,218.14834971988736,L3c,VISp
262816,369.0426670192189,L4c,VISp
262777,345.0857001523945,L4c,VISp
260745,267.81084657185966,L3c,VISp
256597,157.18029511791363,L2b,VISp
262958,373.3692335842717,L4c,VISp
262534,338.02199866062057,L4a,VISp
296739,276.7134275771411,L4a,VISp
264781,381.57425089062,L4c,VISp
291348,121.15679621925142,L2a,VISp
298950,329.73614405972444,L4a,VISp
262682,371.8520842363977,L4c,VISp
256509,165.56585927192995,L2a,VISp
294671,243.26420445773937,L3b,VISp
258284,206.2623364148949,L3b,VISp
258241,200.18605082072065,L3b,VISp
263073,379.2580358125024,L4c,VISp
264888,396.521990680767,L5b,VISp
294536,193.8381211249813,L3b,VISp
292646,145.97765471835132,L2a,VISp
265033,401.4644168487928,L5b,VISp
294583,215.96438737681555,L3b,VISp
260727,249.4467027226032,L4a,VISp
258245,231.7446607024211,L3b,VISp
256444,164.73361484585692,L3a,VISp
258370,220.3292485569611,L3b,VISp
292711,125.67443005314004,L2a,VISp
256669,125.38767053478234,L3a,VISp
258223,227.8158639619824,L3b,VISp
260509,283.5463805134243,L4a,VISp
294547,192.87446211770853,L3b,VISp
256440,154.8099766721295,L3a,VISp
256468,153.51302681101194,L2b,VISp
298704,347.6349177857217,L4c,VISp
260618,276.6110879187291,L3c,VISp
292684,128.88890001772728,L2a,VISp
292737,176.40916822654765,L3a,VISp
301100,404.1225929018557,L5a,VISp
258202,205.71647592835035,L3b,VISp
265055,394.5219856226241,L4c,VISp
294768,219.47483655206543,L3c,VISp
294539,214.37723891251312,L3b,VISp
299042,316.5460422621409,L4b,VISp
296741,295.8961454558612,L4a,VISp
301203,403.49150223833567,L4c,VISp
260632,300.716434556869,L4a,VISp
291214,114.39543223764468,L2b,VISp
258391,196.27615551316455,L2b,VISp
296528,270.520958462314,L3c,VISp
256595,116.8105192417804,L2b,VISp
296806,292.1460457897675,L4a,VISp
292587,162.50852566920267,L2a,VISp
262942,332.12209831919523,L4b,VISp
296724,294.59168138444096,L4a,VISp
291304,117.31513725098834,L2a,VISp
258216,184.2639008413686,L3a,VISp
299072,356.24940989621626,L4c,VISp
294491,232.41366987546067,L3b,VISp
262670,357.6145382747494,L4a,VISp
262813,358.23837466304167,L4a,VISp
299083,341.9781648418445,L4a,VISp
262887,344.2081672978201,L4a,VISp
258209,222.4222292898904,L3b,VISp
294510,240.9536251690347,L3b,VISp
294378,238.5351282543822,L3c,VISp
294543,233.77509870734772,L3b,VISp
258301,208.3541898845929,L3b,VISp
256367,153.8024164346615,L2b,VISp
256606,145.2330684613476,L3a,VISp
294568,204.7951861349016,L3b,VISp
291113,104.12702951804874,L2a,VISp
260516,249.7800513983249,L3c,VISp
294449,211.63253195361224,L3b,VISp
291318,114.66514009644276,L2a,VISp
255125,114.022517919022,L2b,VISp
258222,196.21497133590157,L3a,VISp
256522,157.5507241493091,L3a,VISp
256529,118.5229552752864,L3a,VISp
300819,406.8720396744464,L5a,VISp
265008,402.605790485244,L5b,VISp
262885,312.9292939467579,L4a,VISp
262946,347.1948943910375,L4a,VISp
256625,137.12940836824495,L2b,VISp
301115,409.3233397060994,L4a,VISp
298914,358.9902730171501,L4a,VISp
294545,219.3900111282298,L3c,VISp
264924,386.9071926080323,L4c,VISp
296634,285.20323898476965,L4a,VISp
292718,170.6991500688497,L2b,VISp
294562,233.9479000572049,L3c,VISp
298773,357.9974526176459,L4a,VISp
260612,302.57436032132387,L4a,VISp
299043,339.47923538578374,L4b,VISp
262700,362.5466466615495,L4c,VISp
260700,248.8157277028376,L4a,VISp
262797,358.7740908339917,L4a,VISp
260690,268.0431849655985,L3b,VISp
292901,168.4999566652309,L2b,VISp
256507,124.83825531965634,L2b,VISp
294691,197.96359174935824,L3a,VISp
296618,269.754378092119,L4a,VISp
296619,296.86520896503845,L4a,VISp
298893,360.6001959266128,L4c,VISp
294502,235.50571366364477,L3a,VISp
292826,145.5504922139973,L2a,VISp
264994,401.7085758658181,L5a,VISp
301216,408.93221729037526,L6a,VISp
296532,293.65016078168026,L4a,VISp
296517,289.3514840543065,L4a,VISp
262932,346.84911822569194,L4b,VISp
292712,138.7971050177099,L2b,VISp
292751,125.36400011389924,L2b,VISp
301116,411.3914362854705,L5b,VISp
296743,267.01363061493936,L3c,VISp
256535,169.39335662100035,L3b,VISp
296535,273.12610058906444,L3c,VISp
299027,365.2967003004777,L4a,VISp
298774,358.16958927928846,L4b,VISp
301198,409.4144947818731,L5a,VISp
258291,223.2071620485077,L4a,VISp
262417,363.0036065987828,L4a,VISp
264941,409.0034593137892,L5b,VISp
262787,365.4279127684796,L4a,VISp
298947,372.1772534868582,L4a,VISp
260518,267.86775351044946,L4a,VISp
294657,211.59259020513832,L3c,VISp
262810,320.9783302753001,L4a,VISp
296779,308.5029594799637,L4b,VISp
262893,312.99455324949616,L4b,VISp
258348,188.1715129748952,L3b,VISp
296511,269.84524405850726,L4a,VISp
258388,235.3947325316985,L3b,VISp
258307,224.2406467065775,L3c,VISp
264846,406.34805765733904,L5a,VISp
260705,261.2035559728587,L3c,VISp
260592,261.9409171289451,L4a,VISp
260739,282.35055657804384,L4a,VISp
262815,326.2317932489042,L4a,VISp
258360,186.0076371498145,L3c,VISp
301236,411.8353326924321,L5b,VISp
299019,337.67269641426,L4b,VISp
292728,134.59776226462728,L2a,VISp
294670,238.71758269725052,L4a,VISp
294673,189.61791152193877,L3b,VISp
292889,129.79504522007278,L2b,VISp
296728,253.7843095789736,L4a,VISp
294504,191.0905527732803,L3a,VISp
296602,297.1267665728859,L4a,VISp
294446,219.05539089795576,L3c,VISp
258352,212.21165813217397,L3c,VISp
294494,224.62020843409024,L3c,VISp
292858,152.07093415020813,L2b,VISp
296760,289.3936511549328,L3c,VISp
260504,276.67585599888406,L4a,VISp
292951,123.29049903262354,L2b,VISp
262891,361.90295504277447,L4a,VISp
294652,202.2825862822314,L3b,VISp
296680,310.1795867123483,L4a,VISp
296727,279.43671864162144,L3c,VISp
298895,330.4322340909076,L4a,VISp
298938,355.4022235189816,L4b,VISp
262688,360.3009510967541,L4c,VISp
255156,91.66960688473895,L2a,VISp
262780,339.8608495265613,L4a,VISp
262696,337.0616344468541,L4a,VISp
262699,326.1624588206904,L4a,VISp
298873,354.1393196818503,L4a,VISp
262677,356.29712631681167,L4a,VISp
298942,352.0549804224548,L4c,VISp
262786,343.5785794763607,L4a,VISp
292720,165.83770548669273,L2b,VISp
294453,197.75113776041252,L3c,VISp
298951,352.40873337311973,L4c,VISp
298769,322.3695851876332,L4a,VISp
260697,255.38905927404016,L4a,VISp
291176,111.63980063118052,L2b,VISp
296761,289.7435024457538,L4a,VISp
256427,121.4312152441728,L2b,VISp
294663,225.79426954378795,L3b,VISp
256610,139.87110964302462,L2b,VISp
291315,91.42114145473,L2a,VISp
292719,162.91048626304652,L2b,VISp
292700,135.50815605807932,L2b,VISp
255212,106.45229082283994,L2b,VISp
301083,406.2658331644847,L5a,VISp
298872,354.0253615133496,L4b,VISp
292833,165.33323176880566,L3a,VISp
255258,107.758546845706,L2a,VISp
262636,341.7472719950329,L4a,VISp
256456,131.75467512903555,L2a,VISp
262799,366.6766549864183,L4b,VISp
260713,294.27954648994165,L4a,VISp
305228,517.8463732290941,L6b,VISp
260536,268.9984624344123,L4a,VISp
260604,308.6137676730225,L4b,VISp
269488,512.7347296141031,L6a,VISp
304973,517.5939774916744,L5ET,VISp
301319,393.5405232713894,L4c,VISp
305199,518.6706408698477,L6a,VISp
269511,516.001193237959,L5b,VISp
296803,261.8115252599558,L4a,VISp
264900,393.7699716247615,L4c,VISp
292725,148.50308681378513,L2b,VISp
264884,377.5425362729984,L4c,VISp
298831,359.8793373856254,L4b,VISp
262774,350.1870551604702,L5a,VISp
299091,356.4428468085249,L4b,VISp
299079,362.2104944149045,L4c,VISp
298934,372.1415025076138,L4c,VISp
264988,389.1174841248458,L4c,VISp
262772,373.2334261206445,L4c,VISp
256638,139.29389105966314,L2b,VISp
298790,353.92807942557965,L4b,VISp
262652,369.3800329985388,L4a,VISp
294548,202.00039311193245,L3b,VISp
255213,85.27716909246718,L2a,VISp
296762,287.6706082308156,L4a,VISp
301241,388.0620918230282,L4c,VISp
264987,407.1135399386131,L5a,VISp
299067,362.57647274199536,L4c,VISp
262804,358.46400782601336,L4c,VISp
292678,179.6279446041186,L3a,VISp
258369,194.0751415105332,L3b,VISp
260729,296.26943588005673,L4a,VISp
256443,128.34702818721445,L2a,VISp
294694,249.72346221668715,L3b,VISp
262549,369.8053457295699,L4a,VISp
299038,376.0930158713355,L4c,VISp
296397,274.5025870158671,L4a,VISp
292637,181.87098141605543,L3b,VISp
299023,376.9545951552713,L4c,VISp
294682,193.2918558852973,L3c,VISp
260629,266.26089410698506,L4a,VISp
298772,372.0223133028401,L4a,VISp
262956,376.6280095321939,L4c,VISp
301096,393.6546549055212,L4c,VISp
262996,373.0405382527963,L4c,VISp
262929,363.4632831107519,L4c,VISp
299041,368.6876711615684,L4a,VISp
262910,365.53461666175247,L4c,VISp
298912,379.1580657975634,L4c,VISp
262868,354.0626445089651,L4a,VISp
256459,148.63814311975392,L2b,VISp
264990,383.6909885138761,L4c,VISp
294465,221.25964187221672,L3b,VISp
300763,388.4674050322556,L4c,VISp
296504,281.5844674304321,L3c,VISp
260562,291.81032747057264,L4a,VISp
269402,516.916384666978,L6b,VISp
296547,291.3524137357392,L4a,VISp
256654,150.84485073367543,L2b,VISp
258401,186.4559842610805,L3c,VISp
269504,520.5200408045228,L6b,VISp
298788,358.0324232649214,L4a,VISp
294565,223.49658031972396,L3a,VISp
299074,374.1450044724613,L4c,VISp
256449,129.06184618564916,L2a,VISp
256548,132.39296224590595,L2a,VISp
296613,254.2807486896643,L3c,VISp
292824,154.1664293446753,L2a,VISp
255121,101.46495180514188,L2b,VISp
260740,262.89368013622123,L3c,VISp
256437,170.77781983312255,L3b,VISp
258297,232.3904333820276,L3b,VISp
292713,167.03959861219244,L3a,VISp
258306,234.20500696074777,L4a,VISp
292899,186.1788486614236,L3b,VISp
256552,172.98345800568978,L3a,VISp
294664,202.3653598195461,L3b,VISp
292666,129.7849009044782,L2b,VISp
296726,251.208560131963,L3c,VISp
292683,186.85071922726328,L3b,VISp
296745,280.96274075053793,L4a,VISp
298953,337.5901249901431,L4b,VISp
260689,300.1836376005965,L4b,VISp
262892,327.3907967636859,L4a,VISp
292732,153.62741838021867,L3a,VISp
258377,218.70097325907625,L3b,VISp
256439,118.94219881619816,L2b,VISp
304986,524.9830795214174,L5NP,VISp
269510,521.1232416303633,L6a,VISp
260587,300.3016130726952,L4b,VISp
291160,98.85521415602236,L2b,VISp
262926,338.0603219232797,L4b,VISp
262726,343.3510387181889,L4a,VISp
298815,359.5678671793407,L4c,VISp
298917,334.0455433214635,L4a,VISp
298811,352.7818503316842,L4c,VISp
304962,547.7102925993734,L6a,VISp
304976,551.8924388748317,L6a,VISp
296482,259.14069042976087,L3b,VISp
294484,249.47976577467867,L3c,VISp
296531,297.2675451377113,L4a,VISp
262722,338.2385855969185,L4b,VISp
260842,293.7222987808171,L4a,VISp
298946,355.0267655645107,L4a,VISp
301102,386.4708104113734,L4c,VISp
294605,253.1932471333714,L3b,VISp
305068,525.7546309928107,L6a,VISp
305242,527.4543504273074,L6CT,VISp
296665,310.253776598006,L4b,VISp
260596,286.32137612778786,L4a,VISp
294549,215.04575686296917,L3c,VISp
294646,228.1112071319972,L3c,VISp
296540,294.07084934277543,L4a,VISp
296784,308.3148114258053,L4a,VISp
294540,247.1424817334033,L4a,VISp
298827,356.93460392740286,L4c,VISp
255217,102.9654828941627,L2a,VISp
262687,340.4161318186086,L4b,VISp
299018,375.3798741805926,L4c,VISp
304978,526.8799354148691,L6CT,VISp
269509,522.659812808014,L6b,VISp
262899,345.3166799953937,L4c,VISp
262806,312.8056248633691,L4b,VISp
305061,526.701498275599,L6CT,VISp
299035,349.5950389172678,L4a,VISp
292656,160.32190457327235,L3a,VISp
299076,334.9936821588038,L4b,VISp
304956,525.3764564636042,L5ET,VISp
298956,326.7714397272648,L4a,VISp
299088,335.10278486986016,L4b,VISp
296731,312.8434855510116,L4b,VISp
298820,358.8290610030708,L4c,VISp
269409,524.0481776799802,L6b,VISp
262423,333.0706997315523,L4a,VISp
296419,310.34068308267325,L4b,VISp
298805,319.9361749693856,L4a,VISp
298714,339.2836017688893,L4a,VISp
298812,351.2293255833949,L4a,VISp
296533,311.6772855828792,L4a,VISp
262419,342.25804619054765,L4a,VISp
298929,334.4153076646444,L4b,VISp
260533,310.07759398519875,L4a,VISp
269350,525.7607293572405,L5ET,VISp
262809,329.4069575056655,L4a,VISp
305105,530.8335006651117,L6a,VISp
269601,524.9528200402651,L6a,VISp
299068,327.7463124914863,L4b,VISp
298809,323.8220820991064,L4a,VISp
262872,361.2240614892155,L4a,VISp
299064,363.8970638496856,L4a,VISp
262814,339.37282060189625,L4a,VISp
299034,337.2669498043263,L4a,VISp
298661,355.3283227427093,L4c,VISp
298941,360.19109670129546,L4c,VISp
262707,353.13138386555306,L4a,VISp
262654,319.430834450086,L4a,VISp
299155,382.0454010946128,L4c,VISp
262889,331.8951936016714,L4a,VISp
262935,344.3442638708326,L4a,VISp
298800,343.9285750585024,L4a,VISp
298824,349.20501459046454,L4c,VISp
298944,332.3478179516107,L4a,VISp
298789,335.66506150206027,L4a,VISp
298803,354.2802138904298,L4b,VISp
256537,161.128889266958,L3a,VISp
299069,333.38237205103485,L4b,VISp
298958,355.3725417298564,L4a,VISp
258208,192.60255808106868,L3b,VISp
299073,369.1249779815169,L4c,VISp
305250,533.2824597008583,L6b,VISp
296725,288.95478367104664,L4a,VISp
269596,525.8350927085296,L6a,VISp
269491,526.2463016422449,L6b,VISp
305238,534.1527961020822,L5NP,VISp
305045,531.0020825981727,L6b,VISp
269406,528.4968526644843,L6a,VISp
305219,533.6780041733202,L6b,VISp
305024,531.1392486125397,L6a,VISp
305197,533.7562113625763,L5ET,VISp
269595,534.9961099937832,L6CT,VISp
304974,540.6092216425403,L6CT,VISp
305110,543.9106559136718,L6a,VISp
304972,540.9631480588365,L6b,VISp
305057,543.0789897063697,L6CT,VISp
269609,541.0584360819627,L6CT,VISp
305200,546.6429932048258,L6a,VISp
305173,545.4349730673299,L6a,VISp
298795,338.3196828265415,L4b,VISp
305138,546.2630845460504,L6a,VISp
269613,546.7797258184866,L6CT,VISp
304955,549.3632207633082,L6b,VISp
305036,550.082056065341,L6b,VISp
305136,550.5579174354573,L6CT,VISp
304981,554.2696646645811,L6a,VISp
304994,558.4687183082782,L6a,VISp
305255,560.100779622253,L6a,VISp
304963,557.6849706347695,L6b,VISp
305205,559.2659920870756,L6b,VISp
269502,556.4890602299453,L6CT,VISp
269709,556.2627623787589,L6b,VISp
305032,559.212784695132,L6CT,VISp
305059,561.9620580020913,L6b,VISp
305067,562.9932016642549,L6a,VISp
269498,558.1109194064484,L6CT,VISp
304979,563.6442632020118,L6CT,VISp
305244,564.9152594682168,L6CT,VISp
304975,563.0195886598736,L6CT,VISp
305222,564.0037097639668,L6a,VISp
304992,566.240648211474,L6a,VISp
269422,561.4181051107471,L5NP,VISp
269593,559.0538272075154,L6a,VISp
305198,529.4677945945515,L6CT,VISp
269576,538.3314168232695,L6a,VISp
269325,542.9776038455577,L6a,VISp
260742,310.1993554733873,L4a,VISp
269476,528.320091832906,L6CT,VISp
305109,553.733948493631,L5NP,VISp
269733,540.8295081254845,L5NP,VISp
262691,319.8769562092,L4b,VISp
262863,323.1790265209795,L4a,VISp
298919,321.01211583746726,L4b,VISp
304958,562.8947058438097,L6CT,VISp
304988,566.3944903065714,L6CT,VISp
305096,566.5522918833898,L6b,VISp
305051,564.3657864312136,L6b,VISp
269405,561.604808144722,L6CT,VISp
305184,565.5006283025289,L6CT,VISp
269411,564.2386204411205,L6b,VISp
305290,567.9257726260715,L6b,VISp
304951,566.7177524885757,L6b,VISp
305113,571.6813632635133,L6a,VISp
305034,567.9323043912075,L6a,VISp
305065,573.0970111068214,L6a,VISp
305227,574.4462145622824,L6CT,VISp
269500,570.180803526926,L6a,VISp
305115,577.8187173911966,L6CT,VISp
306979,617.2094589081894,L6a,VISp
271772,574.2755520951338,L6CT,VISp
305355,580.1436317647252,L6a,VISp
271699,576.084489884441,L6CT,VISp
307109,579.64652796582,L6CT,VISp
307091,581.1553249495456,L6b,VISp
307153,586.0065960417976,L6a,VISp
306959,580.9569747579156,L6b,VISp
307010,583.9826319801299,L6b,VISp
307025,585.4370364868033,L6a,VISp
307092,584.9209156112612,L6b,VISp
307236,588.4422316121972,L6CT,VISp
271873,582.7368667987456,L6a,VISp
306886,585.665357576944,L6b,VISp
307203,587.7101306666946,L6b,VISp
306970,587.7492920831997,L6CT,VISp
271686,590.6936499625931,L6a,VISp
271561,585.9748337185848,L6a,VISp
307081,588.2115987004607,L6a,VISp
342233,594.429529660873,L6CT,VISp
271687,586.4721688049984,L6CT,VISp
306940,593.6207821900518,L6CT,VISp
307078,589.6126801714362,L6b,VISp
307243,594.3786632648357,L6CT,VISp
306933,593.6687007238452,L6CT,VISp
271702,589.8829370746948,L6CT,VISp
307170,590.4423523140946,L6CT,VISp
307176,590.871855814355,L6a,VISp
306958,590.7037364563106,L6CT,VISp
307069,596.402078282043,L6CT,VISp
307006,594.5590658211831,L6a,VISp
307139,596.4707480220421,L6CT,VISp
271766,591.9743571436863,L6a,VISp
307077,594.9044664076996,L6b,VISp
307056,609.3718071272385,L6a,VISp
306964,598.9641286848777,L6a,VISp
306978,601.7349913518888,L6a,VISp
306977,601.9660868386421,L6CT,VISp
306954,600.6346289052657,L6CT,VISp
306956,602.109784618145,L6b,VISp
307027,605.5314775354046,L6b,VISp
271778,600.6667095121745,L6a,VISp
271887,601.2317027191101,L6CT,VISp
271577,591.5007789475995,L5NP,VISp
307089,603.4366183815856,L6b,VISp
307087,594.6326488405034,L6a,VISp
271695,602.655096060229,L6a,VISp
307198,618.0917315764538,L6b,VISp
271881,604.6666326322729,L6a,VISp
307004,609.6358791966236,L6CT,VISp
271900,608.1842204389962,L6CT,VISp
342334,616.4199306272029,L6a,VISp
307130,614.4597808480901,L6CT,VISp
307237,618.5902225736653,L6CT,VISp
342111,620.2963003076667,L6b,VISp
306953,614.0983980433683,L6a,VISp
307068,621.9429279939739,L6a,VISp
306984,619.0886271014332,L6CT,VISp
306982,619.716654258955,L6CT,VISp
307067,623.2626809478181,L6CT,VISp
307141,623.0906599299296,L6CT,VISp
307009,621.6420068564233,L6CT,VISp
342338,625.4972205775417,L6c,VISp
307122,621.4476161465145,L6CT,VISp
307129,622.8756336575693,L6a,VISp
271884,618.7583711060201,L6b,VISp
306962,620.9728820396297,L6b,VISp
271983,618.8747859141813,L6CT,VISp
307049,625.2926855520383,L6CT,VISp
271889,620.4765585726933,L6CT,VISp
307190,622.4009573725616,L6CT,VISp
307270,622.6552028833042,L6CT,VISp
307235,626.9200648742003,L6CT,VISp
307058,628.5545250059586,L6CT,VISp
307074,623.584555931516,L6CT,VISp
342344,630.5642118046793,L6CT,VISp
307234,628.9371794137799,L6CT,VISp
307113,627.5810107924766,L6b,VISp
271698,624.7019992120091,L6CT,VISp
342331,631.4122941576368,L6CT,VISp
342231,631.5589397993837,L6b,VISp
307343,630.8362028375067,L6CT,VISp
307093,627.3508112814462,L6b,VISp
342110,632.3789588490307,L6b,VISp
306975,629.0132190727609,L6CT,VISp
342450,633.8652704969817,L6c,VISp
271690,626.5869188384203,L6CT,VISp
272001,628.0189536530731,L6CT,VISp
342105,635.2791263888436,L6CT,VISp
271788,628.9155035842846,L6CT,VISp
271810,629.3752957400077,L6CT,VISp
307065,635.3038948986477,L6CT,VISp
306976,631.9172882724179,L6CT,VISp
307001,633.7135094627158,L6CT,VISp
307144,636.3798357667292,L6CT,VISp
307021,635.4157433587501,L6b,VISp
271776,630.6569567187012,L6c,VISp
342244,641.5645711784572,L6CT,VISp
307221,637.9078232927229,L6CT,VISp
307189,635.9005931336628,L6CT,VISp
306963,635.5539788144713,L6CT,VISp
307123,637.9700769113402,L6CT,VISp
307178,588.0809066293526,L6CT,VISp
307240,642.0740738194197,L6CT,VISp
342328,643.5475532246071,L6CT,VISp
307346,643.1220670279448,L6c,VISp
307230,642.0558948966287,L6CT,VISp
269714,567.1817932354055,L6a,VISp
342342,645.2250186108374,L6CT,VISp
307172,639.1897733808017,L6b,VISp
271696,638.3116914817668,L6CT,VISp
307177,601.1836685415625,L6CT,VISp
307150,645.2515212502103,L6c,VISp
306968,641.8403195798078,L6CT,VISp
271899,637.3344777216389,L6CT,VISp
273955,640.8332219173566,L6CT,VISp
344443,649.5915269243643,L6CT,VISp
309579,648.2719474361513,L6c,VISp
273962,642.3393887957903,L6CT,VISp
271770,602.8384464788203,L6b,VISp
271773,593.3682421613114,L6a,VISp
271688,612.7430097540339,L6CT,VISp
271901,581.509309187719,L6CT,VISp
306967,603.4676873690172,L6b,VISp
309187,645.7814859879932,L6CT,VISp
273958,640.8762271718288,L6CT,VISp
307135,599.10875108767,L6CT,VISp
342109,595.0304473126843,L6c,VISp
342241,642.7512332434098,L6CT,VISp
307202,606.9119812658057,L6a,VISp
307206,603.1981529758503,L6a,VISp
271774,586.406013526537,L6CT,VISp
307035,620.3747387844311,L6CT,VISp
304989,578.3169484533332,L6a,VISp
344210,649.6434627617558,L6CT,VISp
309171,648.3071493709353,L6c,VISp
309296,649.2235545326295,L6CT,VISp
274050,643.1986270838196,L6b,VISp
309384,648.9209570873873,L6c,VISp
344437,673.2037870671973,L6CT,VISp
344554,652.6199877175018,L6CT,VISp
309270,649.946580603892,L6CT,VISp
309220,647.3384906148976,L6CT,VISp
273961,646.5776038559926,L6CT,VISp
309390,651.4687588748413,L6c,VISp
309153,650.781888535963,L6CT,VISp
309253,650.4129623466282,L6CT,VISp
274051,659.0341018660127,L6CT,VISp
309208,673.4707205293828,L6c,VISp
274195,648.5428403800579,L6CT,VISp
309151,651.5199143802643,L6CT,VISp
273837,651.8941007801828,L6CT,VISp
309213,644.3929768247062,L6CT,VISp
273952,653.0736820355392,L6c,VISp
309533,658.6206384058348,L6CT,VISp
309419,660.9332695810604,L6c,VISp
267163,496.5032769587415,L5b,VISp
309206,657.414468041662,L6CT,VISp
309269,660.8322014772004,L6b,VISp
274163,657.7143489121686,L6b,VISp
274058,658.2235624437457,L6c,VISp
309405,663.9824815804036,L6c,VISp
309205,659.8842939273685,L6c,VISp
274161,659.1919034428314,L6b,VISp
309561,667.3240310656403,L6CT,VISp
309250,665.9854923226675,L6c,VISp
264580,413.5219313015237,L5a,VISp
344441,671.3277402018285,L6CT,VISp
309426,670.9533516887119,L6CT,VISp
301225,415.4870808294014,L5ET,VISp
344546,673.2827167665451,L6c,VISp
344425,673.0158124786701,L6c,VISp
264885,410.7962992411368,L4c,VISp
309523,661.2155783951135,L6CT,VISp
309355,673.3852590648991,L6c,VISp
309258,674.496893090348,L6CT,VISp
309273,675.7846232591604,L6CT,VISp
309263,676.0046784545963,L6CT,VISp
309514,675.8811828368388,L6b,VISp
309463,673.4149408540242,L6c,VISp
344547,670.8774854953624,L6c,VISp
309563,678.8256850075529,L6CT,VISp
344453,681.435393482362,L6b,VISp
309274,678.5564397237715,L6c,VISp
309251,676.8017787677622,L6c,VISp
344561,691.834112694237,L6c,VISp
273959,674.6216894369679,L6b,VISp
309200,675.2344855339427,L6b,VISp
309330,646.3336183045986,L6b,VISp
344555,682.3496311137809,L6CT,VISp
273964,669.993739159348,L6CT,VISp
344442,683.0509521812376,L6b,VISp
309329,676.6777341055445,L6c,VISp
309418,681.4238041465842,L6b,VISp
264917,409.23316760223616,L5b,VISp
265054,411.0404869057287,L5b,VISp
301182,411.85414765587103,L5a,VISp
301095,417.8573992751856,L5a,VISp
301029,420.7109776576343,L5a,VISp
264776,413.6517852187857,L5b,VISp
300956,420.5973085985193,L5a,VISp
265037,420.1513603050369,L5b,VISp
301104,425.92244699624354,L5b,VISp
264935,425.5044463623173,L5a,VISp
264918,424.3800957378593,L5b,VISp
300902,429.2261357938378,L5b,VISp
300978,432.71409963331314,L4c,VISp
264800,427.7122812394703,L5b,VISp
301106,434.0274364657756,L5b,VISp
300965,432.9413512820995,L5a,VISp
267266,496.5120340760298,L4a,VISp
300761,437.66591895927513,L5b,VISp
301121,441.57211472018486,L5b,VISp
344319,660.4564544133442,L6b,VISp
301188,441.34549911204647,L5b,VISp
267185,443.1477608448969,L5ET,VISp
264851,441.3367419947583,L5a,VISp
309170,661.2664447911509,L6CT,VISp
300982,445.5004202380402,L5b,VISp
301122,447.2073361258875,L5a,VISp
264927,442.7483147125909,L5b,VISp
301031,449.26913222763096,L5b,VISp
303138,448.0110838479437,L5b,VISp
266869,446.4263920233018,L4a,VISp
303158,451.946238887887,L5b,VISp
303090,453.7449167178455,L5b,VISp
303067,452.8293497099973,L5b,VISp
267260,447.6435162093486,L5ET,VISp
267261,452.4921863706191,L5a,VISp
267165,458.4072021288371,L5b,VISp
267007,458.45584317272215,L5b,VISp
267180,459.4280280097748,L5b,VISp
302998,467.0508264572525,L5b,VISp
267193,465.6146300476806,L5b,VISp
303164,470.4642826541178,L5b,VISp
303169,478.70872131204607,L5b,VISp
266848,472.49972093455307,L5ET,VISp
267102,479.9612208985081,L5a,VISp
303097,486.2286888785284,L5b,VISp
267287,490.4391010972391,L5b,VISp
303089,502.1265329230932,L6a,VISp
303002,506.6124617289022,L5b,VISp
269471,509.482485431317,L6a,VISp
269591,511.3942832759302,L5b,VISp
269472,511.34257872604695,L5b,VISp
304846,515.3029356765005,L5b,VISp
309541,682.435208222019,L6b,VISp
309512,679.9472612353985,L6b,VISp
269320,514.3127453822882,L6CT,VISp
309345,678.0858385642392,L6c,VISp
344436,683.6200205136487,L6c,VISp
274061,676.8842345481252,L6c,VISp
309479,678.9592384714613,L6c,VISp
344421,683.2638687451998,L6c,VISp
309459,681.7463438184967,L6c,VISp
309267,687.6394232854005,L6CT,VISp
309386,687.7884677449309,L6c,VISp
309257,688.2603696333258,L6CT,VISp
309416,657.8586243836985,L6c,VISp
302975,499.45835684575655,L4b,VISp
302983,493.9649256243568,L4a,VISp
267291,503.3114900327873,L5b,VISp
309427,679.7907890350092,L6c,VISp
309382,687.6673709449568,L6c,VISp
309281,648.8219986919254,L6CT,VISp
309327,648.0112571564604,L6CT,VISp
309375,647.830016446267,L6a,VISp
309239,674.890761255118,L6CT,VISp
344423,681.1989513155811,L6CT,VISp
267197,496.5826978806728,L5b,VISp
309483,678.5981734236917,L6CT,VISp
294498,250.3570673417448,L3c,VISp
267195,471.6260319179456,L5b,VISp
302973,457.7433948177605,L5b,VISp
309396,676.8955925963947,L6CT,VISp
302968,470.1696041723179,L5b,VISp
267272,489.44778353979535,L6a,VISp
303087,475.8421372212025,L5b,VISp
309284,690.767333696583,L6c,VISp
274179,685.592598309129,L6CT,VISp
344535,692.4535562001017,L6c,VISp
344563,694.5269994595004,L6b,VISp
309338,688.4136048620855,L6CT,VISp
303032,453.1977846767488,L5ET,VISp
309504,691.0831681377288,L6c,VISp
309388,692.6610104402826,L6c,VISp
309393,694.0142311993418,L6CT,VISp
309526,694.198361949902,L6CT,VISp
309216,691.9019156328235,L6CT,VISp
274275,691.9299789361339,L6c,VISp
309627,696.1607084336001,L6c,VISp
309352,697.0492815794923,L6CT,VISp
344573,703.3898700038162,L6c,VISp
309421,700.6375910127356,L6c,VISp
309264,699.2454979465567,L6c,VISp
309494,699.837774124834,L6b,VISp
274060,697.033674940116,L6CT,VISp
309498,701.0259968537241,L6c,VISp
309280,703.0954806314018,L6b,VISp
309278,705.3628233781259,L6c,VISp
309447,703.8076976988551,L6c,VISp
309661,708.9291678724885,L6CT,VISp
311821,741.5938916339793,L6wm,VISp
344429,711.0528706615868,L6b,VISp
309227,706.8527189289688,L6b,VISp
309640,708.068715851784,L6CT,VISp
344661,705.8030780603185,L6c,VISp
311867,709.4013010483917,L6c,VISp
311619,707.9916937476364,L6c,VISp
303216,506.0133360285369,L5ET,VISp
276438,708.5169764936065,L6CT,VISp
311843,709.8381744676342,L6c,VISp
258353,195.4413101561102,L3a,VISp
267319,469.92116791661937,L5ET,VISp
346873,716.0768566342523,L6CT,VISp
276555,710.9436814810866,L6c,VISp
311962,713.6795156789452,L6c,VISp
267008,456.42121439856606,L5ET,VISp
344331,710.6685977679507,L6c,VISp
311769,711.2462211044519,L6c,VISp
267205,490.9560601266272,L5b,VISp
311831,725.5454716402569,L6c,VISp
267188,496.5716575893552,L5NP,VISp
267203,502.56135445581447,L5NP,VISp
347197,721.0081846890834,L6c,VISp
309557,692.7891880498529,L6CT,VISp
346884,723.1840546030817,L6wm,VISp
346889,723.6869098351542,L6wm,VISp
311757,710.6111709592108,L6CT,VISp
311722,722.0637791040989,L6c,VISp
267194,465.8616791050727,L5ET,VISp
300897,433.0101366658528,L5ET,VISp
265045,439.3117663136134,L5ET,VISp
303046,452.1982590464774,L5ET,VISp
302972,453.82396206094745,L5ET,VISp
311953,708.746395672668,L6c,VISp
303135,460.1153895712365,L5ET,VISp
267183,459.2239842068547,L5ET,VISp
267307,463.32090030533766,L5ET,VISp
303086,448.6221458153494,L5NP,VISp
303139,470.00784311377816,L5ET,VISp
303048,471.72525024848255,L5ET,VISp
267295,469.27981729375085,L5ET,VISp
302861,478.1055204862055,L5ET,VISp
303095,484.2945213418948,L5ET,VISp
267038,479.98694320591216,L5ET,VISp
303174,488.4060038127102,L5ET,VISp
302957,486.6331639339099,L5ET,VISp
267294,487.7054344296558,L5ET,VISp
303145,501.2269194858836,L5ET,VISp
296550,298.6787709242815,L4b,VISp
267299,504.4948573042335,L5ET,VISp
312043,728.205873045472,L6wm,VISp
311785,726.9007442858373,L6CT,VISp
311845,722.1630844308231,L6wm,VISp
267381,493.451723963492,L6CT,VISp
267168,450.3658534762288,L5b,VISp
311930,729.4021303815588,L6wm,VISp
303144,469.0928829722676,L5ET,VISp
311894,727.964633243124,L6wm,VISp
300952,436.45119359101193,L5b,VISp
311914,729.3177383584292,L6wm,VISp
347181,737.9515653025129,L6wm,VISp
347172,737.9213922908041,L6wm,VISp
344446,694.6075476446629,L6b,VISp
267206,483.0956630748266,L6a,VISp
311964,733.3595108222016,L6c,VISp
311814,741.322970042506,L6wm,VISp
347053,744.0074752693105,L6wm,VISp
346900,743.4099102328827,L6wm,VISp
311753,737.0749575979719,L6wm,VISp
311763,739.4760559218023,L6wm,VISp
312040,745.5078042451335,L6wm,VISp
311815,749.4949529443453,L6wm,VISp
347055,754.2698666206643,L6wm,VISp
311789,749.9471152460117,L6wm,VISp
347066,771.068826944499,L6wm,VISp
344448,712.1692445007255,L6c,VISp
302955,457.2900766052961,L5ET,VISp
302951,504.85323442483417,L5ET,VISp
303066,498.8447804168131,L5ET,VISp
267029,495.35950450450696,L5ET,VISp
309240,697.7027997569097,L6c,VISp
311990,754.3798366598771,L6wm,VISp
311807,711.4619120650268,L6c,VISp
303100,509.4352024114278,L5ET,VISp
309538,694.3767990891722,L6c,VISp
311832,722.4437169371846,L6c,VISp
311752,725.4521490342082,L6c,VISp
307112,618.2869026183314,L6a,VISp
258220,241.0126709903332,L3b,VISp
267454,492.76589389165736,L5NP,VISp
262673,337.36865394883426,L4a,VISp
307132,640.422995428808,L6CT,VISp
292673,156.42862752456975,L2a,VISp
264841,402.9705837272265,L5a,VISp
303035,450.4211705765704,L5ET,VISp
305181,531.5886073432829,L6a,VISp
264798,413.8596150377957,L5a,VISp
260624,280.60849657728966,L4a,VISp
256561,153.80626027262852,L3a,VISp
298807,376.997369122235,L4c,VISp
274191,645.1207427096585,L6c,VISp
292674,122.96206363622298,L2a,VISp
311793,712.706926088753,L6c,VISp
309331,676.6936298543061,L6c,VISp
307239,633.2613471610492,L6c,VISp
294653,240.96998349281307,L3b,VISp
347173,750.6901986609548,L6wm,VISp
258295,200.9242501306529,L3c,VISp
311979,743.7596750542601,L6wm,VISp
267033,498.9082769424161,L5ET,VISp
296910,286.3746699891753,L4a,VISp
307312,642.8625326590518,L6c,VISp
294481,216.23793907358063,L3c,VISp
256435,140.78841078044184,L2a,VISp
307222,625.5677400908639,L6CT,VISp
312015,744.0917808229963,L6wm,VISp
256546,164.01700489597627,L3a,VISp
294496,198.49517497295585,L3c,VISp
264997,406.5348763350681,L5a,VISp
344307,661.2431791234072,L6c,VISp
256544,147.95037680515264,L2a,VISp
312038,754.1428162743254,L6wm,VISp
311693,716.7131496864788,L6c,VISp
274181,670.5795413943664,L6b,VISp
309351,650.3038596355718,L6b,VISp
309348,677.1326708038235,L6CT,VISp
312018,738.0213623057434,L6b,VISp
258226,212.3532748508453,L3c,VISp
296666,285.4110688037796,L3c,VISp
294444,246.02917140026264,L3b,VISp
256512,135.62419528741128,L2a,VISp
299060,319.06751487585365,L4b,VISp
296507,251.9886952550133,L4a,VISp
307155,609.0226783465093,L6b,VISp
307094,616.6229919849562,L6a,VISp
307232,631.9807556237101,L6CT,VISp
342230,644.0217382870314,L6CT,VISp
311978,746.6430508695883,L6wm,VISp
347168,761.3104759103262,L6wm,VISp
258317,232.21326779730967,L3b,VISp
291161,112.9612877145937,L2a,VISp
256470,136.0246238648841,L2b,VISp
292822,163.78969542531274,L2a,VISp
269505,511.5980957913417,DTC,VISp
271673,574.5832362853287,DTC,VISp
264783,441.643212452278,PTC,VISp
286913,47.7273881498134,STC,VISp
262555,351.2824465058948,PTC,VISp
252232,33.646921254891964,STC,VISp
262898,373.3479911554827,ITC,VISp
260468,283.3220189050047,ITC,VISp
260718,312.1823953414144,ITC,VISp
292675,152.26454452814826,ITC,VISp
298802,357.82190551874265,ITC,VISp
262642,370.69984377426016,ITC,VISp
256426,179.9190397097705,ITC,VISp
291201,61.54858061091672,STC,VISp
267006,485.7404291930989,DTC,VISp
301120,407.4480153508224,PTC,VISp
298961,354.5612219756204,ITC,VISp
292831,179.5278302978588,ITC,VISp
264932,429.4302952405121,DTC,VISp
256543,147.108826217331,ITC,VISp
256622,153.3618148212065,PTC,VISp
301200,405.8242199315524,ITC,VISp
298957,323.8290472649486,PTC,VISp
266850,462.2301331298488,DTC,VISp
260609,278.7709464402115,PTC,VISp
301245,406.85747330211393,PTC,VISp
298897,317.7151900925173,PTC,VISp
292649,165.24164329232556,PTC,VISp
267293,449.8006289817848,PTC,VISp
260622,282.2446908386168,DTC,VISp
255218,54.76715928562928,STC,VISp
292867,146.22597533029565,ITC,VISp
291125,59.54814215206745,STC,VISp
258379,196.19572297175625,STC,VISp
262909,328.1645735872316,ITC,VISp
269334,523.7716781209712,DTC,VISp
301030,436.4444883602447,ITC,VISp
286641,41.58645011923812,STC,VISp
301085,433.1845565015248,DTC,VISp
264824,425.439244881456,DTC,VISp
300835,433.5563727312265,DTC,VISp
296398,292.5934682777439,DTC,VISp
296738,287.57913539808965,PTC,VISp
264649,408.4808644949881,DTC,VISp
262957,334.3160315122304,ITC,VISp
260505,288.4102239133648,DTC,VISp
264849,392.65391554257474,PTC,VISp
260519,296.4338270438883,PTC,VISp
258292,229.6664776293327,PTC,VISp
298930,338.3187868508186,PTC,VISp
292832,134.1308314774306,STC,VISp
271569,595.1572668982589,STC,VISp
302962,479.0477057771808,PTC,VISp
258281,209.2119253305617,ITC,VISp
298796,336.8293538749924,DTC,VISp
304980,545.742252504385,ITC,VISp
291122,77.44786967566482,STC,VISp
264898,430.4897334934944,ITC,VISp
301107,447.205891105704,DTC,VISp
258293,227.90042945074325,ITC,VISp
298937,324.51062874567674,DTC,VISp
296758,274.37741509041786,PTC,VISp
264792,396.7792996975079,DTC,VISp
265035,405.1064540708738,PTC,VISp
291204,118.87997384514742,DTC,VISp
292721,142.943558135801,DTC,VISp
269485,541.708052599536,DTC,VISp
264786,428.4097006470828,PTC,VISp
267010,501.6890818118239,PTC,VISp
301101,422.5896546282952,PTC,VISp
258249,202.77523937683216,PTC,VISp
260620,253.5407866025964,PTC,VISp
306988,638.6211962709742,PTC,VISp
294749,227.21731595364423,PTC,VISp
267068,482.5968829682296,PTC,VISp
301218,413.21901557258553,PTC,VISp
265036,411.3681419701604,PTC,VISp
255129,82.02541613226443,DTC,VISp
262779,351.3290356632589,STC,VISp
262805,361.0867798310943,PTC,VISp
262692,333.5630637167677,ITC,VISp
267015,465.9710709255145,PTC,VISp
264891,401.8034013139275,PTC,VISp
294649,216.5107104383769,PTC,VISp
298894,361.50394231117457,ITC,VISp
258365,207.64573018566287,ITC,VISp
296735,316.1030418309023,DTC,VISp
301193,385.211027902117,PTC,VISp
298829,345.56760153831937,ITC,VISp
260724,253.67538033354853,ITC,VISp
256446,180.84252568106095,DTC,VISp
260541,287.5300609534985,DTC,VISp
296527,272.9509004214236,ITC,VISp
262678,372.5024232640627,DTC,VISp
292624,136.83744646118052,STC,VISp
269414,536.1602289010841,DTC,VISp
256424,128.54644782019872,PTC,VISp
258234,201.32892729923225,PTC,VISp
267317,493.919145973272,DTC,VISp
260707,277.6327519535125,DTC,VISp
256514,125.92757747496188,PTC,VISp
292669,170.98189228360914,PTC,VISp
255208,54.34742452213418,STC,VISp
301239,431.24116927258615,DTC,VISp
301227,387.670911585427,PTC,VISp
302999,504.8281189837677,PTC,VISp
294704,197.7547503108712,ITC,VISp
303149,451.50881642418426,DTC,VISp
258362,194.57091593300925,ITC,VISp
255137,66.66713209661661,STC,VISp
294561,200.9419664784272,STC,VISp
260803,307.0302895810556,PTC,VISp
264920,428.8215164471357,DTC,VISp
296530,255.1189466621024,PTC,VISp
291116,119.02127280686672,DTC,VISp
292864,154.9159867028772,DTC,VISp
292890,163.6863727949901,STC,VISp
303085,475.227722638413,DTC,VISp
294825,240.50761905367509,DTC,VISp
303172,495.2152285062331,PTC,VISp
269633,536.8072731352427,DTC,VISp
294506,251.1300060114444,PTC,VISp
271886,605.8277458554527,PTC,VISp
303195,509.59430471710897,PTC,VISp
305182,548.736696447847,PTC,VISp
305354,566.2414863653197,PTC,VISp
292670,172.93999017620098,DTC,VISp
342238,610.0713362432491,DTC,VISp
309578,669.6885402563804,PTC,VISp
307066,580.8869464671768,DTC,VISp
304990,546.2976504401865,PTC,VISp
309376,646.3906695345094,PTC,VISp
305046,544.2291204601091,PTC,VISp
305070,548.5858022149936,DTC,VISp
264848,420.8613806679045,PTC,VISp
274192,687.0039397394531,STC,VISp
307012,598.8251128971876,DTC,VISp
307147,622.3191084585364,DTC,VISp
307264,637.8603673339464,DTC,VISp
276440,709.5051727231751,PTC,VISp
309481,675.9204020752211,PTC,VISp
342232,647.2876528664269,ITC,VISp
309266,652.6451031585683,DTC,VISp
309241,706.3681004415644,DTC,VISp
255120,55.85437173253671,STC,VISp
309467,687.3384443259731,STC,VISp
271700,595.5501234435518,DTC,VISp
305233,539.7450700751897,PTC,VISp
309279,660.6918563130811,PTC,VISp
305073,577.4523056633996,STC,VISp
309508,659.5468123042943,PTC,VISp
309480,659.4170740307864,DTC,VISp
307059,597.7322646608671,ITC,VISp
267192,474.9438245128556,PTC,VISp
309052,645.7048686369852,DTC,VISp
309268,689.9545689221637,DTC,VISp
305251,574.6452294421272,DTC,VISp
305232,538.1838460314892,DTC,VISp
269585,508.86795520477335,DTC,VISp
307287,627.7197952926583,DTC,VISp
307126,616.7168058135884,STC,VISp
305048,526.2489603951034,PTC,VISp
303236,502.7998485091163,DTC,VISp
