,Presynaptic layer,Postsynaptic layer,Presynaptic Schneider-Mizell type,Postsynaptic Schneider-Mizell type,sample size,column radius (um),connection probability,dataset,citation
0,L1,L1,STC,STC,72,50,0.3333333333333333,Schneider-Mizell2024,schneider-mizell_cell-type_2024
1,L1,L2,STC,DTC,27,50,0.1111111111111111,Schneider-Mizell2024,schneider-mizell_cell-type_2024
2,L1,L2,STC,L2a,513,50,0.08187134502923976,Schneider-Mizell2024,schneider-mizell_cell-type_2024
3,L1,L2,STC,L2b,594,50,0.06228956228956229,Schneider-Mizell2024,schneider-mizell_cell-type_2024
4,L1,L2,STC,L2c,648,50,0.07253086419753087,Schneider-Mizell2024,schneider-mizell_cell-type_2024
5,L1,L3,STC,DTC,45,50,0.06666666666666667,Schneider-Mizell2024,schneider-mizell_cell-type_2024
6,L1,L3,STC,ITC,99,50,0.1111111111111111,Schneider-Mizell2024,schneider-mizell_cell-type_2024
7,L1,L3,STC,L3a,666,50,0.08108108108108109,Schneider-Mizell2024,schneider-mizell_cell-type_2024
8,L1,L3,STC,L3b,864,50,0.04861111111111111,Schneider-Mizell2024,schneider-mizell_cell-type_2024
9,L1,L3,STC,PTC,108,50,0.046296296296296294,Schneider-Mizell2024,schneider-mizell_cell-type_2024
10,L1,L3,STC,STC,45,50,0.08888888888888889,Schneider-Mizell2024,schneider-mizell_cell-type_2024
11,L1,L4,STC,ITC,108,50,0.06481481481481481,Schneider-Mizell2024,schneider-mizell_cell-type_2024
12,L1,L4,STC,L4a,576,50,0.03125,Schneider-Mizell2024,schneider-mizell_cell-type_2024
13,L1,L4,STC,L4b,1368,50,0.019736842105263157,Schneider-Mizell2024,schneider-mizell_cell-type_2024
14,L1,L4,STC,L4c,729,50,0.024691358024691357,Schneider-Mizell2024,schneider-mizell_cell-type_2024
15,L1,L4,STC,PTC,126,50,0.015873015873015872,Schneider-Mizell2024,schneider-mizell_cell-type_2024
16,L1,L5,STC,ITC,27,50,0.037037037037037035,Schneider-Mizell2024,schneider-mizell_cell-type_2024
17,L1,L5,STC,L5ET,342,50,0.15497076023391812,Schneider-Mizell2024,schneider-mizell_cell-type_2024
18,L1,L5,STC,L5NP,90,50,0.011111111111111112,Schneider-Mizell2024,schneider-mizell_cell-type_2024
19,L1,L5,STC,L5a,270,50,0.018518518518518517,Schneider-Mizell2024,schneider-mizell_cell-type_2024
20,L1,L5,STC,L5b,396,50,0.015151515151515152,Schneider-Mizell2024,schneider-mizell_cell-type_2024
21,L1,L6,STC,L6short-a,621,50,0.00644122383252818,Schneider-Mizell2024,schneider-mizell_cell-type_2024
22,L1,L6,STC,L6tall-a,729,50,0.02880658436213992,Schneider-Mizell2024,schneider-mizell_cell-type_2024
23,L1,L6,STC,L6tall-b,558,50,0.005376344086021506,Schneider-Mizell2024,schneider-mizell_cell-type_2024
24,L1,L6,STC,L6tall-c,945,50,0.013756613756613757,Schneider-Mizell2024,schneider-mizell_cell-type_2024
25,L2,L1,DTC,STC,27,50,0.37037037037037035,Schneider-Mizell2024,schneider-mizell_cell-type_2024
26,L2,L1,STC,STC,9,50,0.5555555555555556,Schneider-Mizell2024,schneider-mizell_cell-type_2024
27,L2,L2,DTC,DTC,6,50,0.8333333333333334,Schneider-Mizell2024,schneider-mizell_cell-type_2024
28,L2,L2,DTC,L2a,171,50,0.7543859649122807,Schneider-Mizell2024,schneider-mizell_cell-type_2024
29,L2,L2,DTC,L2b,198,50,0.5656565656565656,Schneider-Mizell2024,schneider-mizell_cell-type_2024
30,L2,L2,DTC,L2c,216,50,0.5694444444444444,Schneider-Mizell2024,schneider-mizell_cell-type_2024
31,L2,L2,DTC,STC,3,50,1.0,Schneider-Mizell2024,schneider-mizell_cell-type_2024
32,L2,L2,STC,DTC,3,50,0.3333333333333333,Schneider-Mizell2024,schneider-mizell_cell-type_2024
33,L2,L2,STC,L2a,57,50,0.2982456140350877,Schneider-Mizell2024,schneider-mizell_cell-type_2024
34,L2,L2,STC,L2b,66,50,0.06060606060606061,Schneider-Mizell2024,schneider-mizell_cell-type_2024
35,L2,L2,STC,L2c,72,50,0.1527777777777778,Schneider-Mizell2024,schneider-mizell_cell-type_2024
36,L2,L3,DTC,DTC,15,50,0.4666666666666667,Schneider-Mizell2024,schneider-mizell_cell-type_2024
37,L2,L3,DTC,ITC,33,50,0.12121212121212122,Schneider-Mizell2024,schneider-mizell_cell-type_2024
38,L2,L3,DTC,L3a,222,50,0.3783783783783784,Schneider-Mizell2024,schneider-mizell_cell-type_2024
39,L2,L3,DTC,L3b,288,50,0.11805555555555555,Schneider-Mizell2024,schneider-mizell_cell-type_2024
40,L2,L3,DTC,PTC,36,50,0.3055555555555556,Schneider-Mizell2024,schneider-mizell_cell-type_2024
41,L2,L3,DTC,STC,15,50,0.06666666666666667,Schneider-Mizell2024,schneider-mizell_cell-type_2024
42,L2,L3,STC,ITC,11,50,0.2727272727272727,Schneider-Mizell2024,schneider-mizell_cell-type_2024
43,L2,L3,STC,L3a,74,50,0.17567567567567569,Schneider-Mizell2024,schneider-mizell_cell-type_2024
44,L2,L3,STC,L3b,96,50,0.09375,Schneider-Mizell2024,schneider-mizell_cell-type_2024
45,L2,L3,STC,PTC,12,50,0.16666666666666666,Schneider-Mizell2024,schneider-mizell_cell-type_2024
46,L2,L4,DTC,DTC,27,50,0.037037037037037035,Schneider-Mizell2024,schneider-mizell_cell-type_2024
47,L2,L4,DTC,L4b,456,50,0.015350877192982455,Schneider-Mizell2024,schneider-mizell_cell-type_2024
48,L2,L4,DTC,L4c,243,50,0.00823045267489712,Schneider-Mizell2024,schneider-mizell_cell-type_2024
49,L2,L4,STC,ITC,12,50,0.25,Schneider-Mizell2024,schneider-mizell_cell-type_2024
50,L2,L4,STC,L4a,64,50,0.03125,Schneider-Mizell2024,schneider-mizell_cell-type_2024
51,L2,L4,STC,L4b,152,50,0.05263157894736842,Schneider-Mizell2024,schneider-mizell_cell-type_2024
52,L2,L4,STC,L4c,81,50,0.024691358024691357,Schneider-Mizell2024,schneider-mizell_cell-type_2024
53,L2,L5,DTC,L5ET,114,50,0.12280701754385964,Schneider-Mizell2024,schneider-mizell_cell-type_2024
54,L2,L5,DTC,L5NP,30,50,0.03333333333333333,Schneider-Mizell2024,schneider-mizell_cell-type_2024
55,L2,L5,DTC,L5a,90,50,0.06666666666666667,Schneider-Mizell2024,schneider-mizell_cell-type_2024
56,L2,L5,DTC,L5b,132,50,0.015151515151515152,Schneider-Mizell2024,schneider-mizell_cell-type_2024
57,L2,L5,STC,ITC,3,50,0.3333333333333333,Schneider-Mizell2024,schneider-mizell_cell-type_2024
58,L2,L5,STC,L5ET,38,50,0.02631578947368421,Schneider-Mizell2024,schneider-mizell_cell-type_2024
59,L2,L6,DTC,DTC,45,50,0.022222222222222223,Schneider-Mizell2024,schneider-mizell_cell-type_2024
60,L2,L6,DTC,L6tall-a,243,50,0.01646090534979424,Schneider-Mizell2024,schneider-mizell_cell-type_2024
61,L2,L6,DTC,L6tall-b,186,50,0.010752688172043012,Schneider-Mizell2024,schneider-mizell_cell-type_2024
62,L2,L6,DTC,L6tall-c,315,50,0.012698412698412698,Schneider-Mizell2024,schneider-mizell_cell-type_2024
63,L2,L6,STC,L6tall-a,81,50,0.04938271604938271,Schneider-Mizell2024,schneider-mizell_cell-type_2024
64,L2,L6,STC,L6tall-c,105,50,0.02857142857142857,Schneider-Mizell2024,schneider-mizell_cell-type_2024
65,L3,L1,DTC,STC,45,50,0.24444444444444444,Schneider-Mizell2024,schneider-mizell_cell-type_2024
66,L3,L1,ITC,STC,99,50,0.06060606060606061,Schneider-Mizell2024,schneider-mizell_cell-type_2024
67,L3,L1,PTC,STC,108,50,0.037037037037037035,Schneider-Mizell2024,schneider-mizell_cell-type_2024
68,L3,L1,STC,STC,45,50,0.13333333333333333,Schneider-Mizell2024,schneider-mizell_cell-type_2024
69,L3,L2,DTC,DTC,15,50,0.4666666666666667,Schneider-Mizell2024,schneider-mizell_cell-type_2024
70,L3,L2,DTC,L2a,285,50,0.6140350877192983,Schneider-Mizell2024,schneider-mizell_cell-type_2024
71,L3,L2,DTC,L2b,330,50,0.4909090909090909,Schneider-Mizell2024,schneider-mizell_cell-type_2024
72,L3,L2,DTC,L2c,360,50,0.40555555555555556,Schneider-Mizell2024,schneider-mizell_cell-type_2024
73,L3,L2,DTC,STC,5,50,0.4,Schneider-Mizell2024,schneider-mizell_cell-type_2024
74,L3,L2,ITC,DTC,33,50,0.15151515151515152,Schneider-Mizell2024,schneider-mizell_cell-type_2024
75,L3,L2,ITC,L2a,627,50,0.001594896331738437,Schneider-Mizell2024,schneider-mizell_cell-type_2024
76,L3,L2,ITC,L2b,726,50,0.008264462809917356,Schneider-Mizell2024,schneider-mizell_cell-type_2024
77,L3,L2,ITC,L2c,792,50,0.011363636363636364,Schneider-Mizell2024,schneider-mizell_cell-type_2024
78,L3,L2,PTC,DTC,36,50,0.3333333333333333,Schneider-Mizell2024,schneider-mizell_cell-type_2024
79,L3,L2,PTC,L2a,684,50,0.6198830409356725,Schneider-Mizell2024,schneider-mizell_cell-type_2024
80,L3,L2,PTC,L2b,792,50,0.47095959595959597,Schneider-Mizell2024,schneider-mizell_cell-type_2024
81,L3,L2,PTC,L2c,864,50,0.5752314814814815,Schneider-Mizell2024,schneider-mizell_cell-type_2024
82,L3,L2,STC,L2a,285,50,0.2,Schneider-Mizell2024,schneider-mizell_cell-type_2024
83,L3,L2,STC,L2b,330,50,0.12424242424242424,Schneider-Mizell2024,schneider-mizell_cell-type_2024
84,L3,L2,STC,L2c,360,50,0.15833333333333333,Schneider-Mizell2024,schneider-mizell_cell-type_2024
85,L3,L3,DTC,DTC,20,50,0.3,Schneider-Mizell2024,schneider-mizell_cell-type_2024
86,L3,L3,DTC,ITC,55,50,0.23636363636363636,Schneider-Mizell2024,schneider-mizell_cell-type_2024
87,L3,L3,DTC,L3a,370,50,0.25135135135135134,Schneider-Mizell2024,schneider-mizell_cell-type_2024
88,L3,L3,DTC,L3b,480,50,0.1125,Schneider-Mizell2024,schneider-mizell_cell-type_2024
89,L3,L3,DTC,PTC,60,50,0.45,Schneider-Mizell2024,schneider-mizell_cell-type_2024
90,L3,L3,DTC,STC,25,50,0.16,Schneider-Mizell2024,schneider-mizell_cell-type_2024
91,L3,L3,ITC,DTC,55,50,0.2,Schneider-Mizell2024,schneider-mizell_cell-type_2024
92,L3,L3,ITC,ITC,110,50,0.14545454545454545,Schneider-Mizell2024,schneider-mizell_cell-type_2024
93,L3,L3,ITC,L3a,814,50,0.03194103194103194,Schneider-Mizell2024,schneider-mizell_cell-type_2024
94,L3,L3,ITC,L3b,1056,50,0.022727272727272728,Schneider-Mizell2024,schneider-mizell_cell-type_2024
95,L3,L3,ITC,PTC,132,50,0.19696969696969696,Schneider-Mizell2024,schneider-mizell_cell-type_2024
96,L3,L3,ITC,STC,55,50,0.07272727272727272,Schneider-Mizell2024,schneider-mizell_cell-type_2024
97,L3,L3,PTC,DTC,60,50,0.31666666666666665,Schneider-Mizell2024,schneider-mizell_cell-type_2024
98,L3,L3,PTC,ITC,132,50,0.18181818181818182,Schneider-Mizell2024,schneider-mizell_cell-type_2024
99,L3,L3,PTC,L3a,888,50,0.49774774774774777,Schneider-Mizell2024,schneider-mizell_cell-type_2024
100,L3,L3,PTC,L3b,1152,50,0.3654513888888889,Schneider-Mizell2024,schneider-mizell_cell-type_2024
101,L3,L3,PTC,PTC,132,50,0.5833333333333334,Schneider-Mizell2024,schneider-mizell_cell-type_2024
102,L3,L3,PTC,STC,60,50,0.11666666666666667,Schneider-Mizell2024,schneider-mizell_cell-type_2024
103,L3,L3,STC,DTC,25,50,0.08,Schneider-Mizell2024,schneider-mizell_cell-type_2024
104,L3,L3,STC,ITC,55,50,0.21818181818181817,Schneider-Mizell2024,schneider-mizell_cell-type_2024
105,L3,L3,STC,L3a,370,50,0.2,Schneider-Mizell2024,schneider-mizell_cell-type_2024
106,L3,L3,STC,L3b,480,50,0.16875,Schneider-Mizell2024,schneider-mizell_cell-type_2024
107,L3,L3,STC,PTC,60,50,0.16666666666666666,Schneider-Mizell2024,schneider-mizell_cell-type_2024
108,L3,L3,STC,STC,20,50,0.5,Schneider-Mizell2024,schneider-mizell_cell-type_2024
109,L3,L4,DTC,DTC,45,50,0.13333333333333333,Schneider-Mizell2024,schneider-mizell_cell-type_2024
110,L3,L4,DTC,ITC,60,50,0.08333333333333333,Schneider-Mizell2024,schneider-mizell_cell-type_2024
111,L3,L4,DTC,L4a,320,50,0.009375,Schneider-Mizell2024,schneider-mizell_cell-type_2024
112,L3,L4,DTC,L4b,760,50,0.03289473684210526,Schneider-Mizell2024,schneider-mizell_cell-type_2024
113,L3,L4,DTC,L4c,405,50,0.056790123456790124,Schneider-Mizell2024,schneider-mizell_cell-type_2024
114,L3,L4,DTC,PTC,70,50,0.15714285714285714,Schneider-Mizell2024,schneider-mizell_cell-type_2024
115,L3,L4,ITC,DTC,99,50,0.6060606060606061,Schneider-Mizell2024,schneider-mizell_cell-type_2024
116,L3,L4,ITC,ITC,132,50,0.17424242424242425,Schneider-Mizell2024,schneider-mizell_cell-type_2024
117,L3,L4,ITC,L4a,704,50,0.01278409090909091,Schneider-Mizell2024,schneider-mizell_cell-type_2024
118,L3,L4,ITC,L4b,1672,50,0.01076555023923445,Schneider-Mizell2024,schneider-mizell_cell-type_2024
119,L3,L4,ITC,L4c,891,50,0.015712682379349047,Schneider-Mizell2024,schneider-mizell_cell-type_2024
120,L3,L4,ITC,PTC,154,50,0.23376623376623376,Schneider-Mizell2024,schneider-mizell_cell-type_2024
121,L3,L4,ITC,STC,11,50,0.2727272727272727,Schneider-Mizell2024,schneider-mizell_cell-type_2024
122,L3,L4,PTC,DTC,108,50,0.3611111111111111,Schneider-Mizell2024,schneider-mizell_cell-type_2024
123,L3,L4,PTC,ITC,144,50,0.05555555555555555,Schneider-Mizell2024,schneider-mizell_cell-type_2024
124,L3,L4,PTC,L4a,768,50,0.09765625,Schneider-Mizell2024,schneider-mizell_cell-type_2024
125,L3,L4,PTC,L4b,1824,50,0.1337719298245614,Schneider-Mizell2024,schneider-mizell_cell-type_2024
126,L3,L4,PTC,L4c,972,50,0.050411522633744855,Schneider-Mizell2024,schneider-mizell_cell-type_2024
127,L3,L4,PTC,PTC,168,50,0.3333333333333333,Schneider-Mizell2024,schneider-mizell_cell-type_2024
128,L3,L4,STC,DTC,45,50,0.17777777777777778,Schneider-Mizell2024,schneider-mizell_cell-type_2024
129,L3,L4,STC,ITC,60,50,0.05,Schneider-Mizell2024,schneider-mizell_cell-type_2024
130,L3,L4,STC,L4a,320,50,0.13125,Schneider-Mizell2024,schneider-mizell_cell-type_2024
131,L3,L4,STC,L4b,760,50,0.06578947368421052,Schneider-Mizell2024,schneider-mizell_cell-type_2024
132,L3,L4,STC,L4c,405,50,0.10864197530864197,Schneider-Mizell2024,schneider-mizell_cell-type_2024
133,L3,L4,STC,PTC,70,50,0.14285714285714285,Schneider-Mizell2024,schneider-mizell_cell-type_2024
134,L3,L5,DTC,DTC,105,50,0.047619047619047616,Schneider-Mizell2024,schneider-mizell_cell-type_2024
135,L3,L5,DTC,ITC,15,50,0.06666666666666667,Schneider-Mizell2024,schneider-mizell_cell-type_2024
136,L3,L5,DTC,L5ET,190,50,0.34210526315789475,Schneider-Mizell2024,schneider-mizell_cell-type_2024
137,L3,L5,DTC,L5NP,50,50,0.16,Schneider-Mizell2024,schneider-mizell_cell-type_2024
138,L3,L5,DTC,L5a,150,50,0.13333333333333333,Schneider-Mizell2024,schneider-mizell_cell-type_2024
139,L3,L5,DTC,L5b,220,50,0.08181818181818182,Schneider-Mizell2024,schneider-mizell_cell-type_2024
140,L3,L5,DTC,PTC,100,50,0.03,Schneider-Mizell2024,schneider-mizell_cell-type_2024
141,L3,L5,ITC,DTC,231,50,0.22510822510822512,Schneider-Mizell2024,schneider-mizell_cell-type_2024
142,L3,L5,ITC,ITC,33,50,0.15151515151515152,Schneider-Mizell2024,schneider-mizell_cell-type_2024
143,L3,L5,ITC,L5ET,418,50,0.04066985645933014,Schneider-Mizell2024,schneider-mizell_cell-type_2024
144,L3,L5,ITC,L5a,330,50,0.012121212121212121,Schneider-Mizell2024,schneider-mizell_cell-type_2024
145,L3,L5,ITC,L5b,484,50,0.014462809917355372,Schneider-Mizell2024,schneider-mizell_cell-type_2024
146,L3,L5,ITC,PTC,220,50,0.10454545454545454,Schneider-Mizell2024,schneider-mizell_cell-type_2024
147,L3,L5,PTC,DTC,252,50,0.03571428571428571,Schneider-Mizell2024,schneider-mizell_cell-type_2024
148,L3,L5,PTC,ITC,36,50,0.05555555555555555,Schneider-Mizell2024,schneider-mizell_cell-type_2024
149,L3,L5,PTC,L5ET,456,50,0.3048245614035088,Schneider-Mizell2024,schneider-mizell_cell-type_2024
150,L3,L5,PTC,L5NP,120,50,0.016666666666666666,Schneider-Mizell2024,schneider-mizell_cell-type_2024
151,L3,L5,PTC,L5a,360,50,0.12777777777777777,Schneider-Mizell2024,schneider-mizell_cell-type_2024
152,L3,L5,PTC,L5b,528,50,0.13068181818181818,Schneider-Mizell2024,schneider-mizell_cell-type_2024
153,L3,L5,PTC,PTC,240,50,0.09583333333333334,Schneider-Mizell2024,schneider-mizell_cell-type_2024
154,L3,L5,STC,DTC,105,50,0.05714285714285714,Schneider-Mizell2024,schneider-mizell_cell-type_2024
155,L3,L5,STC,ITC,15,50,0.06666666666666667,Schneider-Mizell2024,schneider-mizell_cell-type_2024
156,L3,L5,STC,L5ET,190,50,0.2894736842105263,Schneider-Mizell2024,schneider-mizell_cell-type_2024
157,L3,L5,STC,L5NP,50,50,0.02,Schneider-Mizell2024,schneider-mizell_cell-type_2024
158,L3,L5,STC,L5a,150,50,0.05333333333333334,Schneider-Mizell2024,schneider-mizell_cell-type_2024
159,L3,L5,STC,L5b,220,50,0.11363636363636363,Schneider-Mizell2024,schneider-mizell_cell-type_2024
160,L3,L5,STC,PTC,100,50,0.08,Schneider-Mizell2024,schneider-mizell_cell-type_2024
161,L3,L6,DTC,DTC,75,50,0.013333333333333334,Schneider-Mizell2024,schneider-mizell_cell-type_2024
162,L3,L6,DTC,L6short-a,345,50,0.017391304347826087,Schneider-Mizell2024,schneider-mizell_cell-type_2024
163,L3,L6,DTC,L6short-b,275,50,0.03272727272727273,Schneider-Mizell2024,schneider-mizell_cell-type_2024
164,L3,L6,DTC,L6tall-a,405,50,0.06419753086419754,Schneider-Mizell2024,schneider-mizell_cell-type_2024
165,L3,L6,DTC,L6tall-b,310,50,0.1032258064516129,Schneider-Mizell2024,schneider-mizell_cell-type_2024
166,L3,L6,DTC,L6tall-c,525,50,0.09904761904761905,Schneider-Mizell2024,schneider-mizell_cell-type_2024
167,L3,L6,DTC,L6wm,130,50,0.06923076923076923,Schneider-Mizell2024,schneider-mizell_cell-type_2024
168,L3,L6,DTC,PTC,60,50,0.08333333333333333,Schneider-Mizell2024,schneider-mizell_cell-type_2024
169,L3,L6,DTC,STC,30,50,0.03333333333333333,Schneider-Mizell2024,schneider-mizell_cell-type_2024
170,L3,L6,ITC,DTC,165,50,0.06060606060606061,Schneider-Mizell2024,schneider-mizell_cell-type_2024
171,L3,L6,ITC,L6short-a,759,50,0.00922266139657444,Schneider-Mizell2024,schneider-mizell_cell-type_2024
172,L3,L6,ITC,L6short-b,605,50,0.008264462809917356,Schneider-Mizell2024,schneider-mizell_cell-type_2024
173,L3,L6,ITC,L6tall-a,891,50,0.019079685746352413,Schneider-Mizell2024,schneider-mizell_cell-type_2024
174,L3,L6,ITC,L6tall-b,682,50,0.02346041055718475,Schneider-Mizell2024,schneider-mizell_cell-type_2024
175,L3,L6,ITC,L6tall-c,1155,50,0.011255411255411256,Schneider-Mizell2024,schneider-mizell_cell-type_2024
176,L3,L6,ITC,PTC,132,50,0.007575757575757576,Schneider-Mizell2024,schneider-mizell_cell-type_2024
177,L3,L6,PTC,DTC,180,50,0.06111111111111111,Schneider-Mizell2024,schneider-mizell_cell-type_2024
178,L3,L6,PTC,L6short-a,828,50,0.050724637681159424,Schneider-Mizell2024,schneider-mizell_cell-type_2024
179,L3,L6,PTC,L6short-b,660,50,0.031818181818181815,Schneider-Mizell2024,schneider-mizell_cell-type_2024
180,L3,L6,PTC,L6tall-a,972,50,0.05246913580246913,Schneider-Mizell2024,schneider-mizell_cell-type_2024
181,L3,L6,PTC,L6tall-b,744,50,0.030913978494623656,Schneider-Mizell2024,schneider-mizell_cell-type_2024
182,L3,L6,PTC,L6tall-c,1260,50,0.027777777777777776,Schneider-Mizell2024,schneider-mizell_cell-type_2024
183,L3,L6,PTC,PTC,144,50,0.0763888888888889,Schneider-Mizell2024,schneider-mizell_cell-type_2024
184,L3,L6,PTC,STC,72,50,0.027777777777777776,Schneider-Mizell2024,schneider-mizell_cell-type_2024
185,L3,L6,STC,L6short-a,345,50,0.057971014492753624,Schneider-Mizell2024,schneider-mizell_cell-type_2024
186,L3,L6,STC,L6short-b,275,50,0.04727272727272727,Schneider-Mizell2024,schneider-mizell_cell-type_2024
187,L3,L6,STC,L6tall-a,405,50,0.07407407407407407,Schneider-Mizell2024,schneider-mizell_cell-type_2024
188,L3,L6,STC,L6tall-b,310,50,0.08064516129032258,Schneider-Mizell2024,schneider-mizell_cell-type_2024
189,L3,L6,STC,L6tall-c,525,50,0.0419047619047619,Schneider-Mizell2024,schneider-mizell_cell-type_2024
190,L3,L6,STC,L6wm,130,50,0.023076923076923078,Schneider-Mizell2024,schneider-mizell_cell-type_2024
191,L3,L6,STC,PTC,60,50,0.016666666666666666,Schneider-Mizell2024,schneider-mizell_cell-type_2024
192,L4,L1,DTC,STC,81,50,0.2222222222222222,Schneider-Mizell2024,schneider-mizell_cell-type_2024
193,L4,L1,ITC,STC,108,50,0.009259259259259259,Schneider-Mizell2024,schneider-mizell_cell-type_2024
194,L4,L1,PTC,STC,126,50,0.007936507936507936,Schneider-Mizell2024,schneider-mizell_cell-type_2024
195,L4,L2,DTC,DTC,27,50,0.1111111111111111,Schneider-Mizell2024,schneider-mizell_cell-type_2024
196,L4,L2,DTC,L2a,513,50,0.5165692007797271,Schneider-Mizell2024,schneider-mizell_cell-type_2024
197,L4,L2,DTC,L2b,594,50,0.20202020202020202,Schneider-Mizell2024,schneider-mizell_cell-type_2024
198,L4,L2,DTC,L2c,648,50,0.7283950617283951,Schneider-Mizell2024,schneider-mizell_cell-type_2024
199,L4,L2,DTC,STC,9,50,0.4444444444444444,Schneider-Mizell2024,schneider-mizell_cell-type_2024
200,L4,L2,ITC,DTC,36,50,0.05555555555555555,Schneider-Mizell2024,schneider-mizell_cell-type_2024
201,L4,L2,ITC,L2a,684,50,0.0014619883040935672,Schneider-Mizell2024,schneider-mizell_cell-type_2024
202,L4,L2,ITC,L2b,792,50,0.0025252525252525255,Schneider-Mizell2024,schneider-mizell_cell-type_2024
203,L4,L2,ITC,L2c,864,50,0.004629629629629629,Schneider-Mizell2024,schneider-mizell_cell-type_2024
204,L4,L2,PTC,DTC,42,50,0.047619047619047616,Schneider-Mizell2024,schneider-mizell_cell-type_2024
205,L4,L2,PTC,L2a,798,50,0.2568922305764411,Schneider-Mizell2024,schneider-mizell_cell-type_2024
206,L4,L2,PTC,L2b,924,50,0.11363636363636363,Schneider-Mizell2024,schneider-mizell_cell-type_2024
207,L4,L2,PTC,L2c,1008,50,0.39880952380952384,Schneider-Mizell2024,schneider-mizell_cell-type_2024
208,L4,L3,DTC,DTC,45,50,0.3111111111111111,Schneider-Mizell2024,schneider-mizell_cell-type_2024
209,L4,L3,DTC,ITC,99,50,0.45454545454545453,Schneider-Mizell2024,schneider-mizell_cell-type_2024
210,L4,L3,DTC,L3a,666,50,0.9054054054054054,Schneider-Mizell2024,schneider-mizell_cell-type_2024
211,L4,L3,DTC,L3b,864,50,0.7951388888888888,Schneider-Mizell2024,schneider-mizell_cell-type_2024
212,L4,L3,DTC,PTC,108,50,0.7592592592592593,Schneider-Mizell2024,schneider-mizell_cell-type_2024
213,L4,L3,DTC,STC,45,50,0.5111111111111111,Schneider-Mizell2024,schneider-mizell_cell-type_2024
214,L4,L3,ITC,DTC,60,50,0.11666666666666667,Schneider-Mizell2024,schneider-mizell_cell-type_2024
215,L4,L3,ITC,ITC,132,50,0.15151515151515152,Schneider-Mizell2024,schneider-mizell_cell-type_2024
216,L4,L3,ITC,L3a,888,50,0.007882882882882882,Schneider-Mizell2024,schneider-mizell_cell-type_2024
217,L4,L3,ITC,L3b,1152,50,0.0078125,Schneider-Mizell2024,schneider-mizell_cell-type_2024
218,L4,L3,ITC,PTC,144,50,0.1597222222222222,Schneider-Mizell2024,schneider-mizell_cell-type_2024
219,L4,L3,ITC,STC,60,50,0.06666666666666667,Schneider-Mizell2024,schneider-mizell_cell-type_2024
220,L4,L3,PTC,DTC,70,50,0.07142857142857142,Schneider-Mizell2024,schneider-mizell_cell-type_2024
221,L4,L3,PTC,ITC,154,50,0.23376623376623376,Schneider-Mizell2024,schneider-mizell_cell-type_2024
222,L4,L3,PTC,L3a,1036,50,0.609073359073359,Schneider-Mizell2024,schneider-mizell_cell-type_2024
223,L4,L3,PTC,L3b,1344,50,0.578125,Schneider-Mizell2024,schneider-mizell_cell-type_2024
224,L4,L3,PTC,PTC,168,50,0.5476190476190477,Schneider-Mizell2024,schneider-mizell_cell-type_2024
225,L4,L3,PTC,STC,70,50,0.1,Schneider-Mizell2024,schneider-mizell_cell-type_2024
226,L4,L3,STC,ITC,11,50,0.2727272727272727,Schneider-Mizell2024,schneider-mizell_cell-type_2024
227,L4,L3,STC,L3a,74,50,0.02702702702702703,Schneider-Mizell2024,schneider-mizell_cell-type_2024
228,L4,L3,STC,L3b,96,50,0.010416666666666666,Schneider-Mizell2024,schneider-mizell_cell-type_2024
229,L4,L4,DTC,DTC,72,50,0.4722222222222222,Schneider-Mizell2024,schneider-mizell_cell-type_2024
230,L4,L4,DTC,ITC,108,50,0.2222222222222222,Schneider-Mizell2024,schneider-mizell_cell-type_2024
231,L4,L4,DTC,L4a,576,50,0.5642361111111112,Schneider-Mizell2024,schneider-mizell_cell-type_2024
232,L4,L4,DTC,L4b,1368,50,0.5021929824561403,Schneider-Mizell2024,schneider-mizell_cell-type_2024
233,L4,L4,DTC,L4c,729,50,0.41838134430727025,Schneider-Mizell2024,schneider-mizell_cell-type_2024
234,L4,L4,DTC,PTC,126,50,0.5634920634920635,Schneider-Mizell2024,schneider-mizell_cell-type_2024
235,L4,L4,DTC,STC,9,50,0.3333333333333333,Schneider-Mizell2024,schneider-mizell_cell-type_2024
236,L4,L4,ITC,DTC,108,50,0.49074074074074076,Schneider-Mizell2024,schneider-mizell_cell-type_2024
237,L4,L4,ITC,ITC,132,50,0.1893939393939394,Schneider-Mizell2024,schneider-mizell_cell-type_2024
238,L4,L4,ITC,L4a,768,50,0.0078125,Schneider-Mizell2024,schneider-mizell_cell-type_2024
239,L4,L4,ITC,L4b,1824,50,0.009868421052631578,Schneider-Mizell2024,schneider-mizell_cell-type_2024
240,L4,L4,ITC,L4c,972,50,0.021604938271604937,Schneider-Mizell2024,schneider-mizell_cell-type_2024
241,L4,L4,ITC,PTC,168,50,0.35119047619047616,Schneider-Mizell2024,schneider-mizell_cell-type_2024
242,L4,L4,ITC,STC,12,50,0.16666666666666666,Schneider-Mizell2024,schneider-mizell_cell-type_2024
243,L4,L4,PTC,DTC,126,50,0.49206349206349204,Schneider-Mizell2024,schneider-mizell_cell-type_2024
244,L4,L4,PTC,ITC,168,50,0.13095238095238096,Schneider-Mizell2024,schneider-mizell_cell-type_2024
245,L4,L4,PTC,L4a,896,50,0.45200892857142855,Schneider-Mizell2024,schneider-mizell_cell-type_2024
246,L4,L4,PTC,L4b,2128,50,0.362312030075188,Schneider-Mizell2024,schneider-mizell_cell-type_2024
247,L4,L4,PTC,L4c,1134,50,0.3306878306878307,Schneider-Mizell2024,schneider-mizell_cell-type_2024
248,L4,L4,PTC,PTC,182,50,0.5769230769230769,Schneider-Mizell2024,schneider-mizell_cell-type_2024
249,L4,L4,STC,ITC,12,50,0.16666666666666666,Schneider-Mizell2024,schneider-mizell_cell-type_2024
250,L4,L4,STC,L4a,64,50,0.09375,Schneider-Mizell2024,schneider-mizell_cell-type_2024
251,L4,L4,STC,L4b,152,50,0.03289473684210526,Schneider-Mizell2024,schneider-mizell_cell-type_2024
252,L4,L4,STC,L4c,81,50,0.18518518518518517,Schneider-Mizell2024,schneider-mizell_cell-type_2024
253,L4,L4,STC,PTC,14,50,0.2857142857142857,Schneider-Mizell2024,schneider-mizell_cell-type_2024
254,L4,L5,DTC,DTC,189,50,0.042328042328042326,Schneider-Mizell2024,schneider-mizell_cell-type_2024
255,L4,L5,DTC,ITC,27,50,0.1111111111111111,Schneider-Mizell2024,schneider-mizell_cell-type_2024
256,L4,L5,DTC,L5ET,342,50,0.34502923976608185,Schneider-Mizell2024,schneider-mizell_cell-type_2024
257,L4,L5,DTC,L5NP,90,50,0.08888888888888889,Schneider-Mizell2024,schneider-mizell_cell-type_2024
258,L4,L5,DTC,L5a,270,50,0.23703703703703705,Schneider-Mizell2024,schneider-mizell_cell-type_2024
259,L4,L5,DTC,L5b,396,50,0.14898989898989898,Schneider-Mizell2024,schneider-mizell_cell-type_2024
260,L4,L5,DTC,PTC,180,50,0.16111111111111112,Schneider-Mizell2024,schneider-mizell_cell-type_2024
261,L4,L5,ITC,DTC,252,50,0.24603174603174602,Schneider-Mizell2024,schneider-mizell_cell-type_2024
262,L4,L5,ITC,ITC,36,50,0.25,Schneider-Mizell2024,schneider-mizell_cell-type_2024
263,L4,L5,ITC,L5ET,456,50,0.03508771929824561,Schneider-Mizell2024,schneider-mizell_cell-type_2024
264,L4,L5,ITC,L5NP,120,50,0.016666666666666666,Schneider-Mizell2024,schneider-mizell_cell-type_2024
265,L4,L5,ITC,L5a,360,50,0.019444444444444445,Schneider-Mizell2024,schneider-mizell_cell-type_2024
266,L4,L5,ITC,L5b,528,50,0.03409090909090909,Schneider-Mizell2024,schneider-mizell_cell-type_2024
267,L4,L5,ITC,PTC,240,50,0.2375,Schneider-Mizell2024,schneider-mizell_cell-type_2024
268,L4,L5,PTC,DTC,294,50,0.0782312925170068,Schneider-Mizell2024,schneider-mizell_cell-type_2024
269,L4,L5,PTC,ITC,42,50,0.09523809523809523,Schneider-Mizell2024,schneider-mizell_cell-type_2024
270,L4,L5,PTC,L5ET,532,50,0.3026315789473684,Schneider-Mizell2024,schneider-mizell_cell-type_2024
271,L4,L5,PTC,L5NP,140,50,0.02142857142857143,Schneider-Mizell2024,schneider-mizell_cell-type_2024
272,L4,L5,PTC,L5a,420,50,0.18095238095238095,Schneider-Mizell2024,schneider-mizell_cell-type_2024
273,L4,L5,PTC,L5b,616,50,0.23214285714285715,Schneider-Mizell2024,schneider-mizell_cell-type_2024
274,L4,L5,PTC,PTC,280,50,0.2357142857142857,Schneider-Mizell2024,schneider-mizell_cell-type_2024
275,L4,L5,STC,DTC,21,50,0.047619047619047616,Schneider-Mizell2024,schneider-mizell_cell-type_2024
276,L4,L5,STC,ITC,3,50,0.3333333333333333,Schneider-Mizell2024,schneider-mizell_cell-type_2024
277,L4,L5,STC,L5ET,38,50,0.13157894736842105,Schneider-Mizell2024,schneider-mizell_cell-type_2024
278,L4,L5,STC,L5a,30,50,0.13333333333333333,Schneider-Mizell2024,schneider-mizell_cell-type_2024
279,L4,L5,STC,L5b,44,50,0.06818181818181818,Schneider-Mizell2024,schneider-mizell_cell-type_2024
280,L4,L5,STC,PTC,20,50,0.4,Schneider-Mizell2024,schneider-mizell_cell-type_2024
281,L4,L6,DTC,L6short-a,621,50,0.05636070853462158,Schneider-Mizell2024,schneider-mizell_cell-type_2024
282,L4,L6,DTC,L6short-b,495,50,0.020202020202020204,Schneider-Mizell2024,schneider-mizell_cell-type_2024
283,L4,L6,DTC,L6tall-a,729,50,0.038408779149519894,Schneider-Mizell2024,schneider-mizell_cell-type_2024
284,L4,L6,DTC,L6tall-b,558,50,0.02867383512544803,Schneider-Mizell2024,schneider-mizell_cell-type_2024
285,L4,L6,DTC,L6tall-c,945,50,0.039153439153439155,Schneider-Mizell2024,schneider-mizell_cell-type_2024
286,L4,L6,DTC,L6wm,234,50,0.004273504273504274,Schneider-Mizell2024,schneider-mizell_cell-type_2024
287,L4,L6,DTC,PTC,108,50,0.018518518518518517,Schneider-Mizell2024,schneider-mizell_cell-type_2024
288,L4,L6,ITC,DTC,180,50,0.07777777777777778,Schneider-Mizell2024,schneider-mizell_cell-type_2024
289,L4,L6,ITC,L6short-a,828,50,0.00966183574879227,Schneider-Mizell2024,schneider-mizell_cell-type_2024
290,L4,L6,ITC,L6short-b,660,50,0.0030303030303030303,Schneider-Mizell2024,schneider-mizell_cell-type_2024
291,L4,L6,ITC,L6tall-a,972,50,0.02880658436213992,Schneider-Mizell2024,schneider-mizell_cell-type_2024
292,L4,L6,ITC,L6tall-b,744,50,0.024193548387096774,Schneider-Mizell2024,schneider-mizell_cell-type_2024
293,L4,L6,ITC,L6tall-c,1260,50,0.009523809523809525,Schneider-Mizell2024,schneider-mizell_cell-type_2024
294,L4,L6,ITC,PTC,144,50,0.09027777777777778,Schneider-Mizell2024,schneider-mizell_cell-type_2024
295,L4,L6,PTC,DTC,210,50,0.023809523809523808,Schneider-Mizell2024,schneider-mizell_cell-type_2024
296,L4,L6,PTC,L6short-a,966,50,0.062111801242236024,Schneider-Mizell2024,schneider-mizell_cell-type_2024
297,L4,L6,PTC,L6short-b,770,50,0.007792207792207792,Schneider-Mizell2024,schneider-mizell_cell-type_2024
298,L4,L6,PTC,L6tall-a,1134,50,0.03262786596119929,Schneider-Mizell2024,schneider-mizell_cell-type_2024
299,L4,L6,PTC,L6tall-b,868,50,0.020737327188940093,Schneider-Mizell2024,schneider-mizell_cell-type_2024
300,L4,L6,PTC,L6tall-c,1470,50,0.015646258503401362,Schneider-Mizell2024,schneider-mizell_cell-type_2024
301,L4,L6,PTC,PTC,168,50,0.07738095238095238,Schneider-Mizell2024,schneider-mizell_cell-type_2024
302,L4,L6,PTC,STC,84,50,0.011904761904761904,Schneider-Mizell2024,schneider-mizell_cell-type_2024
303,L4,L6,STC,L6short-a,69,50,0.014492753623188406,Schneider-Mizell2024,schneider-mizell_cell-type_2024
304,L4,L6,STC,L6short-b,55,50,0.01818181818181818,Schneider-Mizell2024,schneider-mizell_cell-type_2024
305,L4,L6,STC,L6tall-a,81,50,0.04938271604938271,Schneider-Mizell2024,schneider-mizell_cell-type_2024
306,L4,L6,STC,L6tall-b,62,50,0.03225806451612903,Schneider-Mizell2024,schneider-mizell_cell-type_2024
307,L4,L6,STC,L6tall-c,105,50,0.01904761904761905,Schneider-Mizell2024,schneider-mizell_cell-type_2024
308,L5,L1,DTC,STC,189,50,0.1164021164021164,Schneider-Mizell2024,schneider-mizell_cell-type_2024
309,L5,L2,DTC,DTC,63,50,0.031746031746031744,Schneider-Mizell2024,schneider-mizell_cell-type_2024
310,L5,L2,DTC,L2a,1197,50,0.26148705096073516,Schneider-Mizell2024,schneider-mizell_cell-type_2024
311,L5,L2,DTC,L2b,1386,50,0.1075036075036075,Schneider-Mizell2024,schneider-mizell_cell-type_2024
312,L5,L2,DTC,L2c,1512,50,0.2724867724867725,Schneider-Mizell2024,schneider-mizell_cell-type_2024
313,L5,L2,DTC,STC,21,50,0.23809523809523808,Schneider-Mizell2024,schneider-mizell_cell-type_2024
314,L5,L2,ITC,L2a,171,50,0.005847953216374269,Schneider-Mizell2024,schneider-mizell_cell-type_2024
315,L5,L2,ITC,L2b,198,50,0.010101010101010102,Schneider-Mizell2024,schneider-mizell_cell-type_2024
316,L5,L2,ITC,L2c,216,50,0.013888888888888888,Schneider-Mizell2024,schneider-mizell_cell-type_2024
317,L5,L2,PTC,DTC,60,50,0.016666666666666666,Schneider-Mizell2024,schneider-mizell_cell-type_2024
318,L5,L2,PTC,L2a,1140,50,0.03684210526315789,Schneider-Mizell2024,schneider-mizell_cell-type_2024
319,L5,L2,PTC,L2b,1320,50,0.02196969696969697,Schneider-Mizell2024,schneider-mizell_cell-type_2024
320,L5,L2,PTC,L2c,1440,50,0.05694444444444444,Schneider-Mizell2024,schneider-mizell_cell-type_2024
321,L5,L3,DTC,DTC,105,50,0.10476190476190476,Schneider-Mizell2024,schneider-mizell_cell-type_2024
322,L5,L3,DTC,ITC,231,50,0.2943722943722944,Schneider-Mizell2024,schneider-mizell_cell-type_2024
323,L5,L3,DTC,L3a,1554,50,0.3487773487773488,Schneider-Mizell2024,schneider-mizell_cell-type_2024
324,L5,L3,DTC,L3b,2016,50,0.3159722222222222,Schneider-Mizell2024,schneider-mizell_cell-type_2024
325,L5,L3,DTC,PTC,252,50,0.25,Schneider-Mizell2024,schneider-mizell_cell-type_2024
326,L5,L3,DTC,STC,105,50,0.1523809523809524,Schneider-Mizell2024,schneider-mizell_cell-type_2024
327,L5,L3,ITC,DTC,15,50,0.13333333333333333,Schneider-Mizell2024,schneider-mizell_cell-type_2024
328,L5,L3,ITC,ITC,33,50,0.06060606060606061,Schneider-Mizell2024,schneider-mizell_cell-type_2024
329,L5,L3,ITC,L3a,222,50,0.02702702702702703,Schneider-Mizell2024,schneider-mizell_cell-type_2024
330,L5,L3,ITC,L3b,288,50,0.003472222222222222,Schneider-Mizell2024,schneider-mizell_cell-type_2024
331,L5,L3,ITC,PTC,36,50,0.027777777777777776,Schneider-Mizell2024,schneider-mizell_cell-type_2024
332,L5,L3,ITC,STC,15,50,0.13333333333333333,Schneider-Mizell2024,schneider-mizell_cell-type_2024
333,L5,L3,PTC,DTC,100,50,0.01,Schneider-Mizell2024,schneider-mizell_cell-type_2024
334,L5,L3,PTC,ITC,220,50,0.05909090909090909,Schneider-Mizell2024,schneider-mizell_cell-type_2024
335,L5,L3,PTC,L3a,1480,50,0.11689189189189189,Schneider-Mizell2024,schneider-mizell_cell-type_2024
336,L5,L3,PTC,L3b,1920,50,0.15833333333333333,Schneider-Mizell2024,schneider-mizell_cell-type_2024
337,L5,L3,PTC,PTC,240,50,0.11666666666666667,Schneider-Mizell2024,schneider-mizell_cell-type_2024
338,L5,L3,PTC,STC,100,50,0.03,Schneider-Mizell2024,schneider-mizell_cell-type_2024
339,L5,L4,DTC,DTC,189,50,0.13756613756613756,Schneider-Mizell2024,schneider-mizell_cell-type_2024
340,L5,L4,DTC,ITC,252,50,0.2777777777777778,Schneider-Mizell2024,schneider-mizell_cell-type_2024
341,L5,L4,DTC,L4a,1344,50,0.25669642857142855,Schneider-Mizell2024,schneider-mizell_cell-type_2024
342,L5,L4,DTC,L4b,3192,50,0.2565789473684211,Schneider-Mizell2024,schneider-mizell_cell-type_2024
343,L5,L4,DTC,L4c,1701,50,0.2621987066431511,Schneider-Mizell2024,schneider-mizell_cell-type_2024
344,L5,L4,DTC,PTC,294,50,0.30612244897959184,Schneider-Mizell2024,schneider-mizell_cell-type_2024
345,L5,L4,DTC,STC,21,50,0.23809523809523808,Schneider-Mizell2024,schneider-mizell_cell-type_2024
346,L5,L4,ITC,DTC,27,50,0.1111111111111111,Schneider-Mizell2024,schneider-mizell_cell-type_2024
347,L5,L4,ITC,ITC,36,50,0.16666666666666666,Schneider-Mizell2024,schneider-mizell_cell-type_2024
348,L5,L4,ITC,L4c,243,50,0.00823045267489712,Schneider-Mizell2024,schneider-mizell_cell-type_2024
349,L5,L4,ITC,PTC,42,50,0.14285714285714285,Schneider-Mizell2024,schneider-mizell_cell-type_2024
350,L5,L4,PTC,DTC,180,50,0.19444444444444445,Schneider-Mizell2024,schneider-mizell_cell-type_2024
351,L5,L4,PTC,ITC,240,50,0.1,Schneider-Mizell2024,schneider-mizell_cell-type_2024
352,L5,L4,PTC,L4a,1280,50,0.33359375,Schneider-Mizell2024,schneider-mizell_cell-type_2024
353,L5,L4,PTC,L4b,3040,50,0.2519736842105263,Schneider-Mizell2024,schneider-mizell_cell-type_2024
354,L5,L4,PTC,L4c,1620,50,0.33641975308641975,Schneider-Mizell2024,schneider-mizell_cell-type_2024
355,L5,L4,PTC,PTC,280,50,0.35714285714285715,Schneider-Mizell2024,schneider-mizell_cell-type_2024
356,L5,L5,DTC,DTC,420,50,0.1,Schneider-Mizell2024,schneider-mizell_cell-type_2024
357,L5,L5,DTC,ITC,63,50,0.2698412698412698,Schneider-Mizell2024,schneider-mizell_cell-type_2024
358,L5,L5,DTC,L5ET,798,50,0.44360902255639095,Schneider-Mizell2024,schneider-mizell_cell-type_2024
359,L5,L5,DTC,L5NP,210,50,0.08571428571428572,Schneider-Mizell2024,schneider-mizell_cell-type_2024
360,L5,L5,DTC,L5a,630,50,0.3888888888888889,Schneider-Mizell2024,schneider-mizell_cell-type_2024
361,L5,L5,DTC,L5b,924,50,0.21212121212121213,Schneider-Mizell2024,schneider-mizell_cell-type_2024
362,L5,L5,DTC,PTC,420,50,0.25952380952380955,Schneider-Mizell2024,schneider-mizell_cell-type_2024
363,L5,L5,ITC,DTC,63,50,0.25396825396825395,Schneider-Mizell2024,schneider-mizell_cell-type_2024
364,L5,L5,ITC,L5ET,114,50,0.07894736842105263,Schneider-Mizell2024,schneider-mizell_cell-type_2024
365,L5,L5,ITC,L5a,90,50,0.03333333333333333,Schneider-Mizell2024,schneider-mizell_cell-type_2024
366,L5,L5,ITC,L5b,132,50,0.007575757575757576,Schneider-Mizell2024,schneider-mizell_cell-type_2024
367,L5,L5,ITC,PTC,60,50,0.18333333333333332,Schneider-Mizell2024,schneider-mizell_cell-type_2024
368,L5,L5,PTC,DTC,420,50,0.14285714285714285,Schneider-Mizell2024,schneider-mizell_cell-type_2024
369,L5,L5,PTC,ITC,60,50,0.16666666666666666,Schneider-Mizell2024,schneider-mizell_cell-type_2024
370,L5,L5,PTC,L5ET,760,50,0.39473684210526316,Schneider-Mizell2024,schneider-mizell_cell-type_2024
371,L5,L5,PTC,L5NP,200,50,0.06,Schneider-Mizell2024,schneider-mizell_cell-type_2024
372,L5,L5,PTC,L5a,600,50,0.3616666666666667,Schneider-Mizell2024,schneider-mizell_cell-type_2024
373,L5,L5,PTC,L5b,880,50,0.38977272727272727,Schneider-Mizell2024,schneider-mizell_cell-type_2024
374,L5,L5,PTC,PTC,380,50,0.3105263157894737,Schneider-Mizell2024,schneider-mizell_cell-type_2024
375,L5,L6,DTC,DTC,315,50,0.06984126984126984,Schneider-Mizell2024,schneider-mizell_cell-type_2024
376,L5,L6,DTC,ITC,63,50,0.015873015873015872,Schneider-Mizell2024,schneider-mizell_cell-type_2024
377,L5,L6,DTC,L6short-a,1449,50,0.14009661835748793,Schneider-Mizell2024,schneider-mizell_cell-type_2024
378,L5,L6,DTC,L6short-b,1155,50,0.05714285714285714,Schneider-Mizell2024,schneider-mizell_cell-type_2024
379,L5,L6,DTC,L6tall-a,1701,50,0.10170487948265726,Schneider-Mizell2024,schneider-mizell_cell-type_2024
380,L5,L6,DTC,L6tall-b,1302,50,0.05837173579109063,Schneider-Mizell2024,schneider-mizell_cell-type_2024
381,L5,L6,DTC,L6tall-c,2205,50,0.060770975056689346,Schneider-Mizell2024,schneider-mizell_cell-type_2024
382,L5,L6,DTC,L6wm,546,50,0.01098901098901099,Schneider-Mizell2024,schneider-mizell_cell-type_2024
383,L5,L6,DTC,PTC,252,50,0.03571428571428571,Schneider-Mizell2024,schneider-mizell_cell-type_2024
384,L5,L6,ITC,DTC,45,50,0.13333333333333333,Schneider-Mizell2024,schneider-mizell_cell-type_2024
385,L5,L6,ITC,ITC,9,50,0.1111111111111111,Schneider-Mizell2024,schneider-mizell_cell-type_2024
386,L5,L6,ITC,L6short-a,207,50,0.028985507246376812,Schneider-Mizell2024,schneider-mizell_cell-type_2024
387,L5,L6,ITC,L6short-b,165,50,0.006060606060606061,Schneider-Mizell2024,schneider-mizell_cell-type_2024
388,L5,L6,ITC,L6tall-a,243,50,0.03292181069958848,Schneider-Mizell2024,schneider-mizell_cell-type_2024
389,L5,L6,ITC,L6tall-b,186,50,0.021505376344086023,Schneider-Mizell2024,schneider-mizell_cell-type_2024
390,L5,L6,ITC,L6tall-c,315,50,0.025396825396825397,Schneider-Mizell2024,schneider-mizell_cell-type_2024
391,L5,L6,ITC,PTC,36,50,0.19444444444444445,Schneider-Mizell2024,schneider-mizell_cell-type_2024
392,L5,L6,ITC,STC,18,50,0.05555555555555555,Schneider-Mizell2024,schneider-mizell_cell-type_2024
393,L5,L6,PTC,DTC,300,50,0.02666666666666667,Schneider-Mizell2024,schneider-mizell_cell-type_2024
394,L5,L6,PTC,ITC,60,50,0.03333333333333333,Schneider-Mizell2024,schneider-mizell_cell-type_2024
395,L5,L6,PTC,L6short-a,1380,50,0.1492753623188406,Schneider-Mizell2024,schneider-mizell_cell-type_2024
396,L5,L6,PTC,L6short-b,1100,50,0.05272727272727273,Schneider-Mizell2024,schneider-mizell_cell-type_2024
397,L5,L6,PTC,L6tall-a,1620,50,0.10493827160493827,Schneider-Mizell2024,schneider-mizell_cell-type_2024
398,L5,L6,PTC,L6tall-b,1240,50,0.03870967741935484,Schneider-Mizell2024,schneider-mizell_cell-type_2024
399,L5,L6,PTC,L6tall-c,2100,50,0.01619047619047619,Schneider-Mizell2024,schneider-mizell_cell-type_2024
400,L5,L6,PTC,L6wm,520,50,0.0019230769230769232,Schneider-Mizell2024,schneider-mizell_cell-type_2024
401,L5,L6,PTC,PTC,240,50,0.12916666666666668,Schneider-Mizell2024,schneider-mizell_cell-type_2024
402,L5,L6,PTC,STC,120,50,0.008333333333333333,Schneider-Mizell2024,schneider-mizell_cell-type_2024
403,L6,L1,DTC,STC,135,50,0.007407407407407408,Schneider-Mizell2024,schneider-mizell_cell-type_2024
404,L6,L2,DTC,DTC,45,50,0.022222222222222223,Schneider-Mizell2024,schneider-mizell_cell-type_2024
405,L6,L2,DTC,L2a,855,50,0.06900584795321638,Schneider-Mizell2024,schneider-mizell_cell-type_2024
406,L6,L2,DTC,L2b,990,50,0.029292929292929294,Schneider-Mizell2024,schneider-mizell_cell-type_2024
407,L6,L2,DTC,L2c,1080,50,0.06481481481481481,Schneider-Mizell2024,schneider-mizell_cell-type_2024
408,L6,L3,DTC,DTC,75,50,0.04,Schneider-Mizell2024,schneider-mizell_cell-type_2024
409,L6,L3,DTC,ITC,165,50,0.04242424242424243,Schneider-Mizell2024,schneider-mizell_cell-type_2024
410,L6,L3,DTC,L3a,1110,50,0.08648648648648649,Schneider-Mizell2024,schneider-mizell_cell-type_2024
411,L6,L3,DTC,L3b,1440,50,0.04097222222222222,Schneider-Mizell2024,schneider-mizell_cell-type_2024
412,L6,L3,DTC,PTC,180,50,0.022222222222222223,Schneider-Mizell2024,schneider-mizell_cell-type_2024
413,L6,L3,DTC,STC,75,50,0.02666666666666667,Schneider-Mizell2024,schneider-mizell_cell-type_2024
414,L6,L3,ITC,ITC,33,50,0.030303030303030304,Schneider-Mizell2024,schneider-mizell_cell-type_2024
415,L6,L3,ITC,PTC,36,50,0.027777777777777776,Schneider-Mizell2024,schneider-mizell_cell-type_2024
416,L6,L3,PTC,ITC,132,50,0.015151515151515152,Schneider-Mizell2024,schneider-mizell_cell-type_2024
417,L6,L3,PTC,L3a,888,50,0.010135135135135136,Schneider-Mizell2024,schneider-mizell_cell-type_2024
418,L6,L3,PTC,L3b,1152,50,0.0390625,Schneider-Mizell2024,schneider-mizell_cell-type_2024
419,L6,L3,PTC,PTC,144,50,0.013888888888888888,Schneider-Mizell2024,schneider-mizell_cell-type_2024
420,L6,L3,STC,L3a,444,50,0.01126126126126126,Schneider-Mizell2024,schneider-mizell_cell-type_2024
421,L6,L3,STC,L3b,576,50,0.012152777777777778,Schneider-Mizell2024,schneider-mizell_cell-type_2024
422,L6,L3,STC,PTC,72,50,0.013888888888888888,Schneider-Mizell2024,schneider-mizell_cell-type_2024
423,L6,L4,DTC,DTC,135,50,0.014814814814814815,Schneider-Mizell2024,schneider-mizell_cell-type_2024
424,L6,L4,DTC,ITC,180,50,0.09444444444444444,Schneider-Mizell2024,schneider-mizell_cell-type_2024
425,L6,L4,DTC,L4a,960,50,0.046875,Schneider-Mizell2024,schneider-mizell_cell-type_2024
426,L6,L4,DTC,L4b,2280,50,0.021052631578947368,Schneider-Mizell2024,schneider-mizell_cell-type_2024
427,L6,L4,DTC,L4c,1215,50,0.0345679012345679,Schneider-Mizell2024,schneider-mizell_cell-type_2024
428,L6,L4,DTC,PTC,210,50,0.04285714285714286,Schneider-Mizell2024,schneider-mizell_cell-type_2024
429,L6,L4,ITC,DTC,27,50,0.07407407407407407,Schneider-Mizell2024,schneider-mizell_cell-type_2024
430,L6,L4,ITC,ITC,36,50,0.08333333333333333,Schneider-Mizell2024,schneider-mizell_cell-type_2024
431,L6,L4,ITC,L4b,456,50,0.0043859649122807015,Schneider-Mizell2024,schneider-mizell_cell-type_2024
432,L6,L4,ITC,PTC,42,50,0.2857142857142857,Schneider-Mizell2024,schneider-mizell_cell-type_2024
433,L6,L4,PTC,DTC,108,50,0.018518518518518517,Schneider-Mizell2024,schneider-mizell_cell-type_2024
434,L6,L4,PTC,ITC,144,50,0.0625,Schneider-Mizell2024,schneider-mizell_cell-type_2024
435,L6,L4,PTC,L4a,768,50,0.06510416666666667,Schneider-Mizell2024,schneider-mizell_cell-type_2024
436,L6,L4,PTC,L4b,1824,50,0.03234649122807018,Schneider-Mizell2024,schneider-mizell_cell-type_2024
437,L6,L4,PTC,L4c,972,50,0.04526748971193416,Schneider-Mizell2024,schneider-mizell_cell-type_2024
438,L6,L4,PTC,PTC,168,50,0.06547619047619048,Schneider-Mizell2024,schneider-mizell_cell-type_2024
439,L6,L4,STC,DTC,54,50,0.018518518518518517,Schneider-Mizell2024,schneider-mizell_cell-type_2024
440,L6,L4,STC,ITC,72,50,0.027777777777777776,Schneider-Mizell2024,schneider-mizell_cell-type_2024
441,L6,L4,STC,L4a,384,50,0.0026041666666666665,Schneider-Mizell2024,schneider-mizell_cell-type_2024
442,L6,L4,STC,L4b,912,50,0.003289473684210526,Schneider-Mizell2024,schneider-mizell_cell-type_2024
443,L6,L4,STC,PTC,84,50,0.011904761904761904,Schneider-Mizell2024,schneider-mizell_cell-type_2024
444,L6,L4,STC,STC,6,50,0.16666666666666666,Schneider-Mizell2024,schneider-mizell_cell-type_2024
445,L6,L5,DTC,DTC,315,50,0.02857142857142857,Schneider-Mizell2024,schneider-mizell_cell-type_2024
446,L6,L5,DTC,ITC,45,50,0.2,Schneider-Mizell2024,schneider-mizell_cell-type_2024
447,L6,L5,DTC,L5ET,570,50,0.1736842105263158,Schneider-Mizell2024,schneider-mizell_cell-type_2024
448,L6,L5,DTC,L5NP,150,50,0.18,Schneider-Mizell2024,schneider-mizell_cell-type_2024
449,L6,L5,DTC,L5a,450,50,0.04888888888888889,Schneider-Mizell2024,schneider-mizell_cell-type_2024
450,L6,L5,DTC,L5b,660,50,0.04090909090909091,Schneider-Mizell2024,schneider-mizell_cell-type_2024
451,L6,L5,DTC,PTC,300,50,0.07333333333333333,Schneider-Mizell2024,schneider-mizell_cell-type_2024
452,L6,L5,ITC,DTC,63,50,0.14285714285714285,Schneider-Mizell2024,schneider-mizell_cell-type_2024
453,L6,L5,ITC,L5b,132,50,0.022727272727272728,Schneider-Mizell2024,schneider-mizell_cell-type_2024
454,L6,L5,ITC,PTC,60,50,0.15,Schneider-Mizell2024,schneider-mizell_cell-type_2024
455,L6,L5,PTC,DTC,252,50,0.12301587301587301,Schneider-Mizell2024,schneider-mizell_cell-type_2024
456,L6,L5,PTC,ITC,36,50,0.08333333333333333,Schneider-Mizell2024,schneider-mizell_cell-type_2024
457,L6,L5,PTC,L5ET,456,50,0.24780701754385964,Schneider-Mizell2024,schneider-mizell_cell-type_2024
458,L6,L5,PTC,L5NP,120,50,0.05,Schneider-Mizell2024,schneider-mizell_cell-type_2024
459,L6,L5,PTC,L5a,360,50,0.07222222222222222,Schneider-Mizell2024,schneider-mizell_cell-type_2024
460,L6,L5,PTC,L5b,528,50,0.09090909090909091,Schneider-Mizell2024,schneider-mizell_cell-type_2024
461,L6,L5,PTC,PTC,240,50,0.1375,Schneider-Mizell2024,schneider-mizell_cell-type_2024
462,L6,L5,STC,DTC,126,50,0.023809523809523808,Schneider-Mizell2024,schneider-mizell_cell-type_2024
463,L6,L5,STC,ITC,18,50,0.2222222222222222,Schneider-Mizell2024,schneider-mizell_cell-type_2024
464,L6,L5,STC,L5ET,228,50,0.013157894736842105,Schneider-Mizell2024,schneider-mizell_cell-type_2024
465,L6,L5,STC,L5NP,60,50,0.18333333333333332,Schneider-Mizell2024,schneider-mizell_cell-type_2024
466,L6,L5,STC,L5b,264,50,0.003787878787878788,Schneider-Mizell2024,schneider-mizell_cell-type_2024
467,L6,L5,STC,PTC,120,50,0.06666666666666667,Schneider-Mizell2024,schneider-mizell_cell-type_2024
468,L6,L6,DTC,DTC,210,50,0.08571428571428572,Schneider-Mizell2024,schneider-mizell_cell-type_2024
469,L6,L6,DTC,ITC,45,50,0.1111111111111111,Schneider-Mizell2024,schneider-mizell_cell-type_2024
470,L6,L6,DTC,L6short-a,1035,50,0.13429951690821257,Schneider-Mizell2024,schneider-mizell_cell-type_2024
471,L6,L6,DTC,L6short-b,825,50,0.15272727272727274,Schneider-Mizell2024,schneider-mizell_cell-type_2024
472,L6,L6,DTC,L6tall-a,1215,50,0.16707818930041152,Schneider-Mizell2024,schneider-mizell_cell-type_2024
473,L6,L6,DTC,L6tall-b,930,50,0.16559139784946236,Schneider-Mizell2024,schneider-mizell_cell-type_2024
474,L6,L6,DTC,L6tall-c,1575,50,0.1796825396825397,Schneider-Mizell2024,schneider-mizell_cell-type_2024
475,L6,L6,DTC,L6wm,390,50,0.08974358974358974,Schneider-Mizell2024,schneider-mizell_cell-type_2024
476,L6,L6,DTC,PTC,180,50,0.14444444444444443,Schneider-Mizell2024,schneider-mizell_cell-type_2024
477,L6,L6,DTC,STC,90,50,0.08888888888888889,Schneider-Mizell2024,schneider-mizell_cell-type_2024
478,L6,L6,ITC,DTC,45,50,0.13333333333333333,Schneider-Mizell2024,schneider-mizell_cell-type_2024
479,L6,L6,ITC,ITC,6,50,0.16666666666666666,Schneider-Mizell2024,schneider-mizell_cell-type_2024
480,L6,L6,ITC,L6short-a,207,50,0.014492753623188406,Schneider-Mizell2024,schneider-mizell_cell-type_2024
481,L6,L6,ITC,L6short-b,165,50,0.006060606060606061,Schneider-Mizell2024,schneider-mizell_cell-type_2024
482,L6,L6,ITC,L6tall-a,243,50,0.02880658436213992,Schneider-Mizell2024,schneider-mizell_cell-type_2024
483,L6,L6,ITC,L6tall-b,186,50,0.03225806451612903,Schneider-Mizell2024,schneider-mizell_cell-type_2024
484,L6,L6,ITC,L6tall-c,315,50,0.03492063492063492,Schneider-Mizell2024,schneider-mizell_cell-type_2024
485,L6,L6,ITC,PTC,36,50,0.4166666666666667,Schneider-Mizell2024,schneider-mizell_cell-type_2024
486,L6,L6,ITC,STC,18,50,0.1111111111111111,Schneider-Mizell2024,schneider-mizell_cell-type_2024
487,L6,L6,PTC,DTC,180,50,0.12777777777777777,Schneider-Mizell2024,schneider-mizell_cell-type_2024
488,L6,L6,PTC,ITC,36,50,0.19444444444444445,Schneider-Mizell2024,schneider-mizell_cell-type_2024
489,L6,L6,PTC,L6short-a,828,50,0.3647342995169082,Schneider-Mizell2024,schneider-mizell_cell-type_2024
490,L6,L6,PTC,L6short-b,660,50,0.32575757575757575,Schneider-Mizell2024,schneider-mizell_cell-type_2024
491,L6,L6,PTC,L6tall-a,972,50,0.2962962962962963,Schneider-Mizell2024,schneider-mizell_cell-type_2024
492,L6,L6,PTC,L6tall-b,744,50,0.23655913978494625,Schneider-Mizell2024,schneider-mizell_cell-type_2024
493,L6,L6,PTC,L6tall-c,1260,50,0.1984126984126984,Schneider-Mizell2024,schneider-mizell_cell-type_2024
494,L6,L6,PTC,L6wm,312,50,0.03205128205128205,Schneider-Mizell2024,schneider-mizell_cell-type_2024
495,L6,L6,PTC,PTC,132,50,0.3787878787878788,Schneider-Mizell2024,schneider-mizell_cell-type_2024
496,L6,L6,PTC,STC,72,50,0.08333333333333333,Schneider-Mizell2024,schneider-mizell_cell-type_2024
497,L6,L6,STC,DTC,90,50,0.1111111111111111,Schneider-Mizell2024,schneider-mizell_cell-type_2024
498,L6,L6,STC,L6short-a,414,50,0.06038647342995169,Schneider-Mizell2024,schneider-mizell_cell-type_2024
499,L6,L6,STC,L6short-b,330,50,0.10606060606060606,Schneider-Mizell2024,schneider-mizell_cell-type_2024
500,L6,L6,STC,L6tall-a,486,50,0.053497942386831275,Schneider-Mizell2024,schneider-mizell_cell-type_2024
501,L6,L6,STC,L6tall-b,372,50,0.0456989247311828,Schneider-Mizell2024,schneider-mizell_cell-type_2024
502,L6,L6,STC,L6tall-c,630,50,0.05396825396825397,Schneider-Mizell2024,schneider-mizell_cell-type_2024
503,L6,L6,STC,L6wm,156,50,0.057692307692307696,Schneider-Mizell2024,schneider-mizell_cell-type_2024
504,L6,L6,STC,PTC,72,50,0.08333333333333333,Schneider-Mizell2024,schneider-mizell_cell-type_2024
505,L6,L6,STC,STC,30,50,0.06666666666666667,Schneider-Mizell2024,schneider-mizell_cell-type_2024
